-- --------------------------------------------------------
-- Servidor:                     127.0.0.1
-- Versão do servidor:           10.1.19-MariaDB - mariadb.org binary distribution
-- OS do Servidor:               Win32
-- HeidiSQL Versão:              9.5.0.5196
-- --------------------------------------------------------

/*!40101 SET @OLD_CHARACTER_SET_CLIENT=@@CHARACTER_SET_CLIENT */;
/*!40101 SET NAMES utf8 */;
/*!50503 SET NAMES utf8mb4 */;
/*!40014 SET @OLD_FOREIGN_KEY_CHECKS=@@FOREIGN_KEY_CHECKS, FOREIGN_KEY_CHECKS=0 */;
/*!40101 SET @OLD_SQL_MODE=@@SQL_MODE, SQL_MODE='NO_AUTO_VALUE_ON_ZERO' */;


-- Copiando estrutura do banco de dados para indicador
CREATE DATABASE IF NOT EXISTS `indicador` /*!40100 DEFAULT CHARACTER SET latin1 */;
USE `indicador`;

-- Copiando estrutura para tabela indicador.auth_assignment
CREATE TABLE IF NOT EXISTS `auth_assignment` (
  `item_name` varchar(64) COLLATE utf8_unicode_ci NOT NULL,
  `user_id` varchar(64) COLLATE utf8_unicode_ci NOT NULL,
  `created_at` int(11) DEFAULT NULL,
  PRIMARY KEY (`item_name`,`user_id`),
  CONSTRAINT `auth_assignment_ibfk_1` FOREIGN KEY (`item_name`) REFERENCES `auth_item` (`name`) ON DELETE CASCADE ON UPDATE CASCADE
) ENGINE=InnoDB DEFAULT CHARSET=utf8 COLLATE=utf8_unicode_ci;

-- Copiando dados para a tabela indicador.auth_assignment: ~9 rows (aproximadamente)
/*!40000 ALTER TABLE `auth_assignment` DISABLE KEYS */;
INSERT INTO `auth_assignment` (`item_name`, `user_id`, `created_at`) VALUES
	('admin', '1', 1512927094),
	('admin', '10', 1521302067),
	('admin', '9', 1521301998),
	('administrativo', '2', 1521301722),
	('administrativo', '3', 1521301785),
	('administrativo', '4', 1521301824),
	('administrativo', '5', 1521301859),
	('administrativo', '6', 1521301889),
	('administrativo', '7', 1521301919),
	('administrativo', '8', 1521301959),
	('administrativo', '9', 1521302024);
/*!40000 ALTER TABLE `auth_assignment` ENABLE KEYS */;

-- Copiando estrutura para tabela indicador.auth_item
CREATE TABLE IF NOT EXISTS `auth_item` (
  `name` varchar(64) COLLATE utf8_unicode_ci NOT NULL,
  `type` int(11) NOT NULL,
  `description` text COLLATE utf8_unicode_ci,
  `rule_name` varchar(64) COLLATE utf8_unicode_ci DEFAULT NULL,
  `data` text COLLATE utf8_unicode_ci,
  `created_at` int(11) DEFAULT NULL,
  `updated_at` int(11) DEFAULT NULL,
  PRIMARY KEY (`name`),
  KEY `rule_name` (`rule_name`),
  KEY `idx-auth_item-type` (`type`),
  CONSTRAINT `auth_item_ibfk_1` FOREIGN KEY (`rule_name`) REFERENCES `auth_rule` (`name`) ON DELETE SET NULL ON UPDATE CASCADE
) ENGINE=InnoDB DEFAULT CHARSET=utf8 COLLATE=utf8_unicode_ci;

-- Copiando dados para a tabela indicador.auth_item: ~8 rows (aproximadamente)
/*!40000 ALTER TABLE `auth_item` DISABLE KEYS */;
INSERT INTO `auth_item` (`name`, `type`, `description`, `rule_name`, `data`, `created_at`, `updated_at`) VALUES
	('admin', 1, 'Grupo Principal do Sistema', NULL, NULL, 1512849006, 1512849006),
	('administrativo', 1, 'Grupo Administrativo Empresas', NULL, NULL, 1512932645, 1512932645),
	('createCompany', 2, 'Criar novas Empresas', NULL, NULL, 1513205639, 1513205639),
	('manageCompany', 2, 'Gerenciar empresa', NULL, NULL, 1512849953, 1512849953),
	('manageGroup', 2, 'Gerenciar Grupos de Usuários', NULL, NULL, 1513203105, 1513203105),
	('managePermission', 2, 'Gerenciar Permissões', NULL, NULL, 1512860575, 1512860575),
	('manageUser', 2, 'Gerenciar Usuários', NULL, NULL, 1512849953, 1512849953),
	('padrao', 1, 'Acesso de Funcionalidades Limitadas', NULL, NULL, 1512932670, 1512932670);
/*!40000 ALTER TABLE `auth_item` ENABLE KEYS */;

-- Copiando estrutura para tabela indicador.auth_item_child
CREATE TABLE IF NOT EXISTS `auth_item_child` (
  `parent` varchar(64) COLLATE utf8_unicode_ci NOT NULL,
  `child` varchar(64) COLLATE utf8_unicode_ci NOT NULL,
  PRIMARY KEY (`parent`,`child`),
  KEY `child` (`child`),
  CONSTRAINT `auth_item_child_ibfk_1` FOREIGN KEY (`parent`) REFERENCES `auth_item` (`name`) ON DELETE CASCADE ON UPDATE CASCADE,
  CONSTRAINT `auth_item_child_ibfk_2` FOREIGN KEY (`child`) REFERENCES `auth_item` (`name`) ON DELETE CASCADE ON UPDATE CASCADE
) ENGINE=InnoDB DEFAULT CHARSET=utf8 COLLATE=utf8_unicode_ci;

-- Copiando dados para a tabela indicador.auth_item_child: ~4 rows (aproximadamente)
/*!40000 ALTER TABLE `auth_item_child` DISABLE KEYS */;
INSERT INTO `auth_item_child` (`parent`, `child`) VALUES
	('admin', 'manageCompany'),
	('admin', 'manageGroup'),
	('admin', 'managePermission'),
	('admin', 'manageUser');
/*!40000 ALTER TABLE `auth_item_child` ENABLE KEYS */;

-- Copiando estrutura para tabela indicador.auth_rule
CREATE TABLE IF NOT EXISTS `auth_rule` (
  `name` varchar(64) COLLATE utf8_unicode_ci NOT NULL,
  `data` text COLLATE utf8_unicode_ci,
  `created_at` int(11) DEFAULT NULL,
  `updated_at` int(11) DEFAULT NULL,
  PRIMARY KEY (`name`)
) ENGINE=InnoDB DEFAULT CHARSET=utf8 COLLATE=utf8_unicode_ci;

-- Copiando dados para a tabela indicador.auth_rule: ~0 rows (aproximadamente)
/*!40000 ALTER TABLE `auth_rule` DISABLE KEYS */;
/*!40000 ALTER TABLE `auth_rule` ENABLE KEYS */;

-- Copiando estrutura para tabela indicador.company
CREATE TABLE IF NOT EXISTS `company` (
  `ID` int(11) unsigned NOT NULL AUTO_INCREMENT,
  `name` varchar(155) NOT NULL COMMENT 'Nome',
  `active` char(1) NOT NULL DEFAULT 'Y' COMMENT 'Ativo',
  PRIMARY KEY (`ID`)
) ENGINE=InnoDB DEFAULT CHARSET=latin1 COMMENT='Companhias';

-- Copiando dados para a tabela indicador.company: ~0 rows (aproximadamente)
/*!40000 ALTER TABLE `company` DISABLE KEYS */;
INSERT INTO `company` (`ID`, `name`, `active`) VALUES
	(0, 'NEXTEER', 'Y');
/*!40000 ALTER TABLE `company` ENABLE KEYS */;

-- Copiando estrutura para tabela indicador.conf_email
CREATE TABLE IF NOT EXISTS `conf_email` (
  `ID` int(11) unsigned NOT NULL AUTO_INCREMENT,
  `id_company` int(11) unsigned NOT NULL COMMENT 'Companhia',
  `id_user` int(11) unsigned DEFAULT NULL,
  `from_name` varchar(100) DEFAULT NULL COMMENT 'Nome Remetente',
  `host_smtp` varchar(255) NOT NULL COMMENT 'Host SMTP',
  `port` int(11) unsigned DEFAULT NULL COMMENT 'Porta',
  `security` varchar(10) DEFAULT NULL,
  `from_email` varchar(100) DEFAULT NULL COMMENT 'E-mail de envio',
  `password` varchar(255) DEFAULT NULL COMMENT 'Senha',
  `active` char(1) NOT NULL DEFAULT 'Y' COMMENT 'Ativo',
  PRIMARY KEY (`ID`),
  KEY `fk001_confEmail_company` (`id_company`),
  KEY `conf_email_user_FK` (`id_user`),
  CONSTRAINT `conf_email_user_FK` FOREIGN KEY (`id_user`) REFERENCES `user` (`ID`),
  CONSTRAINT `fk001_confEmail_company` FOREIGN KEY (`id_company`) REFERENCES `company` (`ID`)
) ENGINE=InnoDB AUTO_INCREMENT=2 DEFAULT CHARSET=latin1 COMMENT='Config Email Company';

-- Copiando dados para a tabela indicador.conf_email: ~0 rows (aproximadamente)
/*!40000 ALTER TABLE `conf_email` DISABLE KEYS */;
INSERT INTO `conf_email` (`ID`, `id_company`, `id_user`, `from_name`, `host_smtp`, `port`, `security`, `from_email`, `password`, `active`) VALUES
	(1, 0, NULL, 'Indicador Nexteer', 'forwards.com', 25, '', 'indicador@nexteer.com', '', 'Y');
/*!40000 ALTER TABLE `conf_email` ENABLE KEYS */;

-- Copiando estrutura para tabela indicador.migration
CREATE TABLE IF NOT EXISTS `migration` (
  `version` varchar(180) NOT NULL,
  `apply_time` int(11) DEFAULT NULL,
  PRIMARY KEY (`version`)
) ENGINE=InnoDB DEFAULT CHARSET=utf8;

-- Copiando dados para a tabela indicador.migration: ~2 rows (aproximadamente)
/*!40000 ALTER TABLE `migration` DISABLE KEYS */;
INSERT INTO `migration` (`version`, `apply_time`) VALUES
	('m000000_000000_base', 1512842605),
	('m140506_102106_rbac_init', 1512843277);
/*!40000 ALTER TABLE `migration` ENABLE KEYS */;

-- Copiando estrutura para procedure indicador.selectDadosIndicadorMes
DELIMITER //
CREATE DEFINER=`root`@`localhost` PROCEDURE `selectDadosIndicadorMes`(IN `vIndicador` INT(11), IN `vAno` INT(11))
    NO SQL
BEGIN
select  b.nome, b.descricao , a.valor, a.meta, a.sentido from tb_dadosmes  as a 
INNER JOIN tb_indicador as b on  a.idIndicador = b.id 
WHERE a.idIndicador = vIndicador and a.ano = vAno;
END//
DELIMITER ;

-- Copiando estrutura para procedure indicador.selectIndicadorAno
DELIMITER //
CREATE DEFINER=`root`@`localhost` PROCEDURE `selectIndicadorAno`(IN `ID` INT(2), IN `vANO` VARCHAR(2018))
BEGIN 


SELECT * FROM tb_indicador WHERE departamentoID = ID and ano = vANO ORDER BY nome;

END//
DELIMITER ;

-- Copiando estrutura para procedure indicador.selectPlanoAcao
DELIMITER //
CREATE DEFINER=`root`@`localhost` PROCEDURE `selectPlanoAcao`(IN `vIdIndicador` INT(11))
    NO SQL
BEGIN
SELECT * FROM tb_plano_acao
WHERE indicador =vIdIndicador ORDER BY status,abertura asc;
END//
DELIMITER ;

-- Copiando estrutura para procedure indicador.selectTb_dadosmesAno
DELIMITER //
CREATE DEFINER=`root`@`localhost` PROCEDURE `selectTb_dadosmesAno`(
	IN `ID_Indicador` INT(11),
	IN `vANO` VARCHAR(4)
)
BEGIN 
	
	SELECT d.id , d.idIndicador, c.departamento, i.nome , d.ano ,d.mes, d.valor, d.meta, d.sentido 
	FROM tb_dadosmes as d 
	INNER JOIN tb_indicador as i ON d.idIndicador = i.id
   INNER JOIN tb_departaments as c ON c.id = i.departamentoID
	WHERE d.idIndicador = ID_Indicador and d.ano = vANO
	ORDER BY d.mes ASC;
END//
DELIMITER ;

-- Copiando estrutura para procedure indicador.selectTb_dadosmesAnoMes
DELIMITER //
CREATE DEFINER=`root`@`localhost` PROCEDURE `selectTb_dadosmesAnoMes`(IN `id_departamento` INT(5), IN `vAno` VARCHAR(2014), IN `vMes` INT(1))
BEGIN 
	
	SELECT c.id , d.idIndicador, c.departamento, i.nome , d.ano ,d.mes, d.valor, d.meta, d.sentido 
	FROM tb_dadosmes as d 
	INNER JOIN tb_indicador as i ON d.idIndicador = i.id
   INNER JOIN tb_departaments as c ON c.id = i.departamentoID
	WHERE c.id = id_departamento and d.ano = vAno and d.mes = vMes
	ORDER BY d.mes ASC;
	
END//
DELIMITER ;

-- Copiando estrutura para procedure indicador.select_YTD
DELIMITER //
CREATE DEFINER=`root`@`localhost` PROCEDURE `select_YTD`(IN `vNome` VARCHAR(100), IN `vAno` INT(11))
    NO SQL
BEGIN
	SELECT nome,ano, ytd  FROM tb_indicador
	WHERE nome = vNome and ano<= vAno ORDER BY ano ASC LIMIT 4;
END//
DELIMITER ;

-- Copiando estrutura para tabela indicador.tb_dadosmes
CREATE TABLE IF NOT EXISTS `tb_dadosmes` (
  `id` int(11) NOT NULL AUTO_INCREMENT,
  `valor` double DEFAULT NULL COMMENT 'Valor',
  `idIndicador` int(11) DEFAULT NULL,
  `data` date DEFAULT NULL COMMENT 'Data',
  `mes` int(11) DEFAULT NULL COMMENT 'Mês',
  `meta` double DEFAULT NULL COMMENT 'Meta',
  `sentido` int(11) NOT NULL COMMENT 'Sentido',
  `ano` varchar(4) NOT NULL COMMENT 'Ano',
  `criadoPor` int(11) unsigned DEFAULT NULL COMMENT 'Criado por',
  `dataCriacao` timestamp NULL DEFAULT CURRENT_TIMESTAMP COMMENT 'Data Criação',
  `modificadoPor` int(11) unsigned DEFAULT NULL COMMENT 'Modificado por',
  `dataModificacao` timestamp NULL DEFAULT NULL COMMENT 'Data Modificação',
  PRIMARY KEY (`id`),
  KEY `fk_dadosMes_criadoPor_userID` (`criadoPor`),
  KEY `fk_dadosMes_criadoPor_modificadoPor` (`modificadoPor`),
  KEY `idIndicador` (`idIndicador`),
  CONSTRAINT `fk_dadosMes_criadoPor_modificadoPor` FOREIGN KEY (`modificadoPor`) REFERENCES `user` (`ID`),
  CONSTRAINT `fk_dadosMes_criadoPor_userID` FOREIGN KEY (`criadoPor`) REFERENCES `user` (`ID`),
  CONSTRAINT `fk_dadosMes_idIndicador_ID` FOREIGN KEY (`idIndicador`) REFERENCES `tb_indicador` (`id`)
) ENGINE=InnoDB AUTO_INCREMENT=4943 DEFAULT CHARSET=latin1;

-- Copiando dados para a tabela indicador.tb_dadosmes: ~2.584 rows (aproximadamente)
/*!40000 ALTER TABLE `tb_dadosmes` DISABLE KEYS */;
INSERT INTO `tb_dadosmes` (`id`, `valor`, `idIndicador`, `data`, `mes`, `meta`, `sentido`, `ano`, `criadoPor`, `dataCriacao`, `modificadoPor`, `dataModificacao`) VALUES
	(2359, 4.76, 4, '2018-03-14', 1, 9, 0, '2015', 1, '2018-03-15 13:49:20', NULL, NULL),
	(2360, 12, 4, '2018-03-14', 2, 9, 0, '2015', 1, '2018-03-15 13:49:20', NULL, NULL),
	(2361, 14.8, 4, '2018-03-14', 3, 9, 0, '2015', 1, '2018-03-15 13:49:20', NULL, NULL),
	(2362, 16.58, 4, '2018-03-14', 4, 9, 0, '2015', 1, '2018-03-15 13:49:20', NULL, NULL),
	(2363, 11.91, 4, '2018-03-14', 5, 9, 0, '2015', 1, '2018-03-15 13:49:20', NULL, NULL),
	(2364, 15.76, 4, '2018-03-14', 6, 9, 0, '2015', 1, '2018-03-15 13:49:20', NULL, NULL),
	(2365, 13.59, 4, '2018-03-14', 7, 9, 0, '2015', 1, '2018-03-15 13:49:20', NULL, NULL),
	(2366, 15.15, 4, '2018-03-14', 8, 9, 0, '2015', 1, '2018-03-15 13:49:20', NULL, NULL),
	(2367, 8.96, 4, '2018-03-14', 9, 9, 0, '2015', 1, '2018-03-15 13:49:20', NULL, NULL),
	(2368, 11.61, 4, '2018-03-14', 10, 9, 0, '2015', 1, '2018-03-15 13:49:20', NULL, NULL),
	(2369, 15.63, 4, '2018-03-14', 11, 9, 0, '2015', 1, '2018-03-15 13:49:20', NULL, NULL),
	(2370, 7.39, 4, '2018-03-14', 12, 9, 0, '2015', 1, '2018-03-15 13:49:20', NULL, NULL),
	(2371, 0.85, 5, '2018-03-14', 1, 1.6, 1, '2015', 1, '2018-03-15 13:49:20', NULL, NULL),
	(2372, 1.52, 5, '2018-03-14', 2, 1.6, 1, '2015', 1, '2018-03-15 13:49:20', NULL, NULL),
	(2373, 0.92, 5, '2018-03-14', 3, 1.6, 1, '2015', 1, '2018-03-15 13:49:20', NULL, NULL),
	(2374, 0.87, 5, '2018-03-14', 4, 1.6, 1, '2015', 1, '2018-03-15 13:49:20', NULL, NULL),
	(2375, 1.16, 5, '2018-03-14', 5, 1.6, 1, '2015', 1, '2018-03-15 13:49:20', NULL, NULL),
	(2376, 0.14, 5, '2018-03-14', 6, 1.6, 1, '2015', 1, '2018-03-15 13:49:20', NULL, NULL),
	(2377, 0.41, 5, '2018-03-14', 7, 1.6, 1, '2015', 1, '2018-03-15 13:49:20', NULL, NULL),
	(2378, 0.99, 5, '2018-03-14', 8, 1.6, 1, '2015', 1, '2018-03-15 13:49:20', NULL, NULL),
	(2379, 0.38, 5, '2018-03-14', 9, 1.6, 1, '2015', 1, '2018-03-15 13:49:20', NULL, NULL),
	(2380, 0.3, 5, '2018-03-14', 10, 1.6, 1, '2015', 1, '2018-03-15 13:49:20', NULL, NULL),
	(2381, 0.3, 5, '2018-03-14', 11, 1.6, 1, '2015', 1, '2018-03-15 13:49:20', NULL, NULL),
	(2382, 0.93, 5, '2018-03-14', 12, 1.6, 1, '2015', 1, '2018-03-15 13:49:20', NULL, NULL),
	(2383, 0.7, 6, '2018-03-14', 1, 1.5, 1, '2015', 1, '2018-03-15 13:49:20', NULL, NULL),
	(2384, 0.62, 6, '2018-03-14', 2, 1.5, 1, '2015', 1, '2018-03-15 13:49:20', NULL, NULL),
	(2385, 0, 6, '2018-03-14', 3, 1.5, 1, '2015', 1, '2018-03-15 13:49:20', NULL, NULL),
	(2386, 1.37, 6, '2018-03-14', 4, 1.5, 1, '2015', 1, '2018-03-15 13:49:20', NULL, NULL),
	(2387, 0.68, 6, '2018-03-14', 5, 1.5, 1, '2015', 1, '2018-03-15 13:49:20', NULL, NULL),
	(2388, 0.66, 6, '2018-03-14', 6, 1.5, 1, '2015', 1, '2018-03-15 13:49:20', NULL, NULL),
	(2389, 0, 6, '2018-03-14', 7, 1.5, 1, '2015', 1, '2018-03-15 13:49:20', NULL, NULL),
	(2390, 0, 6, '2018-03-14', 8, 1.5, 1, '2015', 1, '2018-03-15 13:49:20', NULL, NULL),
	(2391, 0, 6, '2018-03-14', 9, 1.5, 1, '2015', 1, '2018-03-15 13:49:20', NULL, NULL),
	(2392, 0, 6, '2018-03-14', 10, 1.5, 1, '2015', 1, '2018-03-15 13:49:20', NULL, NULL),
	(2393, 0, 6, '2018-03-14', 11, 1.5, 1, '2015', 1, '2018-03-15 13:49:20', NULL, NULL),
	(2394, 0, 6, '2018-03-14', 12, 1.5, 1, '2015', 1, '2018-03-15 13:49:20', NULL, NULL),
	(2395, 1.66, 7, '2018-03-14', 1, 2.5, 1, '2015', 1, '2018-03-15 13:49:20', NULL, NULL),
	(2396, 2.7, 7, '2018-03-14', 2, 2.5, 1, '2015', 1, '2018-03-15 13:49:20', NULL, NULL),
	(2397, 3.24, 7, '2018-03-14', 3, 2.5, 1, '2015', 1, '2018-03-15 13:49:20', NULL, NULL),
	(2398, 4.12, 7, '2018-03-14', 4, 2.5, 1, '2015', 1, '2018-03-15 13:49:20', NULL, NULL),
	(2399, 1.63, 7, '2018-03-14', 5, 2.5, 1, '2015', 1, '2018-03-15 13:49:20', NULL, NULL),
	(2400, 2.15, 7, '2018-03-14', 6, 2.5, 1, '2015', 1, '2018-03-15 13:49:20', NULL, NULL),
	(2401, 2.27, 7, '2018-03-14', 7, 2.5, 1, '2015', 1, '2018-03-15 13:49:20', NULL, NULL),
	(2402, 1.92, 7, '2018-03-14', 8, 2.5, 1, '2015', 1, '2018-03-15 13:49:20', NULL, NULL),
	(2403, 1.29, 7, '2018-03-14', 9, 2.5, 1, '2015', 1, '2018-03-15 13:49:20', NULL, NULL),
	(2404, 0.96, 7, '2018-03-14', 10, 2.5, 1, '2015', 1, '2018-03-15 13:49:20', NULL, NULL),
	(2405, 1.91, 7, '2018-03-14', 11, 2.5, 1, '2015', 1, '2018-03-15 13:49:20', NULL, NULL),
	(2406, 0.51, 7, '2018-03-14', 12, 2.5, 1, '2015', 1, '2018-03-15 13:49:20', NULL, NULL),
	(2407, 5.11, 8, '2018-03-14', 1, 5, 1, '2015', 1, '2018-03-15 13:49:20', NULL, NULL),
	(2408, 3.44, 8, '2018-03-14', 2, 5, 1, '2015', 1, '2018-03-15 13:49:20', NULL, NULL),
	(2409, 1.51, 8, '2018-03-14', 3, 5, 1, '2015', 1, '2018-03-15 13:49:20', NULL, NULL),
	(2410, 1.78, 8, '2018-03-14', 4, 5, 1, '2015', 1, '2018-03-15 13:49:20', NULL, NULL),
	(2411, 1.03, 8, '2018-03-14', 5, 5, 1, '2015', 1, '2018-03-15 13:49:20', NULL, NULL),
	(2412, 0.81, 8, '2018-03-14', 6, 5, 1, '2015', 1, '2018-03-15 13:49:20', NULL, NULL),
	(2413, 1.49, 8, '2018-03-14', 7, 5, 1, '2015', 1, '2018-03-15 13:49:20', NULL, NULL),
	(2414, 5.2, 8, '2018-03-14', 8, 5, 1, '2015', 1, '2018-03-15 13:49:20', NULL, NULL),
	(2415, 3.98, 8, '2018-03-14', 9, 5, 1, '2015', 1, '2018-03-15 13:49:20', NULL, NULL),
	(2416, 2.74, 8, '2018-03-14', 10, 5, 1, '2015', 1, '2018-03-15 13:49:20', NULL, NULL),
	(2417, 8.31, 8, '2018-03-14', 11, 5, 1, '2015', 1, '2018-03-15 13:49:20', NULL, NULL),
	(2418, 5.68, 8, '2018-03-14', 12, 5, 1, '2015', 1, '2018-03-15 13:49:20', NULL, NULL),
	(2419, 0.62, 9, '2018-03-14', 1, 9, 0, '2016', 1, '2018-03-15 13:49:20', NULL, NULL),
	(2420, 3.79, 9, '2018-03-14', 2, 9, 0, '2016', 1, '2018-03-15 13:49:20', NULL, NULL),
	(2421, 5.22, 9, '2018-03-14', 3, 9, 0, '2016', 1, '2018-03-15 13:49:21', NULL, NULL),
	(2422, 7.35, 9, '2018-03-14', 4, 9, 0, '2016', 1, '2018-03-15 13:49:21', NULL, NULL),
	(2423, 8.65, 9, '2018-03-14', 5, 9, 0, '2016', 1, '2018-03-15 13:49:21', NULL, NULL),
	(2424, 7.51, 9, '2018-03-14', 6, 9, 0, '2016', 1, '2018-03-15 13:49:21', NULL, NULL),
	(2425, 9.32, 9, '2018-03-14', 7, 9, 0, '2016', 1, '2018-03-15 13:49:21', NULL, NULL),
	(2426, 10.13, 9, '2018-03-14', 8, 9, 0, '2016', 1, '2018-03-15 13:49:21', NULL, NULL),
	(2427, 11.09, 9, '2018-03-14', 9, 9, 0, '2016', 1, '2018-03-15 13:49:21', NULL, NULL),
	(2428, 15.14, 9, '2018-03-14', 10, 9, 0, '2016', 1, '2018-03-15 13:49:21', NULL, NULL),
	(2429, 13.87, 9, '2018-03-14', 11, 9, 0, '2016', 1, '2018-03-15 13:49:21', NULL, NULL),
	(2430, 12.69, 9, '2018-03-14', 12, 9, 0, '2016', 1, '2018-03-15 13:49:21', NULL, NULL),
	(2431, 0.65, 10, '2018-03-14', 1, 1.6, 1, '2016', 1, '2018-03-15 13:49:21', NULL, NULL),
	(2432, 0.75, 10, '2018-03-14', 2, 1.6, 1, '2016', 1, '2018-03-15 13:49:21', NULL, NULL),
	(2433, 0.49, 10, '2018-03-14', 3, 1.6, 1, '2016', 1, '2018-03-15 13:49:21', NULL, NULL),
	(2434, 0.97, 10, '2018-03-14', 4, 1.6, 1, '2016', 1, '2018-03-15 13:49:21', NULL, NULL),
	(2435, 1.22, 10, '2018-03-14', 5, 1.6, 1, '2016', 1, '2018-03-15 13:49:21', NULL, NULL),
	(2436, 0.82, 10, '2018-03-14', 6, 1.6, 1, '2016', 1, '2018-03-15 13:49:21', NULL, NULL),
	(2437, 0.79, 10, '2018-03-14', 7, 1.6, 1, '2016', 1, '2018-03-15 13:49:21', NULL, NULL),
	(2438, 0.62, 10, '2018-03-14', 8, 1.6, 1, '2016', 1, '2018-03-15 13:49:21', NULL, NULL),
	(2439, 0.23, 10, '2018-03-14', 9, 1.6, 1, '2016', 1, '2018-03-15 13:49:21', NULL, NULL),
	(2440, 0.87, 10, '2018-03-14', 10, 1.6, 1, '2016', 1, '2018-03-15 13:49:21', NULL, NULL),
	(2441, 0.38, 10, '2018-03-14', 11, 1.6, 1, '2016', 1, '2018-03-15 13:49:21', NULL, NULL),
	(2442, 1.04, 10, '2018-03-14', 12, 1.6, 1, '2016', 1, '2018-03-15 13:49:21', NULL, NULL),
	(2443, 0.64, 11, '2018-03-14', 1, 1.5, 1, '2016', 1, '2018-03-15 13:49:21', NULL, NULL),
	(2444, 0, 11, '2018-03-14', 2, 1.5, 1, '2016', 1, '2018-03-15 13:49:21', NULL, NULL),
	(2445, 0, 11, '2018-03-14', 3, 1.5, 1, '2016', 1, '2018-03-15 13:49:21', NULL, NULL),
	(2446, 0.61, 11, '2018-03-14', 4, 1.5, 1, '2016', 1, '2018-03-15 13:49:21', NULL, NULL),
	(2447, 0.6, 11, '2018-03-14', 5, 1.5, 1, '2016', 1, '2018-03-15 13:49:21', NULL, NULL),
	(2448, 0.6, 11, '2018-03-14', 6, 1.5, 1, '2016', 1, '2018-03-15 13:49:21', NULL, NULL),
	(2449, 0, 11, '2018-03-14', 7, 1.5, 1, '2016', 1, '2018-03-15 13:49:21', NULL, NULL),
	(2450, 1.19, 11, '2018-03-14', 8, 1.5, 1, '2016', 1, '2018-03-15 13:49:21', NULL, NULL),
	(2451, 0.47, 11, '2018-03-14', 9, 1.5, 1, '2016', 1, '2018-03-15 13:49:21', NULL, NULL),
	(2452, 0, 11, '2018-03-14', 10, 1.5, 1, '2016', 1, '2018-03-15 13:49:21', NULL, NULL),
	(2453, 1.12, 11, '2018-03-14', 11, 1.5, 1, '2016', 1, '2018-03-15 13:49:21', NULL, NULL),
	(2454, 1.13, 11, '2018-03-14', 12, 1.5, 1, '2016', 1, '2018-03-15 13:49:21', NULL, NULL),
	(2455, 1.59, 12, '2018-03-14', 1, 2.5, 1, '2016', 1, '2018-03-15 13:49:21', NULL, NULL),
	(2456, 2.52, 12, '2018-03-14', 2, 2.5, 1, '2016', 1, '2018-03-15 13:49:21', NULL, NULL),
	(2457, 1.52, 12, '2018-03-14', 3, 2.5, 1, '2016', 1, '2018-03-15 13:49:21', NULL, NULL),
	(2458, 3.35, 12, '2018-03-14', 4, 2.5, 1, '2016', 1, '2018-03-15 13:49:21', NULL, NULL),
	(2459, 2.1, 12, '2018-03-14', 5, 2.5, 1, '2016', 1, '2018-03-15 13:49:21', NULL, NULL),
	(2460, 1.8, 12, '2018-03-14', 6, 2.5, 1, '2016', 1, '2018-03-15 13:49:21', NULL, NULL),
	(2461, 0.88, 12, '2018-03-14', 7, 2.5, 1, '2016', 1, '2018-03-15 13:49:21', NULL, NULL),
	(2462, 3.27, 12, '2018-03-14', 8, 2.5, 1, '2016', 1, '2018-03-15 13:49:21', NULL, NULL),
	(2463, 2.56, 12, '2018-03-14', 9, 2.5, 1, '2016', 1, '2018-03-15 13:49:21', NULL, NULL),
	(2464, 0.57, 12, '2018-03-14', 10, 2.5, 1, '2016', 1, '2018-03-15 13:49:21', NULL, NULL),
	(2465, 3.35, 12, '2018-03-14', 11, 2.5, 1, '2016', 1, '2018-03-15 13:49:21', NULL, NULL),
	(2466, 2.26, 12, '2018-03-14', 12, 2.5, 1, '2016', 1, '2018-03-15 13:49:21', NULL, NULL),
	(2467, 3.71, 13, '2018-03-14', 1, 5, 1, '2016', 1, '2018-03-15 13:49:21', NULL, NULL),
	(2468, 5.27, 13, '2018-03-14', 2, 5, 1, '2016', 1, '2018-03-15 13:49:21', NULL, NULL),
	(2469, 2.78, 13, '2018-03-14', 3, 5, 1, '2016', 1, '2018-03-15 13:49:21', NULL, NULL),
	(2470, 3.26, 13, '2018-03-14', 4, 5, 1, '2016', 1, '2018-03-15 13:49:21', NULL, NULL),
	(2471, 2.9, 13, '2018-03-14', 5, 5, 1, '2016', 1, '2018-03-15 13:49:21', NULL, NULL),
	(2472, 1.44, 13, '2018-03-14', 6, 5, 1, '2016', 1, '2018-03-15 13:49:21', NULL, NULL),
	(2473, 2.46, 13, '2018-03-14', 7, 5, 1, '2016', 1, '2018-03-15 13:49:21', NULL, NULL),
	(2474, 2.85, 13, '2018-03-14', 8, 5, 1, '2016', 1, '2018-03-15 13:49:21', NULL, NULL),
	(2475, 4.64, 13, '2018-03-14', 9, 5, 1, '2016', 1, '2018-03-15 13:49:21', NULL, NULL),
	(2476, 3.82, 13, '2018-03-14', 10, 5, 1, '2016', 1, '2018-03-15 13:49:21', NULL, NULL),
	(2477, 2.46, 13, '2018-03-14', 11, 5, 1, '2016', 1, '2018-03-15 13:49:21', NULL, NULL),
	(2478, 5.9, 13, '2018-03-14', 12, 5, 1, '2016', 1, '2018-03-15 13:49:21', NULL, NULL),
	(2479, 0.84, 14, '2018-03-14', 2, 1, 1, '2017', 1, '2018-03-15 13:49:21', NULL, NULL),
	(2480, 1.68, 14, '2018-03-14', 3, 1, 1, '2017', 1, '2018-03-15 13:49:21', NULL, NULL),
	(2481, 1.13, 14, '2018-03-14', 4, 1, 1, '2017', 1, '2018-03-15 13:49:21', NULL, NULL),
	(2482, 1.05, 14, '2018-03-14', 5, 1, 1, '2017', 1, '2018-03-15 13:49:21', NULL, NULL),
	(2483, 0.9, 14, '2018-03-14', 6, 1, 1, '2017', 1, '2018-03-15 13:49:21', NULL, NULL),
	(2484, 0.89, 14, '2018-03-14', 7, 1, 1, '2017', 1, '2018-03-15 13:49:21', NULL, NULL),
	(2485, 1.6, 14, '2018-03-14', 8, 1, 1, '2017', 1, '2018-03-15 13:49:21', NULL, NULL),
	(2486, 0.62, 14, '2018-03-14', 9, 1, 1, '2017', 1, '2018-03-15 13:49:21', NULL, NULL),
	(2487, 1.33, 14, '2018-03-14', 10, 1, 1, '2017', 1, '2018-03-15 13:49:21', NULL, NULL),
	(2488, 1.24, 14, '2018-03-14', 11, 1, 1, '2017', 1, '2018-03-15 13:49:21', NULL, NULL),
	(2489, 1.24, 14, '2018-03-14', 12, 1, 1, '2017', 1, '2018-03-15 13:49:21', NULL, NULL),
	(2490, 0.7, 14, '2018-03-14', 1, 1, 1, '2017', 1, '2018-03-15 13:49:21', NULL, NULL),
	(2491, 4.47, 18, '2018-03-14', 2, 5, 1, '2017', 1, '2018-03-15 13:49:21', NULL, NULL),
	(2492, 4.29, 18, '2018-03-14', 3, 5, 1, '2017', 1, '2018-03-15 13:49:21', NULL, NULL),
	(2493, 6.37, 18, '2018-03-14', 4, 5, 1, '2017', 1, '2018-03-15 13:49:21', NULL, NULL),
	(2494, 7.93, 18, '2018-03-14', 5, 5, 1, '2017', 1, '2018-03-15 13:49:21', NULL, NULL),
	(2495, 9.36, 18, '2018-03-14', 6, 5, 1, '2017', 1, '2018-03-15 13:49:21', NULL, NULL),
	(2496, 10.26, 18, '2018-03-14', 7, 5, 1, '2017', 1, '2018-03-15 13:49:21', NULL, NULL),
	(2497, 7.04, 18, '2018-03-14', 8, 5, 1, '2017', 1, '2018-03-15 13:49:21', NULL, NULL),
	(2498, 9.91, 18, '2018-03-14', 9, 5, 1, '2017', 1, '2018-03-15 13:49:21', NULL, NULL),
	(2499, 3.57, 18, '2018-03-14', 10, 5, 1, '2017', 1, '2018-03-15 13:49:21', NULL, NULL),
	(2500, 4.05, 18, '2018-03-14', 11, 5, 1, '2017', 1, '2018-03-15 13:49:21', NULL, NULL),
	(2501, 3.19, 18, '2018-03-14', 12, 5, 1, '2017', 1, '2018-03-15 13:49:21', NULL, NULL),
	(2502, 0.85, 15, '2018-03-14', 1, 2, 1, '2017', 1, '2018-03-15 13:49:21', NULL, NULL),
	(2503, 1.99, 15, '2018-03-14', 2, 2, 1, '2017', 1, '2018-03-15 13:49:21', NULL, NULL),
	(2504, 3.16, 15, '2018-03-14', 3, 2, 1, '2017', 1, '2018-03-15 13:49:21', NULL, NULL),
	(2505, 6.91, 15, '2018-03-14', 4, 2, 1, '2017', 1, '2018-03-15 13:49:21', NULL, NULL),
	(2506, 5.53, 15, '2018-03-14', 5, 2, 1, '2017', 1, '2018-03-15 13:49:21', NULL, NULL),
	(2507, 1.46, 15, '2018-03-14', 6, 2, 1, '2017', 1, '2018-03-15 13:49:21', NULL, NULL),
	(2508, 2.7, 15, '2018-03-14', 7, 2, 1, '2017', 1, '2018-03-15 13:49:21', NULL, NULL),
	(2509, 0, 15, '2018-03-14', 8, 2, 1, '2017', 1, '2018-03-15 13:49:21', NULL, NULL),
	(2510, 0, 15, '2018-03-14', 9, 2, 1, '2017', 1, '2018-03-15 13:49:21', NULL, NULL),
	(2511, 0, 15, '2018-03-14', 10, 2, 1, '2017', 1, '2018-03-15 13:49:21', NULL, NULL),
	(2512, 0, 15, '2018-03-14', 11, 2, 1, '2017', 1, '2018-03-15 13:49:21', NULL, NULL),
	(2513, 0, 15, '2018-03-14', 12, 2, 1, '2017', 1, '2018-03-15 13:49:21', NULL, NULL),
	(2514, 1.66, 16, '2018-03-14', 1, 6, 0, '2017', 1, '2018-03-15 13:49:21', NULL, NULL),
	(2515, 3.65, 16, '2018-03-14', 2, 6, 0, '2017', 1, '2018-03-15 13:49:21', NULL, NULL),
	(2516, 2.95, 16, '2018-03-14', 3, 6, 0, '2017', 1, '2018-03-15 13:49:21', NULL, NULL),
	(2517, 10.18, 16, '2018-03-14', 4, 6, 0, '2017', 1, '2018-03-15 13:49:21', NULL, NULL),
	(2518, 11.91, 16, '2018-03-14', 5, 6, 0, '2017', 1, '2018-03-15 13:49:21', NULL, NULL),
	(2519, 5.08, 16, '2018-03-14', 6, 6, 0, '2017', 1, '2018-03-15 13:49:21', NULL, NULL),
	(2520, 7.65, 16, '2018-03-14', 7, 6, 0, '2017', 1, '2018-03-15 13:49:21', NULL, NULL),
	(2521, 3.28, 16, '2018-03-14', 8, 6, 0, '2017', 1, '2018-03-15 13:49:21', NULL, NULL),
	(2522, 3.36, 16, '2018-03-14', 9, 6, 0, '2017', 1, '2018-03-15 13:49:21', NULL, NULL),
	(2523, 4.52, 16, '2018-03-14', 10, 6, 0, '2017', 1, '2018-03-15 13:49:21', NULL, NULL),
	(2524, 1.88, 16, '2018-03-14', 11, 6, 0, '2017', 1, '2018-03-15 13:49:21', NULL, NULL),
	(2525, 4.16, 16, '2018-03-14', 12, 6, 0, '2017', 1, '2018-03-15 13:49:21', NULL, NULL),
	(2526, 0.57, 17, '2018-03-14', 1, 1, 1, '2017', 1, '2018-03-15 13:49:21', NULL, NULL),
	(2527, 0.57, 17, '2018-03-14', 2, 1, 1, '2017', 1, '2018-03-15 13:49:21', NULL, NULL),
	(2528, 1.15, 17, '2018-03-14', 3, 1, 1, '2017', 1, '2018-03-15 13:49:21', NULL, NULL),
	(2529, 1.06, 17, '2018-03-14', 4, 1, 1, '2017', 1, '2018-03-15 13:49:21', NULL, NULL),
	(2530, 1.01, 17, '2018-03-14', 5, 1, 1, '2017', 1, '2018-03-15 13:49:21', NULL, NULL),
	(2531, 0.49, 17, '2018-03-14', 6, 1, 1, '2017', 1, '2018-03-15 13:49:21', NULL, NULL),
	(2532, 0.49, 17, '2018-03-14', 7, 1, 1, '2017', 1, '2018-03-15 13:49:21', NULL, NULL),
	(2533, 1.49, 17, '2018-03-14', 8, 1, 1, '2017', 1, '2018-03-15 13:49:21', NULL, NULL),
	(2534, 0.48, 17, '2018-03-14', 9, 1, 1, '2017', 1, '2018-03-15 13:49:21', NULL, NULL),
	(2535, 0.4, 17, '2018-03-14', 10, 1, 1, '2017', 1, '2018-03-15 13:49:21', NULL, NULL),
	(2536, 0, 17, '2018-03-14', 11, 1, 1, '2017', 1, '2018-03-15 13:49:21', NULL, NULL),
	(2537, 0, 17, '2018-03-14', 12, 1, 1, '2017', 1, '2018-03-15 13:49:21', NULL, NULL),
	(2538, 1.78, 18, '2018-03-14', 1, 5, 0, '2017', 1, '2018-03-15 13:49:21', NULL, NULL),
	(2539, 1.5, 19, '2018-03-14', 1, 1, 1, '2018', 1, '2018-03-15 13:49:21', NULL, NULL),
	(2540, 1.23, 19, '2018-03-14', 2, 1, 1, '2018', 1, '2018-03-15 13:49:21', NULL, NULL),
	(2541, 0, 19, '2018-03-14', 3, 1, 1, '2018', 1, '2018-03-15 13:49:21', NULL, NULL),
	(2542, 0, 19, '2018-03-14', 4, 1, 1, '2018', 1, '2018-03-15 13:49:21', NULL, NULL),
	(2543, 0, 19, '2018-03-14', 5, 1, 1, '2018', 1, '2018-03-15 13:49:21', NULL, NULL),
	(2544, 0, 19, '2018-03-14', 6, 1, 1, '2018', 1, '2018-03-15 13:49:21', NULL, NULL),
	(2545, 0, 19, '2018-03-14', 7, 1, 1, '2018', 1, '2018-03-15 13:49:21', NULL, NULL),
	(2546, 0, 19, '2018-03-14', 8, 1, 1, '2018', 1, '2018-03-15 13:49:21', NULL, NULL),
	(2547, 0, 19, '2018-03-14', 9, 1, 1, '2018', 1, '2018-03-15 13:49:21', NULL, NULL),
	(2548, 0, 19, '2018-03-14', 10, 1, 1, '2018', 1, '2018-03-15 13:49:21', NULL, NULL),
	(2549, 0, 19, '2018-03-14', 11, 1, 1, '2018', 1, '2018-03-15 13:49:21', NULL, NULL),
	(2550, 0, 19, '2018-03-14', 12, 1, 1, '2018', 1, '2018-03-15 13:49:21', NULL, NULL),
	(2551, 4.27, 20, '2018-03-14', 1, 6, 0, '2018', 1, '2018-03-15 13:49:21', NULL, NULL),
	(2552, 5.08, 20, '2018-03-14', 2, 6, 0, '2018', 1, '2018-03-15 13:49:21', NULL, NULL),
	(2553, 0, 20, '2018-03-14', 3, 6, 0, '2018', 1, '2018-03-15 13:49:21', NULL, NULL),
	(2554, 0, 20, '2018-03-14', 4, 6, 0, '2018', 1, '2018-03-15 13:49:21', NULL, NULL),
	(2555, 0, 20, '2018-03-14', 5, 6, 0, '2018', 1, '2018-03-15 13:49:21', NULL, NULL),
	(2556, 0, 20, '2018-03-14', 6, 6, 0, '2018', 1, '2018-03-15 13:49:21', NULL, NULL),
	(2557, 0, 20, '2018-03-14', 7, 6, 0, '2018', 1, '2018-03-15 13:49:21', NULL, NULL),
	(2558, 0, 20, '2018-03-14', 8, 6, 0, '2018', 1, '2018-03-15 13:49:21', NULL, NULL),
	(2559, 0, 20, '2018-03-14', 9, 6, 0, '2018', 1, '2018-03-15 13:49:21', NULL, NULL),
	(2560, 0, 20, '2018-03-14', 10, 6, 0, '2018', 1, '2018-03-15 13:49:21', NULL, NULL),
	(2561, 0, 20, '2018-03-14', 11, 6, 0, '2018', 1, '2018-03-15 13:49:21', NULL, NULL),
	(2562, 0, 20, '2018-03-14', 12, 6, 0, '2018', 1, '2018-03-15 13:49:21', NULL, NULL),
	(2563, 6.09, 21, '2018-03-14', 1, 5, 1, '2018', 1, '2018-03-15 13:49:21', NULL, NULL),
	(2564, 5.57, 21, '2018-03-14', 2, 5, 1, '2018', 1, '2018-03-15 13:49:21', NULL, NULL),
	(2565, 0, 21, '2018-03-14', 3, 5, 1, '2018', 1, '2018-03-15 13:49:21', NULL, NULL),
	(2566, 0, 21, '2018-03-14', 4, 5, 1, '2018', 1, '2018-03-15 13:49:21', NULL, NULL),
	(2567, 0, 21, '2018-03-14', 5, 5, 1, '2018', 1, '2018-03-15 13:49:21', NULL, NULL),
	(2568, 0, 21, '2018-03-14', 6, 5, 1, '2018', 1, '2018-03-15 13:49:21', NULL, NULL),
	(2569, 0, 21, '2018-03-14', 7, 5, 1, '2018', 1, '2018-03-15 13:49:21', NULL, NULL),
	(2570, 0, 21, '2018-03-14', 8, 5, 1, '2018', 1, '2018-03-15 13:49:21', NULL, NULL),
	(2571, 0, 21, '2018-03-14', 9, 5, 1, '2018', 1, '2018-03-15 13:49:21', NULL, NULL),
	(2572, 0, 21, '2018-03-14', 10, 5, 1, '2018', 1, '2018-03-15 13:49:21', NULL, NULL),
	(2573, 0, 21, '2018-03-14', 11, 5, 1, '2018', 1, '2018-03-15 13:49:21', NULL, NULL),
	(2574, 0, 21, '2018-03-14', 12, 5, 1, '2018', 1, '2018-03-15 13:49:21', NULL, NULL),
	(2575, 2.37, 22, '2018-03-14', 1, 1, 1, '2018', 1, '2018-03-15 13:49:21', NULL, NULL),
	(2576, 1.1, 22, '2018-03-14', 2, 1, 1, '2018', 1, '2018-03-15 13:49:21', NULL, NULL),
	(2577, 0, 22, '2018-03-14', 3, 1, 1, '2018', 1, '2018-03-15 13:49:21', NULL, NULL),
	(2578, 0, 22, '2018-03-14', 4, 1, 1, '2018', 1, '2018-03-15 13:49:22', NULL, NULL),
	(2579, 0, 22, '2018-03-14', 5, 1, 1, '2018', 1, '2018-03-15 13:49:22', NULL, NULL),
	(2580, 0, 22, '2018-03-14', 6, 1, 1, '2018', 1, '2018-03-15 13:49:22', NULL, NULL),
	(2581, 0, 22, '2018-03-14', 7, 1, 1, '2018', 1, '2018-03-15 13:49:22', NULL, NULL),
	(2582, 0, 22, '2018-03-14', 8, 1, 1, '2018', 1, '2018-03-15 13:49:22', NULL, NULL),
	(2583, 0, 22, '2018-03-14', 9, 1, 1, '2018', 1, '2018-03-15 13:49:22', NULL, NULL),
	(2584, 0, 22, '2018-03-14', 10, 1, 1, '2018', 1, '2018-03-15 13:49:22', NULL, NULL),
	(2585, 0, 22, '2018-03-14', 11, 1, 1, '2018', 1, '2018-03-15 13:49:22', NULL, NULL),
	(2586, 0, 22, '2018-03-14', 12, 1, 1, '2018', 1, '2018-03-15 13:49:22', NULL, NULL),
	(2587, 890, 111, '2018-03-14', 1, 0, 0, '2015', 1, '2018-03-15 13:51:05', NULL, NULL),
	(2588, 918, 111, '2018-03-14', 2, 0, 0, '2015', 1, '2018-03-15 13:51:05', NULL, NULL),
	(2589, 949, 111, '2018-03-14', 3, 0, 0, '2015', 1, '2018-03-15 13:51:05', NULL, NULL),
	(2590, 979, 111, '2018-03-14', 4, 0, 0, '2015', 1, '2018-03-15 13:51:05', NULL, NULL),
	(2591, 1010, 111, '2018-03-14', 5, 0, 0, '2015', 1, '2018-03-15 13:51:05', NULL, NULL),
	(2592, 1040, 111, '2018-03-14', 6, 0, 0, '2015', 1, '2018-03-15 13:51:05', NULL, NULL),
	(2593, 1071, 111, '2018-03-14', 7, 0, 0, '2015', 1, '2018-03-15 13:51:05', NULL, NULL),
	(2594, 1102, 111, '2018-03-14', 8, 0, 0, '2015', 1, '2018-03-15 13:51:05', NULL, NULL),
	(2595, 1132, 111, '2018-03-14', 9, 0, 0, '2015', 1, '2018-03-15 13:51:05', NULL, NULL),
	(2596, 1169, 111, '2018-03-14', 10, 0, 0, '2015', 1, '2018-03-15 13:51:05', NULL, NULL),
	(2597, 1193, 111, '2018-03-14', 11, 0, 0, '2015', 1, '2018-03-15 13:51:05', NULL, NULL),
	(2598, 1224, 111, '2018-03-14', 12, 0, 0, '2015', 1, '2018-03-15 13:51:05', NULL, NULL),
	(2599, 1, 112, '2018-03-14', 1, 0, 0, '2015', 1, '2018-03-15 13:51:05', NULL, NULL),
	(2600, 0, 112, '2018-03-14', 2, 0, 0, '2015', 1, '2018-03-15 13:51:05', NULL, NULL),
	(2601, 0, 112, '2018-03-14', 3, 0, 0, '2015', 1, '2018-03-15 13:51:05', NULL, NULL),
	(2602, 0, 112, '2018-03-14', 4, 0, 0, '2015', 1, '2018-03-15 13:51:05', NULL, NULL),
	(2603, 0, 112, '2018-03-14', 5, 0, 0, '2015', 1, '2018-03-15 13:51:05', NULL, NULL),
	(2604, 0, 112, '2018-03-14', 6, 0, 0, '2015', 1, '2018-03-15 13:51:05', NULL, NULL),
	(2605, 0, 112, '2018-03-14', 7, 0, 0, '2015', 1, '2018-03-15 13:51:05', NULL, NULL),
	(2606, 0, 112, '2018-03-14', 8, 0, 0, '2015', 1, '2018-03-15 13:51:05', NULL, NULL),
	(2607, 0, 112, '2018-03-14', 9, 0, 0, '2015', 1, '2018-03-15 13:51:05', NULL, NULL),
	(2608, 0, 112, '2018-03-14', 10, 0, 0, '2015', 1, '2018-03-15 13:51:05', NULL, NULL),
	(2609, 0, 112, '2018-03-14', 11, 0, 0, '2015', 1, '2018-03-15 13:51:05', NULL, NULL),
	(2610, 0, 112, '2018-03-14', 12, 0, 0, '2015', 1, '2018-03-15 13:51:05', NULL, NULL),
	(2611, 0, 113, '2018-03-14', 1, 0, 0, '2015', 1, '2018-03-15 13:51:05', NULL, NULL),
	(2612, 0, 113, '2018-03-14', 2, 0, 0, '2015', 1, '2018-03-15 13:51:05', NULL, NULL),
	(2613, 0, 113, '2018-03-14', 3, 0, 0, '2015', 1, '2018-03-15 13:51:05', NULL, NULL),
	(2614, 0, 113, '2018-03-14', 4, 0, 0, '2015', 1, '2018-03-15 13:51:05', NULL, NULL),
	(2615, 0, 113, '2018-03-14', 5, 0, 0, '2015', 1, '2018-03-15 13:51:05', NULL, NULL),
	(2616, 0, 113, '2018-03-14', 6, 0, 0, '2015', 1, '2018-03-15 13:51:05', NULL, NULL),
	(2617, 0, 113, '2018-03-14', 7, 0, 0, '2015', 1, '2018-03-15 13:51:05', NULL, NULL),
	(2618, 0, 113, '2018-03-14', 8, 0, 0, '2015', 1, '2018-03-15 13:51:05', NULL, NULL),
	(2619, 0, 113, '2018-03-14', 9, 0, 0, '2015', 1, '2018-03-15 13:51:05', NULL, NULL),
	(2620, 0, 113, '2018-03-14', 10, 0, 0, '2015', 1, '2018-03-15 13:51:05', NULL, NULL),
	(2621, 0, 113, '2018-03-14', 11, 0, 0, '2015', 1, '2018-03-15 13:51:05', NULL, NULL),
	(2622, 0, 113, '2018-03-14', 12, 0, 0, '2015', 1, '2018-03-15 13:51:05', NULL, NULL),
	(2623, 0, 114, '2018-03-14', 1, 0, 0, '2015', 1, '2018-03-15 13:51:05', NULL, NULL),
	(2624, 0, 114, '2018-03-14', 2, 0, 0, '2015', 1, '2018-03-15 13:51:05', NULL, NULL),
	(2625, 0, 114, '2018-03-14', 3, 0, 0, '2015', 1, '2018-03-15 13:51:05', NULL, NULL),
	(2626, 0, 114, '2018-03-14', 4, 0, 0, '2015', 1, '2018-03-15 13:51:05', NULL, NULL),
	(2627, 0, 114, '2018-03-14', 5, 0, 0, '2015', 1, '2018-03-15 13:51:05', NULL, NULL),
	(2628, 0, 114, '2018-03-14', 6, 0, 0, '2015', 1, '2018-03-15 13:51:05', NULL, NULL),
	(2629, 0, 114, '2018-03-14', 7, 0, 0, '2015', 1, '2018-03-15 13:51:05', NULL, NULL),
	(2630, 0, 114, '2018-03-14', 8, 0, 0, '2015', 1, '2018-03-15 13:51:05', NULL, NULL),
	(2631, 0, 114, '2018-03-14', 9, 0, 0, '2015', 1, '2018-03-15 13:51:05', NULL, NULL),
	(2632, 0, 114, '2018-03-14', 10, 0, 0, '2015', 1, '2018-03-15 13:51:05', NULL, NULL),
	(2633, 0, 114, '2018-03-14', 11, 0, 0, '2015', 1, '2018-03-15 13:51:05', NULL, NULL),
	(2634, 0, 114, '2018-03-14', 12, 0, 0, '2015', 1, '2018-03-15 13:51:05', NULL, NULL),
	(2635, 100, 115, '2018-03-14', 1, 0, 0, '2015', 1, '2018-03-15 13:51:05', NULL, NULL),
	(2636, 67, 115, '2018-03-14', 2, 0, 0, '2015', 1, '2018-03-15 13:51:05', NULL, NULL),
	(2637, 45, 115, '2018-03-14', 3, 0, 0, '2015', 1, '2018-03-15 13:51:05', NULL, NULL),
	(2638, 100, 115, '2018-03-14', 4, 0, 0, '2015', 1, '2018-03-15 13:51:05', NULL, NULL),
	(2639, 100, 115, '2018-03-14', 5, 0, 0, '2015', 1, '2018-03-15 13:51:05', NULL, NULL),
	(2640, 100, 115, '2018-03-14', 6, 0, 0, '2015', 1, '2018-03-15 13:51:05', NULL, NULL),
	(2641, 84, 115, '2018-03-14', 7, 0, 0, '2015', 1, '2018-03-15 13:51:05', NULL, NULL),
	(2642, 84, 115, '2018-03-14', 8, 0, 0, '2015', 1, '2018-03-15 13:51:05', NULL, NULL),
	(2643, 100, 115, '2018-03-14', 9, 0, 0, '2015', 1, '2018-03-15 13:51:05', NULL, NULL),
	(2644, 100, 115, '2018-03-14', 10, 0, 0, '2015', 1, '2018-03-15 13:51:05', NULL, NULL),
	(2645, 77, 115, '2018-03-14', 11, 0, 0, '2015', 1, '2018-03-15 13:51:05', NULL, NULL),
	(2646, 90, 115, '2018-03-14', 12, 0, 0, '2015', 1, '2018-03-15 13:51:05', NULL, NULL),
	(2647, 90, 116, '2018-03-14', 1, 0, 0, '2015', 1, '2018-03-15 13:51:05', NULL, NULL),
	(2648, 90, 116, '2018-03-14', 2, 0, 0, '2015', 1, '2018-03-15 13:51:05', NULL, NULL),
	(2649, 100, 116, '2018-03-14', 3, 0, 0, '2015', 1, '2018-03-15 13:51:05', NULL, NULL),
	(2650, 100, 116, '2018-03-14', 4, 0, 0, '2015', 1, '2018-03-15 13:51:05', NULL, NULL),
	(2651, 100, 116, '2018-03-14', 5, 0, 0, '2015', 1, '2018-03-15 13:51:05', NULL, NULL),
	(2652, 100, 116, '2018-03-14', 6, 0, 0, '2015', 1, '2018-03-15 13:51:05', NULL, NULL),
	(2653, 90, 116, '2018-03-14', 7, 0, 0, '2015', 1, '2018-03-15 13:51:05', NULL, NULL),
	(2654, 100, 116, '2018-03-14', 8, 0, 0, '2015', 1, '2018-03-15 13:51:05', NULL, NULL),
	(2655, 100, 116, '2018-03-14', 9, 0, 0, '2015', 1, '2018-03-15 13:51:05', NULL, NULL),
	(2656, 100, 116, '2018-03-14', 10, 0, 0, '2015', 1, '2018-03-15 13:51:05', NULL, NULL),
	(2657, 78, 116, '2018-03-14', 11, 0, 0, '2015', 1, '2018-03-15 13:51:05', NULL, NULL),
	(2658, 88, 116, '2018-03-14', 12, 0, 0, '2015', 1, '2018-03-15 13:51:05', NULL, NULL),
	(2659, 1261, 117, '2018-03-14', 1, 0, 0, '2016', 1, '2018-03-15 13:51:05', NULL, NULL),
	(2660, 1290, 117, '2018-03-14', 2, 0, 0, '2016', 1, '2018-03-15 13:51:05', NULL, NULL),
	(2661, 1319, 117, '2018-03-14', 3, 0, 0, '2016', 1, '2018-03-15 13:51:05', NULL, NULL),
	(2662, 1348, 117, '2018-03-14', 4, 0, 0, '2016', 1, '2018-03-15 13:51:05', NULL, NULL),
	(2663, 1377, 117, '2018-03-14', 5, 0, 0, '2016', 1, '2018-03-15 13:51:05', NULL, NULL),
	(2664, 1407, 117, '2018-03-14', 6, 0, 0, '2016', 1, '2018-03-15 13:51:05', NULL, NULL),
	(2665, 1437, 117, '2018-03-14', 7, 0, 0, '2016', 1, '2018-03-15 13:51:05', NULL, NULL),
	(2666, 1467, 117, '2018-03-14', 8, 0, 0, '2016', 1, '2018-03-15 13:51:05', NULL, NULL),
	(2667, 1498, 117, '2018-03-14', 9, 0, 0, '2016', 1, '2018-03-15 13:51:05', NULL, NULL),
	(2668, 1529, 117, '2018-03-14', 10, 0, 0, '2016', 1, '2018-03-15 13:51:05', NULL, NULL),
	(2669, 1557, 117, '2018-03-14', 11, 0, 0, '2016', 1, '2018-03-15 13:51:05', NULL, NULL),
	(2670, 1588, 117, '2018-03-14', 12, 1587, 0, '2016', 1, '2018-03-15 13:51:05', NULL, NULL),
	(2671, 0, 118, '2018-03-14', 1, 0, 1, '2016', 1, '2018-03-15 13:51:05', NULL, NULL),
	(2672, 0, 118, '2018-03-14', 2, 0, 1, '2016', 1, '2018-03-15 13:51:05', NULL, NULL),
	(2673, 0, 118, '2018-03-14', 3, 0, 1, '2016', 1, '2018-03-15 13:51:05', NULL, NULL),
	(2674, 0, 118, '2018-03-14', 4, 0, 1, '2016', 1, '2018-03-15 13:51:05', NULL, NULL),
	(2675, 0, 118, '2018-03-14', 5, 0, 1, '2016', 1, '2018-03-15 13:51:05', NULL, NULL),
	(2676, 0, 118, '2018-03-14', 6, 0, 1, '2016', 1, '2018-03-15 13:51:05', NULL, NULL),
	(2677, 0, 118, '2018-03-14', 7, 0, 1, '2016', 1, '2018-03-15 13:51:05', NULL, NULL),
	(2678, 0, 118, '2018-03-14', 8, 0, 1, '2016', 1, '2018-03-15 13:51:05', NULL, NULL),
	(2679, 0, 118, '2018-03-14', 9, 0, 1, '2016', 1, '2018-03-15 13:51:05', NULL, NULL),
	(2680, 0, 118, '2018-03-14', 10, 0, 1, '2016', 1, '2018-03-15 13:51:05', NULL, NULL),
	(2681, 0, 118, '2018-03-14', 11, 0, 1, '2016', 1, '2018-03-15 13:51:05', NULL, NULL),
	(2682, 0, 118, '2018-03-14', 12, 0, 1, '2016', 1, '2018-03-15 13:51:05', NULL, NULL),
	(2683, 0, 119, '2018-03-14', 1, 0, 0, '2016', 1, '2018-03-15 13:51:05', NULL, NULL),
	(2684, 0, 119, '2018-03-14', 2, 0, 0, '2016', 1, '2018-03-15 13:51:05', NULL, NULL),
	(2685, 0, 119, '2018-03-14', 3, 0, 0, '2016', 1, '2018-03-15 13:51:05', NULL, NULL),
	(2686, 0, 119, '2018-03-14', 4, 0, 0, '2016', 1, '2018-03-15 13:51:05', NULL, NULL),
	(2687, 0, 119, '2018-03-14', 5, 0, 0, '2016', 1, '2018-03-15 13:51:05', NULL, NULL),
	(2688, 0, 119, '2018-03-14', 6, 0, 0, '2016', 1, '2018-03-15 13:51:05', NULL, NULL),
	(2689, 0, 119, '2018-03-14', 7, 0, 0, '2016', 1, '2018-03-15 13:51:05', NULL, NULL),
	(2690, 0, 119, '2018-03-14', 8, 0, 1, '2016', 1, '2018-03-15 13:51:05', NULL, NULL),
	(2691, 0, 119, '2018-03-14', 9, 0, 1, '2016', 1, '2018-03-15 13:51:05', NULL, NULL),
	(2692, 0, 119, '2018-03-14', 10, 0, 1, '2016', 1, '2018-03-15 13:51:05', NULL, NULL),
	(2693, 0, 119, '2018-03-14', 11, 0, 1, '2016', 1, '2018-03-15 13:51:05', NULL, NULL),
	(2694, 0, 119, '2018-03-14', 12, 0, 1, '2016', 1, '2018-03-15 13:51:05', NULL, NULL),
	(2695, 0, 120, '2018-03-14', 1, 0, 1, '2016', 1, '2018-03-15 13:51:05', NULL, NULL),
	(2696, 0, 120, '2018-03-14', 2, 0, 1, '2016', 1, '2018-03-15 13:51:05', NULL, NULL),
	(2697, 0, 120, '2018-03-14', 3, 0, 1, '2016', 1, '2018-03-15 13:51:05', NULL, NULL),
	(2698, 0, 120, '2018-03-14', 4, 0, 1, '2016', 1, '2018-03-15 13:51:05', NULL, NULL),
	(2699, 0, 120, '2018-03-14', 5, 0, 1, '2016', 1, '2018-03-15 13:51:05', NULL, NULL),
	(2700, 0, 120, '2018-03-14', 6, 0, 1, '2016', 1, '2018-03-15 13:51:05', NULL, NULL),
	(2701, 0, 120, '2018-03-14', 7, 0, 1, '2016', 1, '2018-03-15 13:51:05', NULL, NULL),
	(2702, 0, 120, '2018-03-14', 8, 0, 1, '2016', 1, '2018-03-15 13:51:05', NULL, NULL),
	(2703, 0, 120, '2018-03-14', 9, 0, 1, '2016', 1, '2018-03-15 13:51:05', NULL, NULL),
	(2704, 0, 120, '2018-03-14', 10, 0, 1, '2016', 1, '2018-03-15 13:51:05', NULL, NULL),
	(2705, 0, 120, '2018-03-14', 11, 0, 1, '2016', 1, '2018-03-15 13:51:05', NULL, NULL),
	(2706, 0, 120, '2018-03-14', 12, 0, 1, '2016', 1, '2018-03-15 13:51:05', NULL, NULL),
	(2707, 93, 121, '2018-03-14', 1, 90, 0, '2016', 1, '2018-03-15 13:51:05', NULL, NULL),
	(2708, 91, 121, '2018-03-14', 2, 90, 0, '2016', 1, '2018-03-15 13:51:05', NULL, NULL),
	(2709, 87, 121, '2018-03-14', 3, 90, 0, '2016', 1, '2018-03-15 13:51:05', NULL, NULL),
	(2710, 88, 121, '2018-03-14', 4, 90, 0, '2016', 1, '2018-03-15 13:51:05', NULL, NULL),
	(2711, 90, 121, '2018-03-14', 5, 90, 0, '2016', 1, '2018-03-15 13:51:05', NULL, NULL),
	(2712, 91, 121, '2018-03-14', 6, 90, 0, '2016', 1, '2018-03-15 13:51:05', NULL, NULL),
	(2713, 92, 121, '2018-03-14', 7, 90, 0, '2016', 1, '2018-03-15 13:51:05', NULL, NULL),
	(2714, 92, 121, '2018-03-14', 8, 90, 0, '2016', 1, '2018-03-15 13:51:05', NULL, NULL),
	(2715, 92, 121, '2018-03-14', 9, 90, 0, '2016', 1, '2018-03-15 13:51:05', NULL, NULL),
	(2716, 91, 121, '2018-03-14', 10, 90, 0, '2016', 1, '2018-03-15 13:51:05', NULL, NULL),
	(2717, 91, 121, '2018-03-14', 11, 90, 0, '2016', 1, '2018-03-15 13:51:05', NULL, NULL),
	(2718, 92, 121, '2018-03-14', 12, 90, 0, '2016', 1, '2018-03-15 13:51:05', NULL, NULL),
	(2719, 93, 122, '2018-03-14', 1, 90, 0, '2016', 1, '2018-03-15 13:51:05', NULL, NULL),
	(2720, 74, 122, '2018-03-14', 2, 90, 0, '2016', 1, '2018-03-15 13:51:05', NULL, NULL),
	(2721, 69, 122, '2018-03-14', 3, 90, 0, '2016', 1, '2018-03-15 13:51:05', NULL, NULL),
	(2722, 58, 122, '2018-03-14', 4, 90, 0, '2016', 1, '2018-03-15 13:51:05', NULL, NULL),
	(2723, 43.33, 122, '2018-03-14', 5, 90, 0, '2016', 1, '2018-03-15 13:51:05', NULL, NULL),
	(2724, 68, 122, '2018-03-14', 6, 90, 0, '2016', 1, '2018-03-15 13:51:05', NULL, NULL),
	(2725, 65, 122, '2018-03-14', 7, 90, 0, '2016', 1, '2018-03-15 13:51:05', NULL, NULL),
	(2726, 83, 122, '2018-03-14', 8, 90, 0, '2016', 1, '2018-03-15 13:51:05', NULL, NULL),
	(2727, 91, 122, '2018-03-14', 9, 90, 0, '2016', 1, '2018-03-15 13:51:05', NULL, NULL),
	(2728, 91, 122, '2018-03-14', 10, 90, 0, '2016', 1, '2018-03-15 13:51:05', NULL, NULL),
	(2729, 91, 122, '2018-03-14', 11, 90, 0, '2016', 1, '2018-03-15 13:51:05', NULL, NULL),
	(2730, 91, 122, '2018-03-14', 12, 90, 0, '2016', 1, '2018-03-15 13:51:05', NULL, NULL),
	(2731, 0, 123, '2018-03-14', 1, 0, 1, '2017', 1, '2018-03-15 13:51:05', NULL, NULL),
	(2732, 0, 123, '2018-03-14', 2, 0, 1, '2017', 1, '2018-03-15 13:51:05', NULL, NULL),
	(2733, 0, 123, '2018-03-14', 3, 0, 1, '2017', 1, '2018-03-15 13:51:05', NULL, NULL),
	(2734, 0, 123, '2018-03-14', 4, 0, 1, '2017', 1, '2018-03-15 13:51:05', NULL, NULL),
	(2735, 0, 123, '2018-03-14', 5, 0, 1, '2017', 1, '2018-03-15 13:51:05', NULL, NULL),
	(2736, 0, 123, '2018-03-14', 6, 0, 1, '2017', 1, '2018-03-15 13:51:05', NULL, NULL),
	(2737, 0, 123, '2018-03-14', 7, 0, 1, '2017', 1, '2018-03-15 13:51:06', NULL, NULL),
	(2738, 0, 123, '2018-03-14', 8, 0, 1, '2017', 1, '2018-03-15 13:51:06', NULL, NULL),
	(2739, 0, 123, '2018-03-14', 9, 0, 1, '2017', 1, '2018-03-15 13:51:06', NULL, NULL),
	(2740, 0, 123, '2018-03-14', 10, 0, 1, '2017', 1, '2018-03-15 13:51:06', NULL, NULL),
	(2741, 0, 123, '2018-03-14', 11, 0, 1, '2017', 1, '2018-03-15 13:51:06', NULL, NULL),
	(2742, 0, 123, '2018-03-14', 12, 0, 1, '2017', 1, '2018-03-15 13:51:06', NULL, NULL),
	(2743, 0, 124, '2018-03-14', 1, 0, 1, '2017', 1, '2018-03-15 13:51:06', NULL, NULL),
	(2744, 0, 124, '2018-03-14', 2, 0, 1, '2017', 1, '2018-03-15 13:51:06', NULL, NULL),
	(2745, 0, 124, '2018-03-14', 3, 0, 1, '2017', 1, '2018-03-15 13:51:06', NULL, NULL),
	(2746, 0, 124, '2018-03-14', 4, 0, 1, '2017', 1, '2018-03-15 13:51:06', NULL, NULL),
	(2747, 0, 124, '2018-03-14', 5, 0, 1, '2017', 1, '2018-03-15 13:51:06', NULL, NULL),
	(2748, 0, 124, '2018-03-14', 6, 0, 1, '2017', 1, '2018-03-15 13:51:06', NULL, NULL),
	(2749, 0, 124, '2018-03-14', 7, 0, 1, '2017', 1, '2018-03-15 13:51:06', NULL, NULL),
	(2750, 0, 124, '2018-03-14', 8, 0, 1, '2017', 1, '2018-03-15 13:51:06', NULL, NULL),
	(2751, 0, 124, '2018-03-14', 9, 0, 1, '2017', 1, '2018-03-15 13:51:06', NULL, NULL),
	(2752, 0, 124, '2018-03-14', 10, 0, 1, '2017', 1, '2018-03-15 13:51:06', NULL, NULL),
	(2753, 0, 124, '2018-03-14', 11, 0, 1, '2017', 1, '2018-03-15 13:51:06', NULL, NULL),
	(2754, 0, 124, '2018-03-14', 12, 0, 1, '2017', 1, '2018-03-15 13:51:06', NULL, NULL),
	(2755, 1615, 125, '2018-03-14', 1, 0, 0, '2017', 1, '2018-03-15 13:51:06', NULL, NULL),
	(2756, 1645, 125, '2018-03-14', 2, 0, 0, '2017', 1, '2018-03-15 13:51:06', NULL, NULL),
	(2757, 1675, 125, '2018-03-14', 3, 0, 0, '2017', 1, '2018-03-15 13:51:06', NULL, NULL),
	(2758, 1704, 125, '2018-03-14', 4, 0, 0, '2017', 1, '2018-03-15 13:51:06', NULL, NULL),
	(2759, 1740, 125, '2018-03-14', 5, 0, 0, '2017', 1, '2018-03-15 13:51:06', NULL, NULL),
	(2760, 1770, 125, '2018-03-14', 6, 0, 0, '2017', 1, '2018-03-15 13:51:06', NULL, NULL),
	(2761, 1801, 125, '2018-03-14', 7, 0, 0, '2017', 1, '2018-03-15 13:51:06', NULL, NULL),
	(2762, 1830, 125, '2018-03-14', 8, 0, 0, '2017', 1, '2018-03-15 13:51:06', NULL, NULL),
	(2763, 1860, 125, '2018-03-14', 9, 0, 0, '2017', 1, '2018-03-15 13:51:06', NULL, NULL),
	(2764, 1890, 125, '2018-03-14', 10, 0, 0, '2017', 1, '2018-03-15 13:51:06', NULL, NULL),
	(2765, 1921, 125, '2018-03-14', 11, 0, 0, '2017', 1, '2018-03-15 13:51:06', NULL, NULL),
	(2766, 1950, 125, '2018-03-14', 12, 0, 0, '2017', 1, '2018-03-15 13:51:06', NULL, NULL),
	(2767, 3, 126, '2018-03-14', 1, 0, 1, '2017', 1, '2018-03-15 13:51:06', NULL, NULL),
	(2768, 1, 126, '2018-03-14', 2, 0, 1, '2017', 1, '2018-03-15 13:51:06', NULL, NULL),
	(2769, 3, 126, '2018-03-14', 3, 0, 1, '2017', 1, '2018-03-15 13:51:06', NULL, NULL),
	(2770, 0, 126, '2018-03-14', 4, 0, 1, '2017', 1, '2018-03-15 13:51:06', NULL, NULL),
	(2771, 3, 126, '2018-03-14', 5, 0, 1, '2017', 1, '2018-03-15 13:51:06', NULL, NULL),
	(2772, 0, 126, '2018-03-14', 6, 0, 1, '2017', 1, '2018-03-15 13:51:06', NULL, NULL),
	(2773, 1, 126, '2018-03-14', 7, 0, 1, '2017', 1, '2018-03-15 13:51:06', NULL, NULL),
	(2774, 1, 126, '2018-03-14', 8, 0, 1, '2017', 1, '2018-03-15 13:51:06', NULL, NULL),
	(2775, 0, 126, '2018-03-14', 9, 0, 1, '2017', 1, '2018-03-15 13:51:06', NULL, NULL),
	(2776, 0, 126, '2018-03-14', 10, 0, 1, '2017', 1, '2018-03-15 13:51:06', NULL, NULL),
	(2777, 0, 126, '2018-03-14', 11, 0, 1, '2017', 1, '2018-03-15 13:51:06', NULL, NULL),
	(2778, 0, 126, '2018-03-14', 12, 0, 1, '2017', 1, '2018-03-15 13:51:06', NULL, NULL),
	(2779, 91, 127, '2018-03-14', 1, 90, 0, '2017', 1, '2018-03-15 13:51:06', NULL, NULL),
	(2780, 93, 127, '2018-03-14', 2, 90, 0, '2017', 1, '2018-03-15 13:51:06', NULL, NULL),
	(2781, 95, 127, '2018-03-14', 3, 90, 0, '2017', 1, '2018-03-15 13:51:06', NULL, NULL),
	(2782, 92, 127, '2018-03-14', 4, 90, 0, '2017', 1, '2018-03-15 13:51:06', NULL, NULL),
	(2783, 94, 127, '2018-03-14', 5, 90, 0, '2017', 1, '2018-03-15 13:51:06', NULL, NULL),
	(2784, 92, 127, '2018-03-14', 6, 90, 0, '2017', 1, '2018-03-15 13:51:06', NULL, NULL),
	(2785, 94, 127, '2018-03-14', 7, 90, 0, '2017', 1, '2018-03-15 13:51:06', NULL, NULL),
	(2786, 92, 127, '2018-03-14', 8, 90, 0, '2017', 1, '2018-03-15 13:51:06', NULL, NULL),
	(2787, 92, 127, '2018-03-14', 9, 90, 0, '2017', 1, '2018-03-15 13:51:06', NULL, NULL),
	(2788, 91, 127, '2018-03-14', 10, 90, 0, '2017', 1, '2018-03-15 13:51:06', NULL, NULL),
	(2789, 91, 127, '2018-03-14', 11, 90, 0, '2017', 1, '2018-03-15 13:51:06', NULL, NULL),
	(2790, 89, 127, '2018-03-14', 12, 90, 0, '2017', 1, '2018-03-15 13:51:06', NULL, NULL),
	(2791, 91, 128, '2018-03-14', 1, 90, 0, '2017', 1, '2018-03-15 13:51:06', NULL, NULL),
	(2792, 90, 128, '2018-03-14', 2, 90, 0, '2017', 1, '2018-03-15 13:51:06', NULL, NULL),
	(2793, 91, 128, '2018-03-14', 3, 90, 0, '2017', 1, '2018-03-15 13:51:06', NULL, NULL),
	(2794, 91, 128, '2018-03-14', 4, 90, 0, '2017', 1, '2018-03-15 13:51:06', NULL, NULL),
	(2795, 94, 128, '2018-03-14', 5, 90, 0, '2017', 1, '2018-03-15 13:51:06', NULL, NULL),
	(2796, 91, 128, '2018-03-14', 6, 90, 0, '2017', 1, '2018-03-15 13:51:06', NULL, NULL),
	(2797, 93, 128, '2018-03-14', 7, 90, 0, '2017', 1, '2018-03-15 13:51:06', NULL, NULL),
	(2798, 93, 128, '2018-03-14', 8, 90, 0, '2017', 1, '2018-03-15 13:51:06', NULL, NULL),
	(2799, 92, 128, '2018-03-14', 9, 90, 0, '2017', 1, '2018-03-15 13:51:06', NULL, NULL),
	(2800, 92, 128, '2018-03-14', 10, 90, 0, '2017', 1, '2018-03-15 13:51:06', NULL, NULL),
	(2801, 91, 128, '2018-03-14', 11, 90, 0, '2017', 1, '2018-03-15 13:51:06', NULL, NULL),
	(2802, 90, 128, '2018-03-14', 12, 90, 0, '2017', 1, '2018-03-15 13:51:06', NULL, NULL),
	(2803, 0, 129, '2018-03-14', 1, 0, 1, '2018', 1, '2018-03-15 13:51:06', NULL, NULL),
	(2804, 0, 129, '2018-03-14', 2, 0, 1, '2018', 1, '2018-03-15 13:51:06', NULL, NULL),
	(2805, 0, 129, '2018-03-14', 3, 0, 1, '2018', 1, '2018-03-15 13:51:06', NULL, NULL),
	(2806, 0, 129, '2018-03-14', 4, 0, 1, '2018', 1, '2018-03-15 13:51:06', NULL, NULL),
	(2807, 0, 129, '2018-03-14', 5, 0, 1, '2018', 1, '2018-03-15 13:51:06', NULL, NULL),
	(2808, 0, 129, '2018-03-14', 6, 0, 1, '2018', 1, '2018-03-15 13:51:06', NULL, NULL),
	(2809, 0, 129, '2018-03-14', 7, 0, 1, '2018', 1, '2018-03-15 13:51:06', NULL, NULL),
	(2810, 0, 129, '2018-03-14', 8, 0, 1, '2018', 1, '2018-03-15 13:51:06', NULL, NULL),
	(2811, 0, 129, '2018-03-14', 9, 0, 1, '2018', 1, '2018-03-15 13:51:06', NULL, NULL),
	(2812, 0, 129, '2018-03-14', 10, 0, 1, '2018', 1, '2018-03-15 13:51:06', NULL, NULL),
	(2813, 0, 129, '2018-03-14', 11, 0, 1, '2018', 1, '2018-03-15 13:51:06', NULL, NULL),
	(2814, 0, 129, '2018-03-14', 12, 0, 1, '2018', 1, '2018-03-15 13:51:06', NULL, NULL),
	(2815, 1984, 130, '2018-03-14', 1, 0, 0, '2018', 1, '2018-03-15 13:51:06', NULL, NULL),
	(2816, 2012, 130, '2018-03-14', 2, 0, 0, '2018', 1, '2018-03-15 13:51:06', NULL, NULL),
	(2817, 0, 130, '2018-03-14', 3, 0, 0, '2018', 1, '2018-03-15 13:51:06', NULL, NULL),
	(2818, 0, 130, '2018-03-14', 4, 0, 0, '2018', 1, '2018-03-15 13:51:06', NULL, NULL),
	(2819, 0, 130, '2018-03-14', 5, 0, 0, '2018', 1, '2018-03-15 13:51:06', NULL, NULL),
	(2820, 0, 130, '2018-03-14', 6, 0, 0, '2018', 1, '2018-03-15 13:51:06', NULL, NULL),
	(2821, 0, 130, '2018-03-14', 7, 0, 0, '2018', 1, '2018-03-15 13:51:06', NULL, NULL),
	(2822, 0, 130, '2018-03-14', 8, 0, 0, '2018', 1, '2018-03-15 13:51:06', NULL, NULL),
	(2823, 0, 130, '2018-03-14', 9, 0, 0, '2018', 1, '2018-03-15 13:51:06', NULL, NULL),
	(2824, 0, 130, '2018-03-14', 10, 0, 0, '2018', 1, '2018-03-15 13:51:06', NULL, NULL),
	(2825, 0, 130, '2018-03-14', 11, 0, 0, '2018', 1, '2018-03-15 13:51:06', NULL, NULL),
	(2826, 0, 130, '2018-03-14', 12, 0, 0, '2018', 1, '2018-03-15 13:51:06', NULL, NULL),
	(2827, 90, 131, '2018-03-14', 1, 90, 0, '2018', 1, '2018-03-15 13:51:06', NULL, NULL),
	(2828, 90, 131, '2018-03-14', 2, 90, 0, '2018', 1, '2018-03-15 13:51:06', NULL, NULL),
	(2829, 0, 131, '2018-03-14', 3, 90, 0, '2018', 1, '2018-03-15 13:51:06', NULL, NULL),
	(2830, 0, 131, '2018-03-14', 4, 90, 0, '2018', 1, '2018-03-15 13:51:06', NULL, NULL),
	(2831, 0, 131, '2018-03-14', 5, 90, 0, '2018', 1, '2018-03-15 13:51:06', NULL, NULL),
	(2832, 0, 131, '2018-03-14', 6, 90, 0, '2018', 1, '2018-03-15 13:51:06', NULL, NULL),
	(2833, 0, 131, '2018-03-14', 7, 90, 0, '2018', 1, '2018-03-15 13:51:06', NULL, NULL),
	(2834, 0, 131, '2018-03-14', 8, 90, 0, '2018', 1, '2018-03-15 13:51:06', NULL, NULL),
	(2835, 0, 131, '2018-03-14', 9, 90, 0, '2018', 1, '2018-03-15 13:51:06', NULL, NULL),
	(2836, 0, 131, '2018-03-14', 10, 90, 0, '2018', 1, '2018-03-15 13:51:06', NULL, NULL),
	(2837, 0, 131, '2018-03-14', 11, 90, 0, '2018', 1, '2018-03-15 13:51:06', NULL, NULL),
	(2838, 0, 131, '2018-03-14', 12, 90, 0, '2018', 1, '2018-03-15 13:51:06', NULL, NULL),
	(2839, 0, 132, '2018-03-14', 1, 0, 1, '2018', 1, '2018-03-15 13:51:06', NULL, NULL),
	(2840, 0, 132, '2018-03-14', 2, 0, 1, '2018', 1, '2018-03-15 13:51:06', NULL, NULL),
	(2841, 0, 132, '2018-03-14', 3, 0, 1, '2018', 1, '2018-03-15 13:51:06', NULL, NULL),
	(2842, 0, 132, '2018-03-14', 4, 0, 1, '2018', 1, '2018-03-15 13:51:06', NULL, NULL),
	(2843, 0, 132, '2018-03-14', 5, 0, 1, '2018', 1, '2018-03-15 13:51:06', NULL, NULL),
	(2844, 0, 132, '2018-03-14', 6, 0, 1, '2018', 1, '2018-03-15 13:51:06', NULL, NULL),
	(2845, 0, 132, '2018-03-14', 7, 0, 1, '2018', 1, '2018-03-15 13:51:06', NULL, NULL),
	(2846, 0, 132, '2018-03-14', 8, 0, 1, '2018', 1, '2018-03-15 13:51:06', NULL, NULL),
	(2847, 0, 132, '2018-03-14', 9, 0, 1, '2018', 1, '2018-03-15 13:51:06', NULL, NULL),
	(2848, 0, 132, '2018-03-14', 10, 0, 1, '2018', 1, '2018-03-15 13:51:06', NULL, NULL),
	(2849, 0, 132, '2018-03-14', 11, 0, 1, '2018', 1, '2018-03-15 13:51:06', NULL, NULL),
	(2850, 0, 132, '2018-03-14', 12, 0, 1, '2018', 1, '2018-03-15 13:51:06', NULL, NULL),
	(2851, 1, 133, '2018-03-14', 1, 0, 1, '2018', 1, '2018-03-15 13:51:06', NULL, NULL),
	(2852, 2, 133, '2018-03-14', 2, 0, 1, '2018', 1, '2018-03-15 13:51:06', NULL, NULL),
	(2853, 0, 133, '2018-03-14', 3, 0, 1, '2018', 1, '2018-03-15 13:51:06', NULL, NULL),
	(2854, 0, 133, '2018-03-14', 4, 0, 1, '2018', 1, '2018-03-15 13:51:06', NULL, NULL),
	(2855, 0, 133, '2018-03-14', 5, 0, 1, '2018', 1, '2018-03-15 13:51:06', NULL, NULL),
	(2856, 0, 133, '2018-03-14', 6, 0, 1, '2018', 1, '2018-03-15 13:51:06', NULL, NULL),
	(2857, 0, 133, '2018-03-14', 7, 0, 1, '2018', 1, '2018-03-15 13:51:06', NULL, NULL),
	(2858, 0, 133, '2018-03-14', 8, 0, 1, '2018', 1, '2018-03-15 13:51:06', NULL, NULL),
	(2859, 0, 133, '2018-03-14', 9, 0, 1, '2018', 1, '2018-03-15 13:51:06', NULL, NULL),
	(2860, 0, 133, '2018-03-14', 10, 0, 1, '2018', 1, '2018-03-15 13:51:06', NULL, NULL),
	(2861, 0, 133, '2018-03-14', 11, 0, 1, '2018', 1, '2018-03-15 13:51:06', NULL, NULL),
	(2862, 0, 133, '2018-03-14', 12, 0, 1, '2018', 1, '2018-03-15 13:51:06', NULL, NULL),
	(2863, 90, 134, '2018-03-14', 1, 90, 0, '2018', 1, '2018-03-15 13:51:06', NULL, NULL),
	(2864, 80, 134, '2018-03-14', 2, 90, 0, '2018', 1, '2018-03-15 13:51:06', NULL, NULL),
	(2865, 0, 134, '2018-03-14', 3, 90, 0, '2018', 1, '2018-03-15 13:51:06', NULL, NULL),
	(2866, 0, 134, '2018-03-14', 4, 90, 0, '2018', 1, '2018-03-15 13:51:06', NULL, NULL),
	(2867, 0, 134, '2018-03-14', 5, 90, 0, '2018', 1, '2018-03-15 13:51:06', NULL, NULL),
	(2868, 0, 134, '2018-03-14', 6, 90, 0, '2018', 1, '2018-03-15 13:51:06', NULL, NULL),
	(2869, 0, 134, '2018-03-14', 7, 90, 0, '2018', 1, '2018-03-15 13:51:06', NULL, NULL),
	(2870, 0, 134, '2018-03-14', 8, 90, 0, '2018', 1, '2018-03-15 13:51:06', NULL, NULL),
	(2871, 0, 134, '2018-03-14', 9, 90, 0, '2018', 1, '2018-03-15 13:51:06', NULL, NULL),
	(2872, 0, 134, '2018-03-14', 10, 90, 0, '2018', 1, '2018-03-15 13:51:06', NULL, NULL),
	(2873, 0, 134, '2018-03-14', 11, 90, 0, '2018', 1, '2018-03-15 13:51:06', NULL, NULL),
	(2874, 0, 134, '2018-03-14', 12, 90, 0, '2018', 1, '2018-03-15 13:51:06', NULL, NULL),
	(2875, 18.99, 232, '2018-03-14', 1, 0, 0, '2015', 1, '2018-03-15 13:52:07', NULL, NULL),
	(2876, 26.89, 232, '2018-03-14', 2, 0, 0, '2015', 1, '2018-03-15 13:52:07', NULL, NULL),
	(2877, 18.62, 232, '2018-03-14', 3, 0, 0, '2015', 1, '2018-03-15 13:52:07', NULL, NULL),
	(2878, 22.82, 232, '2018-03-14', 4, 0, 0, '2015', 1, '2018-03-15 13:52:07', NULL, NULL),
	(2879, 17, 232, '2018-03-14', 5, 0, 0, '2015', 1, '2018-03-15 13:52:07', NULL, NULL),
	(2880, 12.29, 232, '2018-03-14', 6, 0, 0, '2015', 1, '2018-03-15 13:52:07', NULL, NULL),
	(2881, 23.85, 232, '2018-03-14', 7, 0, 0, '2015', 1, '2018-03-15 13:52:07', NULL, NULL),
	(2882, 23.46, 232, '2018-03-14', 8, 0, 0, '2015', 1, '2018-03-15 13:52:07', NULL, NULL),
	(2883, 21.49, 232, '2018-03-14', 9, 0, 0, '2015', 1, '2018-03-15 13:52:07', NULL, NULL),
	(2884, 18.6, 232, '2018-03-14', 10, 0, 0, '2015', 1, '2018-03-15 13:52:07', NULL, NULL),
	(2885, 23.1, 232, '2018-03-14', 11, 0, 0, '2015', 1, '2018-03-15 13:52:07', NULL, NULL),
	(2886, 15, 232, '2018-03-14', 12, 0, 0, '2015', 1, '2018-03-15 13:52:07', NULL, NULL),
	(2887, 0.64, 233, '2018-03-14', 1, 0, 0, '2015', 1, '2018-03-15 13:52:07', NULL, NULL),
	(2888, 0.68, 233, '2018-03-14', 2, 0, 0, '2015', 1, '2018-03-15 13:52:07', NULL, NULL),
	(2889, 0.5, 233, '2018-03-14', 3, 0, 0, '2015', 1, '2018-03-15 13:52:07', NULL, NULL),
	(2890, 0.58, 233, '2018-03-14', 4, 0, 0, '2015', 1, '2018-03-15 13:52:07', NULL, NULL),
	(2891, 0.43, 233, '2018-03-14', 5, 0, 0, '2015', 1, '2018-03-15 13:52:07', NULL, NULL),
	(2892, 0.45, 233, '2018-03-14', 6, 0, 0, '2015', 1, '2018-03-15 13:52:07', NULL, NULL),
	(2893, 0.39, 233, '2018-03-14', 7, 0, 0, '2015', 1, '2018-03-15 13:52:07', NULL, NULL),
	(2894, 0.59, 233, '2018-03-14', 8, 0, 0, '2015', 1, '2018-03-15 13:52:07', NULL, NULL),
	(2895, 0.62, 233, '2018-03-14', 9, 0, 0, '2015', 1, '2018-03-15 13:52:07', NULL, NULL),
	(2896, 0.68, 233, '2018-03-14', 10, 0, 0, '2015', 1, '2018-03-15 13:52:07', NULL, NULL),
	(2897, 0.44, 233, '2018-03-14', 11, 0, 0, '2015', 1, '2018-03-15 13:52:07', NULL, NULL),
	(2898, 0.59, 233, '2018-03-14', 12, 0, 0, '2015', 1, '2018-03-15 13:52:07', NULL, NULL),
	(2899, 5.6, 235, '2018-03-14', 1, 5.91, 1, '2016', 1, '2018-03-15 13:52:07', NULL, NULL),
	(2900, 5.9, 235, '2018-03-14', 2, 5.91, 1, '2016', 1, '2018-03-15 13:52:07', NULL, NULL),
	(2901, 6.1, 235, '2018-03-14', 3, 5.91, 1, '2016', 1, '2018-03-15 13:52:07', NULL, NULL),
	(2902, 6.56, 235, '2018-03-14', 4, 5.91, 1, '2016', 1, '2018-03-15 13:52:07', NULL, NULL),
	(2903, 5.55, 235, '2018-03-14', 5, 5.91, 1, '2016', 1, '2018-03-15 13:52:07', NULL, NULL),
	(2904, 4.72, 235, '2018-03-14', 6, 5.91, 1, '2016', 1, '2018-03-15 13:52:07', NULL, NULL),
	(2905, 5.42, 235, '2018-03-14', 7, 5.91, 1, '2016', 1, '2018-03-15 13:52:07', NULL, NULL),
	(2906, 3.82, 235, '2018-03-14', 8, 5.91, 1, '2016', 1, '2018-03-15 13:52:07', NULL, NULL),
	(2907, 5.4, 235, '2018-03-14', 9, 5.91, 1, '2016', 1, '2018-03-15 13:52:07', NULL, NULL),
	(2908, 6.54, 235, '2018-03-14', 10, 5.91, 1, '2016', 1, '2018-03-15 13:52:07', NULL, NULL),
	(2909, 5.42, 235, '2018-03-14', 11, 5.91, 1, '2016', 1, '2018-03-15 13:52:07', NULL, NULL),
	(2910, 10.05, 235, '2018-03-14', 12, 5.91, 1, '2016', 1, '2018-03-15 13:52:07', NULL, NULL),
	(2911, 0.3, 236, '2018-03-14', 1, 0.33, 1, '2016', 1, '2018-03-15 13:52:07', NULL, NULL),
	(2912, 0.4, 236, '2018-03-14', 2, 0.33, 1, '2016', 1, '2018-03-15 13:52:07', NULL, NULL),
	(2913, 0.2, 236, '2018-03-14', 3, 0.33, 1, '2016', 1, '2018-03-15 13:52:07', NULL, NULL),
	(2914, 0.25, 236, '2018-03-14', 4, 0.33, 1, '2016', 1, '2018-03-15 13:52:07', NULL, NULL),
	(2915, 0.21, 236, '2018-03-14', 5, 0.33, 1, '2016', 1, '2018-03-15 13:52:07', NULL, NULL),
	(2916, 0.27, 236, '2018-03-14', 6, 0.33, 1, '2016', 1, '2018-03-15 13:52:07', NULL, NULL),
	(2917, 0.4, 236, '2018-03-14', 7, 0.33, 1, '2016', 1, '2018-03-15 13:52:07', NULL, NULL),
	(2918, 0.23, 236, '2018-03-14', 8, 0.33, 1, '2016', 1, '2018-03-15 13:52:07', NULL, NULL),
	(2919, 0.24, 236, '2018-03-14', 9, 0.33, 1, '2016', 1, '2018-03-15 13:52:07', NULL, NULL),
	(2920, 0.31, 236, '2018-03-14', 10, 0.33, 1, '2016', 1, '2018-03-15 13:52:07', NULL, NULL),
	(2921, 0.29, 236, '2018-03-14', 11, 0.33, 1, '2016', 1, '2018-03-15 13:52:07', NULL, NULL),
	(2922, 0.43, 236, '2018-03-14', 12, 0.33, 1, '2016', 1, '2018-03-15 13:52:07', NULL, NULL),
	(2923, 0.15, 237, '2018-03-14', 1, 0.56, 1, '2016', 1, '2018-03-15 13:52:07', NULL, NULL),
	(2924, 0.32, 237, '2018-03-14', 2, 0.56, 1, '2016', 1, '2018-03-15 13:52:07', NULL, NULL),
	(2925, 0.32, 237, '2018-03-14', 3, 0.56, 1, '2016', 1, '2018-03-15 13:52:07', NULL, NULL),
	(2926, 0.32, 237, '2018-03-14', 4, 0.56, 1, '2016', 1, '2018-03-15 13:52:07', NULL, NULL),
	(2927, 0.42, 237, '2018-03-14', 5, 0.56, 1, '2016', 1, '2018-03-15 13:52:07', NULL, NULL),
	(2928, 0.28, 237, '2018-03-14', 6, 0.56, 1, '2016', 1, '2018-03-15 13:52:07', NULL, NULL),
	(2929, 0.25, 237, '2018-03-14', 7, 0.56, 1, '2016', 1, '2018-03-15 13:52:07', NULL, NULL),
	(2930, 0.35, 237, '2018-03-14', 8, 0.56, 1, '2016', 1, '2018-03-15 13:52:07', NULL, NULL),
	(2931, 0.43, 237, '2018-03-14', 9, 0.56, 1, '2016', 1, '2018-03-15 13:52:07', NULL, NULL),
	(2932, 0.45, 237, '2018-03-14', 10, 0.56, 1, '2016', 1, '2018-03-15 13:52:07', NULL, NULL),
	(2933, 0.2, 237, '2018-03-14', 11, 0.56, 1, '2016', 1, '2018-03-15 13:52:07', NULL, NULL),
	(2934, 0.4, 237, '2018-03-14', 12, 0.56, 1, '2016', 1, '2018-03-15 13:52:07', NULL, NULL),
	(2935, 5.97, 239, '2018-03-14', 1, 5.91, 1, '2017', 1, '2018-03-15 13:52:07', NULL, NULL),
	(2936, 6.55, 239, '2018-03-14', 2, 5.91, 1, '2017', 1, '2018-03-15 13:52:07', NULL, NULL),
	(2937, 5.81, 239, '2018-03-14', 3, 5.91, 1, '2017', 1, '2018-03-15 13:52:07', NULL, NULL),
	(2938, 5.97, 239, '2018-03-14', 4, 5.91, 1, '2017', 1, '2018-03-15 13:52:07', NULL, NULL),
	(2939, 5.71, 239, '2018-03-14', 5, 5.91, 1, '2017', 1, '2018-03-15 13:52:07', NULL, NULL),
	(2940, 7.02, 239, '2018-03-14', 6, 5.91, 1, '2017', 1, '2018-03-15 13:52:07', NULL, NULL),
	(2941, 6.69, 239, '2018-03-14', 7, 5.91, 1, '2017', 1, '2018-03-15 13:52:07', NULL, NULL),
	(2942, 7.3, 239, '2018-03-14', 8, 5.91, 1, '2017', 1, '2018-03-15 13:52:07', NULL, NULL),
	(2943, 8.24, 239, '2018-03-14', 9, 5.91, 1, '2017', 1, '2018-03-15 13:52:07', NULL, NULL),
	(2944, 6.41, 239, '2018-03-14', 10, 5.91, 1, '2017', 1, '2018-03-15 13:52:07', NULL, NULL),
	(2945, 7.14, 239, '2018-03-14', 11, 5.91, 1, '2017', 1, '2018-03-15 13:52:07', NULL, NULL),
	(2946, 7.81, 239, '2018-03-14', 12, 5.91, 1, '2017', 1, '2018-03-15 13:52:07', NULL, NULL),
	(2947, 0.31, 240, '2018-03-14', 1, 0.33, 1, '2017', 1, '2018-03-15 13:52:07', NULL, NULL),
	(2948, 0.19, 240, '2018-03-14', 2, 0.33, 1, '2017', 1, '2018-03-15 13:52:07', NULL, NULL),
	(2949, 0.18, 240, '2018-03-14', 3, 0.33, 1, '2017', 1, '2018-03-15 13:52:07', NULL, NULL),
	(2950, 0.23, 240, '2018-03-14', 4, 0.33, 1, '2017', 1, '2018-03-15 13:52:07', NULL, NULL),
	(2951, 0.16, 240, '2018-03-14', 5, 0.33, 1, '2017', 1, '2018-03-15 13:52:07', NULL, NULL),
	(2952, 0.32, 240, '2018-03-14', 6, 0.33, 1, '2017', 1, '2018-03-15 13:52:07', NULL, NULL),
	(2953, 0.33, 240, '2018-03-14', 7, 0.33, 1, '2017', 1, '2018-03-15 13:52:07', NULL, NULL),
	(2954, 0.56, 240, '2018-03-14', 8, 0.33, 1, '2017', 1, '2018-03-15 13:52:07', NULL, NULL),
	(2955, 0.42, 240, '2018-03-14', 9, 0.33, 1, '2017', 1, '2018-03-15 13:52:07', NULL, NULL),
	(2956, 0.64, 240, '2018-03-14', 10, 0.33, 1, '2017', 1, '2018-03-15 13:52:07', NULL, NULL),
	(2957, 0.47, 240, '2018-03-14', 11, 0.33, 1, '2017', 1, '2018-03-15 13:52:07', NULL, NULL),
	(2958, 0.63, 240, '2018-03-14', 12, 0.33, 1, '2017', 1, '2018-03-15 13:52:07', NULL, NULL),
	(2959, 0.19, 241, '2018-03-14', 1, 0.56, 1, '2017', 1, '2018-03-15 13:52:07', NULL, NULL),
	(2960, 0.21, 241, '2018-03-14', 2, 0.56, 1, '2017', 1, '2018-03-15 13:52:07', NULL, NULL),
	(2961, 0.22, 241, '2018-03-14', 3, 0.56, 1, '2017', 1, '2018-03-15 13:52:07', NULL, NULL),
	(2962, 0.17, 241, '2018-03-14', 4, 0.56, 1, '2017', 1, '2018-03-15 13:52:07', NULL, NULL),
	(2963, 0.29, 241, '2018-03-14', 5, 0.56, 1, '2017', 1, '2018-03-15 13:52:07', NULL, NULL),
	(2964, 0.35, 241, '2018-03-14', 6, 0.56, 1, '2017', 1, '2018-03-15 13:52:07', NULL, NULL),
	(2965, 0.38, 241, '2018-03-14', 7, 0.56, 1, '2017', 1, '2018-03-15 13:52:07', NULL, NULL),
	(2966, 0.36, 241, '2018-03-14', 8, 0.56, 1, '2017', 1, '2018-03-15 13:52:07', NULL, NULL),
	(2967, 0.32, 241, '2018-03-14', 9, 0.56, 1, '2017', 1, '2018-03-15 13:52:07', NULL, NULL),
	(2968, 0.29, 241, '2018-03-14', 10, 0.56, 1, '2017', 1, '2018-03-15 13:52:07', NULL, NULL),
	(2969, 0.44, 241, '2018-03-14', 11, 0.56, 1, '2017', 1, '2018-03-15 13:52:07', NULL, NULL),
	(2970, 0.48, 241, '2018-03-14', 12, 0.56, 1, '2017', 1, '2018-03-15 13:52:07', NULL, NULL),
	(2971, 7.74, 243, '2018-03-14', 1, 5.91, 1, '2018', 1, '2018-03-15 13:52:07', NULL, NULL),
	(2972, 8.76, 243, '2018-03-14', 2, 5.91, 1, '2018', 1, '2018-03-15 13:52:07', NULL, NULL),
	(2973, 0, 243, '2018-03-14', 3, 5.91, 1, '2018', 1, '2018-03-15 13:52:07', NULL, NULL),
	(2974, 0, 243, '2018-03-14', 4, 5.91, 1, '2018', 1, '2018-03-15 13:52:07', NULL, NULL),
	(2975, 0, 243, '2018-03-14', 5, 5.91, 1, '2018', 1, '2018-03-15 13:52:07', NULL, NULL),
	(2976, 0, 243, '2018-03-14', 6, 5.91, 1, '2018', 1, '2018-03-15 13:52:07', NULL, NULL),
	(2977, 0, 243, '2018-03-14', 7, 5.91, 1, '2018', 1, '2018-03-15 13:52:07', NULL, NULL),
	(2978, 0, 243, '2018-03-14', 8, 5.91, 1, '2018', 1, '2018-03-15 13:52:07', NULL, NULL),
	(2979, 0, 243, '2018-03-14', 9, 5.91, 1, '2018', 1, '2018-03-15 13:52:07', NULL, NULL),
	(2980, 0, 243, '2018-03-14', 10, 5.91, 1, '2018', 1, '2018-03-15 13:52:07', NULL, NULL),
	(2981, 0, 243, '2018-03-14', 11, 5.91, 1, '2018', 1, '2018-03-15 13:52:07', NULL, NULL),
	(2982, 0, 243, '2018-03-14', 12, 5.91, 1, '2018', 1, '2018-03-15 13:52:07', NULL, NULL),
	(2983, 0.52, 244, '2018-03-14', 1, 0.45, 1, '2018', 1, '2018-03-15 13:52:07', NULL, NULL),
	(2984, 0.59, 244, '2018-03-14', 2, 0.45, 1, '2018', 1, '2018-03-15 13:52:07', NULL, NULL),
	(2985, 0, 244, '2018-03-14', 3, 0.45, 1, '2018', 1, '2018-03-15 13:52:07', NULL, NULL),
	(2986, 0, 244, '2018-03-14', 4, 0.45, 1, '2018', 1, '2018-03-15 13:52:07', NULL, NULL),
	(2987, 0, 244, '2018-03-14', 5, 0.45, 1, '2018', 1, '2018-03-15 13:52:07', NULL, NULL),
	(2988, 0, 244, '2018-03-14', 6, 0.45, 1, '2018', 1, '2018-03-15 13:52:07', NULL, NULL),
	(2989, 0, 244, '2018-03-14', 7, 0.45, 1, '2018', 1, '2018-03-15 13:52:07', NULL, NULL),
	(2990, 0, 244, '2018-03-14', 8, 0.45, 1, '2018', 1, '2018-03-15 13:52:07', NULL, NULL),
	(2991, 0, 244, '2018-03-14', 9, 0.45, 1, '2018', 1, '2018-03-15 13:52:07', NULL, NULL),
	(2992, 0, 244, '2018-03-14', 10, 0.45, 1, '2018', 1, '2018-03-15 13:52:07', NULL, NULL),
	(2993, 0, 244, '2018-03-14', 11, 0.45, 1, '2018', 1, '2018-03-15 13:52:07', NULL, NULL),
	(2994, 0, 244, '2018-03-14', 12, 0.45, 1, '2018', 1, '2018-03-15 13:52:07', NULL, NULL),
	(2995, 0.53, 245, '2018-03-14', 1, 0.33, 1, '2018', 1, '2018-03-15 13:52:07', NULL, NULL),
	(2996, 0.32, 245, '2018-03-14', 2, 0.33, 1, '2018', 1, '2018-03-15 13:52:07', NULL, NULL),
	(2997, 0, 245, '2018-03-14', 3, 0.33, 1, '2018', 1, '2018-03-15 13:52:07', NULL, NULL),
	(2998, 0, 245, '2018-03-14', 4, 0.33, 1, '2018', 1, '2018-03-15 13:52:07', NULL, NULL),
	(2999, 0, 245, '2018-03-14', 5, 0.33, 1, '2018', 1, '2018-03-15 13:52:07', NULL, NULL),
	(3000, 0, 245, '2018-03-14', 6, 0.33, 1, '2018', 1, '2018-03-15 13:52:07', NULL, NULL),
	(3001, 0, 245, '2018-03-14', 7, 0.33, 1, '2018', 1, '2018-03-15 13:52:07', NULL, NULL),
	(3002, 0, 245, '2018-03-14', 8, 0.33, 1, '2018', 1, '2018-03-15 13:52:07', NULL, NULL),
	(3003, 0, 245, '2018-03-14', 9, 0.33, 1, '2018', 1, '2018-03-15 13:52:07', NULL, NULL),
	(3004, 0, 245, '2018-03-14', 10, 0.33, 1, '2018', 1, '2018-03-15 13:52:07', NULL, NULL),
	(3005, 0, 245, '2018-03-14', 11, 0.33, 1, '2018', 1, '2018-03-15 13:52:07', NULL, NULL),
	(3006, 0, 245, '2018-03-14', 12, 0.33, 1, '2018', 1, '2018-03-15 13:52:07', NULL, NULL),
	(3007, 0, 23, '2018-03-14', 1, 0, 0, '2015', 1, '2018-03-15 13:53:02', NULL, NULL),
	(3008, 0, 23, '2018-03-14', 2, 0, 0, '2015', 1, '2018-03-15 13:53:02', NULL, NULL),
	(3009, 0, 23, '2018-03-14', 3, 0, 0, '2015', 1, '2018-03-15 13:53:02', NULL, NULL),
	(3010, 0, 23, '2018-03-14', 4, 0, 0, '2015', 1, '2018-03-15 13:53:02', NULL, NULL),
	(3011, 0, 23, '2018-03-14', 5, 0, 0, '2015', 1, '2018-03-15 13:53:02', NULL, NULL),
	(3012, 0, 23, '2018-03-14', 6, 0, 0, '2015', 1, '2018-03-15 13:53:02', NULL, NULL),
	(3013, 0, 23, '2018-03-14', 7, 0, 0, '2015', 1, '2018-03-15 13:53:02', NULL, NULL),
	(3014, 0, 23, '2018-03-14', 8, 0, 0, '2015', 1, '2018-03-15 13:53:02', NULL, NULL),
	(3015, 0, 23, '2018-03-14', 9, 0, 0, '2015', 1, '2018-03-15 13:53:02', NULL, NULL),
	(3016, 0, 23, '2018-03-14', 10, 0, 0, '2015', 1, '2018-03-15 13:53:02', NULL, NULL),
	(3017, 4, 24, '2018-03-14', 1, 0, 0, '2015', 1, '2018-03-15 13:53:02', NULL, NULL),
	(3018, 1, 24, '2018-03-14', 2, 0, 0, '2015', 1, '2018-03-15 13:53:02', NULL, NULL),
	(3019, 0, 24, '2018-03-14', 3, 0, 0, '2015', 1, '2018-03-15 13:53:02', NULL, NULL),
	(3020, 0, 24, '2018-03-14', 4, 0, 0, '2015', 1, '2018-03-15 13:53:02', NULL, NULL),
	(3021, 0, 24, '2018-03-14', 5, 0, 0, '2015', 1, '2018-03-15 13:53:02', NULL, NULL),
	(3022, 0, 24, '2018-03-14', 6, 0, 0, '2015', 1, '2018-03-15 13:53:02', NULL, NULL),
	(3023, 2, 24, '2018-03-14', 7, 0, 0, '2015', 1, '2018-03-15 13:53:02', NULL, NULL),
	(3024, 1, 24, '2018-03-14', 8, 0, 0, '2015', 1, '2018-03-15 13:53:02', NULL, NULL),
	(3025, 1, 24, '2018-03-14', 9, 0, 0, '2015', 1, '2018-03-15 13:53:02', NULL, NULL),
	(3026, 4, 24, '2018-03-14', 10, 0, 0, '2015', 1, '2018-03-15 13:53:02', NULL, NULL),
	(3027, 0, 25, '2018-03-14', 1, 0, 0, '2015', 1, '2018-03-15 13:53:02', NULL, NULL),
	(3028, 0, 25, '2018-03-14', 2, 0, 0, '2015', 1, '2018-03-15 13:53:02', NULL, NULL),
	(3029, 0, 25, '2018-03-14', 3, 0, 0, '2015', 1, '2018-03-15 13:53:02', NULL, NULL),
	(3030, 0, 25, '2018-03-14', 4, 0, 0, '2015', 1, '2018-03-15 13:53:02', NULL, NULL),
	(3031, 0, 25, '2018-03-14', 5, 0, 0, '2015', 1, '2018-03-15 13:53:02', NULL, NULL),
	(3032, 0, 25, '2018-03-14', 6, 0, 0, '2015', 1, '2018-03-15 13:53:02', NULL, NULL),
	(3033, 0, 25, '2018-03-14', 7, 0, 0, '2015', 1, '2018-03-15 13:53:02', NULL, NULL),
	(3034, 0, 25, '2018-03-14', 8, 0, 0, '2015', 1, '2018-03-15 13:53:02', NULL, NULL),
	(3035, 0, 25, '2018-03-14', 9, 0, 0, '2015', 1, '2018-03-15 13:53:02', NULL, NULL),
	(3036, 0, 25, '2018-03-14', 10, 0, 0, '2015', 1, '2018-03-15 13:53:02', NULL, NULL),
	(3037, 1, 26, '2018-03-14', 1, 0, 0, '2015', 1, '2018-03-15 13:53:02', NULL, NULL),
	(3038, 1, 26, '2018-03-14', 2, 0, 0, '2015', 1, '2018-03-15 13:53:02', NULL, NULL),
	(3039, 1, 26, '2018-03-14', 3, 0, 0, '2015', 1, '2018-03-15 13:53:02', NULL, NULL),
	(3040, 1, 26, '2018-03-14', 4, 0, 0, '2015', 1, '2018-03-15 13:53:02', NULL, NULL),
	(3041, 1, 26, '2018-03-14', 5, 0, 0, '2015', 1, '2018-03-15 13:53:02', NULL, NULL),
	(3042, 1, 26, '2018-03-14', 6, 0, 0, '2015', 1, '2018-03-15 13:53:02', NULL, NULL),
	(3043, 1, 26, '2018-03-14', 7, 0, 0, '2015', 1, '2018-03-15 13:53:02', NULL, NULL),
	(3044, 1, 26, '2018-03-14', 8, 0, 0, '2015', 1, '2018-03-15 13:53:02', NULL, NULL),
	(3045, 1, 26, '2018-03-14', 9, 0, 0, '2015', 1, '2018-03-15 13:53:02', NULL, NULL),
	(3046, 1, 26, '2018-03-14', 10, 0, 0, '2015', 1, '2018-03-15 13:53:02', NULL, NULL),
	(3047, 0, 27, '2018-03-14', 1, 0, 0, '2015', 1, '2018-03-15 13:53:02', NULL, NULL),
	(3048, 0, 27, '2018-03-14', 2, 0, 0, '2015', 1, '2018-03-15 13:53:02', NULL, NULL),
	(3049, 0, 27, '2018-03-14', 3, 0, 0, '2015', 1, '2018-03-15 13:53:02', NULL, NULL),
	(3050, 0, 27, '2018-03-14', 4, 0, 0, '2015', 1, '2018-03-15 13:53:02', NULL, NULL),
	(3051, 0, 27, '2018-03-14', 5, 0, 0, '2015', 1, '2018-03-15 13:53:02', NULL, NULL),
	(3052, 0, 27, '2018-03-14', 6, 0, 0, '2015', 1, '2018-03-15 13:53:02', NULL, NULL),
	(3053, 0, 27, '2018-03-14', 7, 0, 0, '2015', 1, '2018-03-15 13:53:02', NULL, NULL),
	(3054, 0, 27, '2018-03-14', 8, 0, 0, '2015', 1, '2018-03-15 13:53:02', NULL, NULL),
	(3055, 0, 27, '2018-03-14', 9, 0, 0, '2015', 1, '2018-03-15 13:53:02', NULL, NULL),
	(3056, 0, 27, '2018-03-14', 10, 0, 0, '2015', 1, '2018-03-15 13:53:02', NULL, NULL),
	(3057, 0, 28, '2018-03-14', 1, 0, 0, '2015', 1, '2018-03-15 13:53:02', NULL, NULL),
	(3058, 0, 28, '2018-03-14', 2, 0, 0, '2015', 1, '2018-03-15 13:53:02', NULL, NULL),
	(3059, 0, 28, '2018-03-14', 3, 0, 0, '2015', 1, '2018-03-15 13:53:02', NULL, NULL),
	(3060, 0, 28, '2018-03-14', 4, 0, 0, '2015', 1, '2018-03-15 13:53:02', NULL, NULL),
	(3061, 0, 28, '2018-03-14', 5, 0, 0, '2015', 1, '2018-03-15 13:53:02', NULL, NULL),
	(3062, 0, 28, '2018-03-14', 6, 0, 0, '2015', 1, '2018-03-15 13:53:02', NULL, NULL),
	(3063, 0, 28, '2018-03-14', 7, 0, 0, '2015', 1, '2018-03-15 13:53:02', NULL, NULL),
	(3064, 0, 28, '2018-03-14', 8, 0, 0, '2015', 1, '2018-03-15 13:53:03', NULL, NULL),
	(3065, 0, 28, '2018-03-14', 9, 0, 0, '2015', 1, '2018-03-15 13:53:03', NULL, NULL),
	(3066, 0, 28, '2018-03-14', 10, 0, 0, '2015', 1, '2018-03-15 13:53:03', NULL, NULL),
	(3067, 117168228909719, 29, '2018-03-14', 1, 0, 0, '2015', 1, '2018-03-15 13:53:03', NULL, NULL),
	(3068, 109077687553024, 29, '2018-03-14', 2, 0, 0, '2015', 1, '2018-03-15 13:53:03', NULL, NULL),
	(3069, 6354, 29, '2018-03-14', 3, 0, 0, '2015', 1, '2018-03-15 13:53:03', NULL, NULL),
	(3070, 5634, 29, '2018-03-14', 4, 0, 0, '2015', 1, '2018-03-15 13:53:03', NULL, NULL),
	(3071, 4612, 29, '2018-03-14', 5, 0, 0, '2015', 1, '2018-03-15 13:53:03', NULL, NULL),
	(3072, 5058, 29, '2018-03-14', 6, 0, 0, '2015', 1, '2018-03-15 13:53:03', NULL, NULL),
	(3073, 6236, 29, '2018-03-14', 7, 0, 0, '2015', 1, '2018-03-15 13:53:03', NULL, NULL),
	(3074, 6487, 29, '2018-03-14', 8, 0, 0, '2015', 1, '2018-03-15 13:53:03', NULL, NULL),
	(3075, 6326, 29, '2018-03-14', 9, 0, 0, '2015', 1, '2018-03-15 13:53:03', NULL, NULL),
	(3076, 5878, 29, '2018-03-14', 10, 0, 0, '2015', 1, '2018-03-15 13:53:03', NULL, NULL),
	(3077, 182384341637011, 30, '2018-03-14', 1, 0, 0, '2015', 1, '2018-03-15 13:53:03', NULL, NULL),
	(3078, 131501182033097, 30, '2018-03-14', 2, 0, 0, '2015', 1, '2018-03-15 13:53:03', NULL, NULL),
	(3079, 10412, 30, '2018-03-14', 3, 0, 0, '2015', 1, '2018-03-15 13:53:03', NULL, NULL),
	(3080, 12663, 30, '2018-03-14', 4, 0, 0, '2015', 1, '2018-03-15 13:53:03', NULL, NULL),
	(3081, 12230, 30, '2018-03-14', 5, 0, 0, '2015', 1, '2018-03-15 13:53:03', NULL, NULL),
	(3082, 36231884057971, 30, '2018-03-14', 6, 0, 0, '2015', 1, '2018-03-15 13:53:03', NULL, NULL),
	(3083, 11853, 30, '2018-03-14', 7, 0, 0, '2015', 1, '2018-03-15 13:53:03', NULL, NULL),
	(3084, 12774, 30, '2018-03-14', 8, 0, 0, '2015', 1, '2018-03-15 13:53:03', NULL, NULL),
	(3085, 11215, 30, '2018-03-14', 9, 0, 0, '2015', 1, '2018-03-15 13:53:03', NULL, NULL),
	(3086, 11752, 30, '2018-03-14', 10, 0, 0, '2015', 1, '2018-03-15 13:53:03', NULL, NULL),
	(3087, 792994069783478, 31, '2018-03-14', 1, 0, 0, '2015', 1, '2018-03-15 13:53:03', NULL, NULL),
	(3088, 5024, 31, '2018-03-14', 2, 0, 0, '2015', 1, '2018-03-15 13:53:03', NULL, NULL),
	(3089, 6114, 31, '2018-03-14', 3, 0, 0, '2015', 1, '2018-03-15 13:53:03', NULL, NULL),
	(3090, 5373, 31, '2018-03-14', 4, 0, 0, '2015', 1, '2018-03-15 13:53:03', NULL, NULL),
	(3091, 6378, 31, '2018-03-14', 5, 0, 0, '2015', 1, '2018-03-15 13:53:03', NULL, NULL),
	(3092, 2253, 31, '2018-03-14', 6, 0, 0, '2015', 1, '2018-03-15 13:53:03', NULL, NULL),
	(3093, 6406, 31, '2018-03-14', 7, 0, 0, '2015', 1, '2018-03-15 13:53:03', NULL, NULL),
	(3094, 5458, 31, '2018-03-14', 8, 0, 0, '2015', 1, '2018-03-15 13:53:03', NULL, NULL),
	(3095, 6123, 31, '2018-03-14', 9, 0, 0, '2015', 1, '2018-03-15 13:53:03', NULL, NULL),
	(3096, 5012, 31, '2018-03-14', 10, 0, 0, '2015', 1, '2018-03-15 13:53:03', NULL, NULL),
	(3097, 0, 32, '2018-03-14', 1, 0, 0, '2015', 1, '2018-03-15 13:53:03', NULL, NULL),
	(3098, 0, 32, '2018-03-14', 2, 0, 0, '2015', 1, '2018-03-15 13:53:03', NULL, NULL),
	(3099, 0, 32, '2018-03-14', 3, 0, 0, '2015', 1, '2018-03-15 13:53:03', NULL, NULL),
	(3100, 0, 32, '2018-03-14', 4, 0, 0, '2015', 1, '2018-03-15 13:53:03', NULL, NULL),
	(3101, 0.08, 32, '2018-03-14', 5, 0, 0, '2015', 1, '2018-03-15 13:53:03', NULL, NULL),
	(3102, 0.09, 32, '2018-03-14', 6, 0, 0, '2015', 1, '2018-03-15 13:53:03', NULL, NULL),
	(3103, 0.09, 32, '2018-03-14', 7, 0, 0, '2015', 1, '2018-03-15 13:53:03', NULL, NULL),
	(3104, 0.09, 32, '2018-03-14', 8, 0, 0, '2015', 1, '2018-03-15 13:53:03', NULL, NULL),
	(3105, 1, 33, '2018-03-14', 1, 0, 0, '2015', 1, '2018-03-15 13:53:03', NULL, NULL),
	(3106, 1, 33, '2018-03-14', 2, 0, 0, '2015', 1, '2018-03-15 13:53:03', NULL, NULL),
	(3107, 1, 33, '2018-03-14', 3, 0, 0, '2015', 1, '2018-03-15 13:53:03', NULL, NULL),
	(3108, 1, 33, '2018-03-14', 4, 0, 0, '2015', 1, '2018-03-15 13:53:03', NULL, NULL),
	(3109, 1, 33, '2018-03-14', 5, 0, 0, '2015', 1, '2018-03-15 13:53:03', NULL, NULL),
	(3110, 1, 33, '2018-03-14', 6, 0, 0, '2015', 1, '2018-03-15 13:53:03', NULL, NULL),
	(3111, 1, 33, '2018-03-14', 7, 0, 0, '2015', 1, '2018-03-15 13:53:03', NULL, NULL),
	(3112, 1, 33, '2018-03-14', 8, 0, 0, '2015', 1, '2018-03-15 13:53:03', NULL, NULL),
	(3113, 1, 33, '2018-03-14', 9, 0, 0, '2015', 1, '2018-03-15 13:53:03', NULL, NULL),
	(3114, 0.89, 33, '2018-03-14', 10, 0, 0, '2015', 1, '2018-03-15 13:53:03', NULL, NULL),
	(3115, 0.25, 34, '2018-03-14', 1, 0, 0, '2015', 1, '2018-03-15 13:53:03', NULL, NULL),
	(3116, 0.27, 34, '2018-03-14', 2, 0, 0, '2015', 1, '2018-03-15 13:53:03', NULL, NULL),
	(3117, 0.21, 34, '2018-03-14', 3, 0, 0, '2015', 1, '2018-03-15 13:53:03', NULL, NULL),
	(3118, 0.21, 34, '2018-03-14', 4, 0, 0, '2015', 1, '2018-03-15 13:53:03', NULL, NULL),
	(3119, 0.17, 34, '2018-03-14', 5, 0, 0, '2015', 1, '2018-03-15 13:53:03', NULL, NULL),
	(3120, 0.19, 34, '2018-03-14', 6, 0, 0, '2015', 1, '2018-03-15 13:53:03', NULL, NULL),
	(3121, 0.2, 34, '2018-03-14', 7, 0, 0, '2015', 1, '2018-03-15 13:53:03', NULL, NULL),
	(3122, 0.21, 34, '2018-03-14', 8, 0, 0, '2015', 1, '2018-03-15 13:53:03', NULL, NULL),
	(3123, 0.18, 35, '2018-03-14', 1, 0, 0, '2015', 1, '2018-03-15 13:53:03', NULL, NULL),
	(3124, 0.16, 35, '2018-03-14', 2, 0, 0, '2015', 1, '2018-03-15 13:53:03', NULL, NULL),
	(3125, 0.22, 35, '2018-03-14', 3, 0, 0, '2015', 1, '2018-03-15 13:53:03', NULL, NULL),
	(3126, 0.26, 35, '2018-03-14', 4, 0, 0, '2015', 1, '2018-03-15 13:53:03', NULL, NULL),
	(3127, 0.27, 35, '2018-03-14', 5, 0, 0, '2015', 1, '2018-03-15 13:53:03', NULL, NULL),
	(3128, 0.3, 35, '2018-03-14', 6, 0, 0, '2015', 1, '2018-03-15 13:53:03', NULL, NULL),
	(3129, 0.21, 35, '2018-03-14', 7, 0, 0, '2015', 1, '2018-03-15 13:53:03', NULL, NULL),
	(3130, 0.21, 35, '2018-03-14', 8, 0, 0, '2015', 1, '2018-03-15 13:53:03', NULL, NULL),
	(3131, 0.33, 36, '2018-03-14', 1, 0, 0, '2015', 1, '2018-03-15 13:53:03', NULL, NULL),
	(3132, 0.41, 36, '2018-03-14', 2, 0, 0, '2015', 1, '2018-03-15 13:53:03', NULL, NULL),
	(3133, 0.35, 36, '2018-03-14', 3, 0, 0, '2015', 1, '2018-03-15 13:53:03', NULL, NULL),
	(3134, 0.45, 36, '2018-03-14', 4, 0, 0, '2015', 1, '2018-03-15 13:53:03', NULL, NULL),
	(3135, 0.39, 36, '2018-03-14', 5, 0, 0, '2015', 1, '2018-03-15 13:53:03', NULL, NULL),
	(3136, 0.43, 36, '2018-03-14', 6, 0, 0, '2015', 1, '2018-03-15 13:53:03', NULL, NULL),
	(3137, 0.4, 36, '2018-03-14', 7, 0, 0, '2015', 1, '2018-03-15 13:53:03', NULL, NULL),
	(3138, 0.35, 36, '2018-03-14', 8, 0, 0, '2015', 1, '2018-03-15 13:53:03', NULL, NULL),
	(3139, 1, 37, '2018-03-14', 1, 0, 1, '2015', 1, '2018-03-15 13:53:03', NULL, NULL),
	(3140, 1, 37, '2018-03-14', 2, 0, 1, '2015', 1, '2018-03-15 13:53:03', NULL, NULL),
	(3141, 1, 37, '2018-03-14', 3, 0, 1, '2015', 1, '2018-03-15 13:53:03', NULL, NULL),
	(3142, 1, 37, '2018-03-14', 4, 0, 1, '2015', 1, '2018-03-15 13:53:03', NULL, NULL),
	(3143, 1, 37, '2018-03-14', 5, 0, 1, '2015', 1, '2018-03-15 13:53:03', NULL, NULL),
	(3144, 1, 37, '2018-03-14', 6, 0, 1, '2015', 1, '2018-03-15 13:53:03', NULL, NULL),
	(3145, 1, 37, '2018-03-14', 7, 0, 1, '2015', 1, '2018-03-15 13:53:03', NULL, NULL),
	(3146, 1, 37, '2018-03-14', 8, 0, 1, '2015', 1, '2018-03-15 13:53:03', NULL, NULL),
	(3147, 16803.12, 38, '2018-03-14', 1, 0, 0, '2015', 1, '2018-03-15 13:53:03', NULL, NULL),
	(3148, 8351.45, 38, '2018-03-14', 2, 0, 0, '2015', 1, '2018-03-15 13:53:03', NULL, NULL),
	(3149, 8045.85, 38, '2018-03-14', 3, 0, 0, '2015', 1, '2018-03-15 13:53:03', NULL, NULL),
	(3150, 22790.94, 38, '2018-03-14', 4, 0, 0, '2015', 1, '2018-03-15 13:53:03', NULL, NULL),
	(3151, 4625.43, 38, '2018-03-14', 5, 0, 0, '2015', 1, '2018-03-15 13:53:03', NULL, NULL),
	(3152, -6558.35, 38, '2018-03-14', 6, 0, 0, '2015', 1, '2018-03-15 13:53:03', NULL, NULL),
	(3153, 9928.49, 38, '2018-03-14', 7, 0, 0, '2015', 1, '2018-03-15 13:53:03', NULL, NULL),
	(3154, -49.22, 38, '2018-03-14', 8, 0, 0, '2015', 1, '2018-03-15 13:53:03', NULL, NULL),
	(3155, 0, 54, '2018-03-14', 2, 0, 1, '2016', 1, '2018-03-15 13:53:03', NULL, NULL),
	(3156, 0, 54, '2018-03-14', 6, 0, 1, '2016', 1, '2018-03-15 13:53:03', NULL, NULL),
	(3157, 0, 54, '2018-03-14', 8, 0, 1, '2016', 1, '2018-03-15 13:53:03', NULL, NULL),
	(3158, 0, 54, '2018-03-14', 9, 0, 1, '2016', 1, '2018-03-15 13:53:03', NULL, NULL),
	(3159, 0, 39, '2018-03-14', 1, 1, 1, '2016', 1, '2018-03-15 13:53:03', NULL, NULL),
	(3160, 1, 39, '2018-03-14', 2, 2, 1, '2016', 1, '2018-03-15 13:53:03', NULL, NULL),
	(3161, 0, 39, '2018-03-14', 3, 3, 1, '2016', 1, '2018-03-15 13:53:03', NULL, NULL),
	(3162, 0, 39, '2018-03-14', 4, 4, 1, '2016', 1, '2018-03-15 13:53:03', NULL, NULL),
	(3163, 0, 39, '2018-03-14', 5, 5, 1, '2016', 1, '2018-03-15 13:53:03', NULL, NULL),
	(3164, 2, 39, '2018-03-14', 6, 6, 1, '2016', 1, '2018-03-15 13:53:03', NULL, NULL),
	(3165, 0, 39, '2018-03-14', 7, 7, 1, '2016', 1, '2018-03-15 13:53:03', NULL, NULL),
	(3166, 0, 39, '2018-03-14', 8, 8, 1, '2016', 1, '2018-03-15 13:53:03', NULL, NULL),
	(3167, 1, 39, '2018-03-14', 9, 9, 1, '2016', 1, '2018-03-15 13:53:03', NULL, NULL),
	(3168, 1, 39, '2018-03-14', 10, 10, 1, '2016', 1, '2018-03-15 13:53:03', NULL, NULL),
	(3169, 0, 40, '2018-03-14', 1, 0.5, 1, '2016', 1, '2018-03-15 13:53:03', NULL, NULL),
	(3170, 0, 40, '2018-03-14', 2, 1, 1, '2016', 1, '2018-03-15 13:53:03', NULL, NULL),
	(3171, 1, 40, '2018-03-14', 3, 1.5, 1, '2016', 1, '2018-03-15 13:53:03', NULL, NULL),
	(3172, 0, 40, '2018-03-14', 4, 2, 1, '2016', 1, '2018-03-15 13:53:03', NULL, NULL),
	(3173, 0, 40, '2018-03-14', 5, 2.5, 1, '2016', 1, '2018-03-15 13:53:03', NULL, NULL),
	(3174, 0, 40, '2018-03-14', 6, 3, 1, '2016', 1, '2018-03-15 13:53:03', NULL, NULL),
	(3175, 0, 40, '2018-03-14', 7, 3.5, 1, '2016', 1, '2018-03-15 13:53:03', NULL, NULL),
	(3176, 0, 40, '2018-03-14', 8, 4, 1, '2016', 1, '2018-03-15 13:53:03', NULL, NULL),
	(3177, 1, 40, '2018-03-14', 9, 4.5, 1, '2016', 1, '2018-03-15 13:53:03', NULL, NULL),
	(3178, 1, 40, '2018-03-14', 10, 5, 1, '2016', 1, '2018-03-15 13:53:03', NULL, NULL),
	(3179, 100, 41, '2018-03-14', 1, 85, 0, '2016', 1, '2018-03-15 13:53:03', NULL, NULL),
	(3180, 100, 41, '2018-03-14', 2, 85, 0, '2016', 1, '2018-03-15 13:53:03', NULL, NULL),
	(3181, 100, 41, '2018-03-14', 3, 85, 0, '2016', 1, '2018-03-15 13:53:03', NULL, NULL),
	(3182, 100, 41, '2018-03-14', 4, 85, 0, '2016', 1, '2018-03-15 13:53:03', NULL, NULL),
	(3183, 100, 41, '2018-03-14', 5, 85, 0, '2016', 1, '2018-03-15 13:53:03', NULL, NULL),
	(3184, 100, 41, '2018-03-14', 6, 85, 0, '2016', 1, '2018-03-15 13:53:03', NULL, NULL),
	(3185, 100, 41, '2018-03-14', 7, 85, 0, '2016', 1, '2018-03-15 13:53:03', NULL, NULL),
	(3186, 100, 41, '2018-03-14', 8, 85, 0, '2016', 1, '2018-03-15 13:53:03', NULL, NULL),
	(3187, 100, 41, '2018-03-14', 9, 85, 0, '2016', 1, '2018-03-15 13:53:03', NULL, NULL),
	(3188, 100, 41, '2018-03-14', 10, 85, 0, '2016', 1, '2018-03-15 13:53:03', NULL, NULL),
	(3189, 0, 42, '2018-03-14', 1, 8.2, 1, '2016', 1, '2018-03-15 13:53:03', NULL, NULL),
	(3190, 0, 42, '2018-03-14', 2, 8.2, 1, '2016', 1, '2018-03-15 13:53:03', NULL, NULL),
	(3191, 19.44, 42, '2018-03-14', 3, 8.2, 1, '2016', 1, '2018-03-15 13:53:03', NULL, NULL),
	(3192, 0, 42, '2018-03-14', 4, 8.2, 1, '2016', 1, '2018-03-15 13:53:03', NULL, NULL),
	(3193, 0, 42, '2018-03-14', 5, 8.2, 1, '2016', 1, '2018-03-15 13:53:03', NULL, NULL),
	(3194, 0, 42, '2018-03-14', 6, 8.2, 1, '2016', 1, '2018-03-15 13:53:03', NULL, NULL),
	(3195, 0, 42, '2018-03-14', 7, 8.2, 1, '2016', 1, '2018-03-15 13:53:03', NULL, NULL),
	(3196, 0, 42, '2018-03-14', 8, 8.2, 1, '2016', 1, '2018-03-15 13:53:03', NULL, NULL),
	(3197, 14.8, 42, '2018-03-14', 9, 8.2, 1, '2016', 1, '2018-03-15 13:53:03', NULL, NULL),
	(3198, 28.8, 42, '2018-03-14', 10, 8.2, 1, '2016', 1, '2018-03-15 13:53:03', NULL, NULL),
	(3199, 0, 43, '2018-03-14', 1, 15, 1, '2016', 1, '2018-03-15 13:53:03', NULL, NULL),
	(3200, 0, 43, '2018-03-14', 2, 15, 1, '2016', 1, '2018-03-15 13:53:03', NULL, NULL),
	(3201, 19.44, 43, '2018-03-14', 3, 15, 1, '2016', 1, '2018-03-15 13:53:03', NULL, NULL),
	(3202, 0, 43, '2018-03-14', 4, 15, 1, '2016', 1, '2018-03-15 13:53:03', NULL, NULL),
	(3203, 0, 43, '2018-03-14', 5, 15, 1, '2016', 1, '2018-03-15 13:53:03', NULL, NULL),
	(3204, 0, 43, '2018-03-14', 6, 15, 1, '2016', 1, '2018-03-15 13:53:03', NULL, NULL),
	(3205, 0, 43, '2018-03-14', 7, 15, 1, '2016', 1, '2018-03-15 13:53:03', NULL, NULL),
	(3206, 0, 43, '2018-03-14', 8, 15, 1, '2016', 1, '2018-03-15 13:53:03', NULL, NULL),
	(3207, 14.8, 43, '2018-03-14', 9, 15, 1, '2016', 1, '2018-03-15 13:53:03', NULL, NULL),
	(3208, 28.8, 43, '2018-03-14', 10, 15, 1, '2016', 1, '2018-03-15 13:53:03', NULL, NULL),
	(3209, 6520, 44, '2018-03-14', 1, 5950, 1, '2016', 1, '2018-03-15 13:53:03', NULL, NULL),
	(3210, 6221, 44, '2018-03-14', 2, 5950, 1, '2016', 1, '2018-03-15 13:53:03', NULL, NULL),
	(3211, 6495, 44, '2018-03-14', 3, 5950, 1, '2016', 1, '2018-03-15 13:53:03', NULL, NULL),
	(3212, 5828, 44, '2018-03-14', 4, 5950, 1, '2016', 1, '2018-03-15 13:53:03', NULL, NULL),
	(3213, 5058, 44, '2018-03-14', 5, 5950, 1, '2016', 1, '2018-03-15 13:53:03', NULL, NULL),
	(3214, 5067, 44, '2018-03-14', 6, 5950, 1, '2016', 1, '2018-03-15 13:53:03', NULL, NULL),
	(3215, 5804, 44, '2018-03-14', 7, 5950, 1, '2016', 1, '2018-03-15 13:53:03', NULL, NULL),
	(3216, 5875, 44, '2018-03-14', 8, 5950, 1, '2016', 1, '2018-03-15 13:53:03', NULL, NULL),
	(3217, 5921, 44, '2018-03-14', 9, 5950, 1, '2016', 1, '2018-03-15 13:53:03', NULL, NULL),
	(3218, 5802, 44, '2018-03-14', 10, 5950, 1, '2016', 1, '2018-03-15 13:53:03', NULL, NULL),
	(3219, 98.82, 45, '2018-03-14', 1, 97.5, 0, '2016', 1, '2018-03-15 13:53:04', NULL, NULL),
	(3220, 98.84, 45, '2018-03-14', 2, 97.5, 0, '2016', 1, '2018-03-15 13:53:04', NULL, NULL),
	(3221, 98.57, 45, '2018-03-14', 3, 97.5, 0, '2016', 1, '2018-03-15 13:53:04', NULL, NULL),
	(3222, 98.55, 45, '2018-03-14', 4, 97.5, 0, '2016', 1, '2018-03-15 13:53:04', NULL, NULL),
	(3223, 99.17, 45, '2018-03-14', 5, 97.5, 0, '2016', 1, '2018-03-15 13:53:04', NULL, NULL),
	(3224, 99.18, 45, '2018-03-14', 6, 97.5, 0, '2016', 1, '2018-03-15 13:53:04', NULL, NULL),
	(3225, 98.77, 45, '2018-03-14', 7, 97.5, 0, '2016', 1, '2018-03-15 13:53:04', NULL, NULL),
	(3226, 99.19, 45, '2018-03-14', 8, 97.5, 0, '2016', 1, '2018-03-15 13:53:04', NULL, NULL),
	(3227, 99.25, 45, '2018-03-14', 9, 97.5, 0, '2016', 1, '2018-03-15 13:53:04', NULL, NULL),
	(3228, 99.62, 45, '2018-03-14', 10, 97.5, 0, '2016', 1, '2018-03-15 13:53:04', NULL, NULL),
	(3229, 5528, 46, '2018-03-14', 1, 5100, 1, '2016', 1, '2018-03-15 13:53:04', NULL, NULL),
	(3230, 5580, 46, '2018-03-14', 2, 5100, 1, '2016', 1, '2018-03-15 13:53:04', NULL, NULL),
	(3231, 5388, 46, '2018-03-14', 3, 5100, 1, '2016', 1, '2018-03-15 13:53:04', NULL, NULL),
	(3232, 5065, 46, '2018-03-14', 4, 5100, 1, '2016', 1, '2018-03-15 13:53:04', NULL, NULL),
	(3233, 5088, 46, '2018-03-14', 5, 5100, 1, '2016', 1, '2018-03-15 13:53:04', NULL, NULL),
	(3234, 3686, 46, '2018-03-14', 6, 5100, 1, '2016', 1, '2018-03-15 13:53:04', NULL, NULL),
	(3235, 3505, 46, '2018-03-14', 7, 5100, 1, '2016', 1, '2018-03-15 13:53:04', NULL, NULL),
	(3236, 5060, 46, '2018-03-14', 8, 5100, 1, '2016', 1, '2018-03-15 13:53:04', NULL, NULL),
	(3237, 4125, 46, '2018-03-14', 9, 5100, 1, '2016', 1, '2018-03-15 13:53:04', NULL, NULL),
	(3238, 5099, 46, '2018-03-14', 10, 5100, 1, '2016', 1, '2018-03-15 13:53:04', NULL, NULL),
	(3239, 0.1, 47, '2018-03-14', 1, 0.09, 1, '2016', 1, '2018-03-15 13:53:04', NULL, NULL),
	(3240, 0.1, 47, '2018-03-14', 2, 0.09, 1, '2016', 1, '2018-03-15 13:53:04', NULL, NULL),
	(3241, 0.08, 47, '2018-03-14', 3, 0.09, 1, '2016', 1, '2018-03-15 13:53:04', NULL, NULL),
	(3242, 0.06, 47, '2018-03-14', 4, 0.09, 1, '2016', 1, '2018-03-15 13:53:04', NULL, NULL),
	(3243, 0.08, 47, '2018-03-14', 5, 0.09, 1, '2016', 1, '2018-03-15 13:53:04', NULL, NULL),
	(3244, 0.08, 47, '2018-03-14', 6, 0.09, 1, '2016', 1, '2018-03-15 13:53:04', NULL, NULL),
	(3245, 0.05, 47, '2018-03-14', 7, 0.09, 1, '2016', 1, '2018-03-15 13:53:04', NULL, NULL),
	(3246, 0.05, 47, '2018-03-14', 8, 0.09, 1, '2016', 1, '2018-03-15 13:53:04', NULL, NULL),
	(3247, 100, 48, '2018-03-14', 1, 90, 0, '2016', 1, '2018-03-15 13:53:04', NULL, NULL),
	(3248, 100, 48, '2018-03-14', 2, 90, 0, '2016', 1, '2018-03-15 13:53:04', NULL, NULL),
	(3249, 100, 48, '2018-03-14', 3, 90, 0, '2016', 1, '2018-03-15 13:53:04', NULL, NULL),
	(3250, 90, 48, '2018-03-14', 4, 90, 0, '2016', 1, '2018-03-15 13:53:04', NULL, NULL),
	(3251, 50, 48, '2018-03-14', 5, 90, 0, '2016', 1, '2018-03-15 13:53:04', NULL, NULL),
	(3252, 100, 48, '2018-03-14', 6, 90, 0, '2016', 1, '2018-03-15 13:53:04', NULL, NULL),
	(3253, 100, 48, '2018-03-14', 7, 90, 0, '2016', 1, '2018-03-15 13:53:04', NULL, NULL),
	(3254, 100, 48, '2018-03-14', 8, 90, 0, '2016', 1, '2018-03-15 13:53:04', NULL, NULL),
	(3255, 100, 48, '2018-03-14', 9, 90, 0, '2016', 1, '2018-03-15 13:53:04', NULL, NULL),
	(3256, 100, 48, '2018-03-14', 10, 90, 0, '2016', 1, '2018-03-15 13:53:04', NULL, NULL),
	(3257, 0.22, 49, '2018-03-14', 1, 1.4, 1, '2016', 1, '2018-03-15 13:53:04', NULL, NULL),
	(3258, 0, 49, '2018-03-14', 2, 1.4, 1, '2016', 1, '2018-03-15 13:53:04', NULL, NULL),
	(3259, 0, 49, '2018-03-14', 3, 1.4, 1, '2016', 1, '2018-03-15 13:53:04', NULL, NULL),
	(3260, 0.03, 49, '2018-03-14', 4, 1.4, 1, '2016', 1, '2018-03-15 13:53:04', NULL, NULL),
	(3261, 0, 49, '2018-03-14', 5, 1.4, 1, '2016', 1, '2018-03-15 13:53:04', NULL, NULL),
	(3262, 0, 49, '2018-03-14', 6, 1.4, 1, '2016', 1, '2018-03-15 13:53:04', NULL, NULL),
	(3263, 0, 49, '2018-03-14', 7, 1.4, 1, '2016', 1, '2018-03-15 13:53:04', NULL, NULL),
	(3264, 0.06, 49, '2018-03-14', 8, 1.4, 1, '2016', 1, '2018-03-15 13:53:04', NULL, NULL),
	(3265, 0.28, 50, '2018-03-14', 1, 3, 1, '2016', 1, '2018-03-15 13:53:04', NULL, NULL),
	(3266, 0, 50, '2018-03-14', 2, 3, 1, '2016', 1, '2018-03-15 13:53:04', NULL, NULL),
	(3267, 0, 50, '2018-03-14', 3, 3, 1, '2016', 1, '2018-03-15 13:53:04', NULL, NULL),
	(3268, 0, 50, '2018-03-14', 4, 3, 1, '2016', 1, '2018-03-15 13:53:04', NULL, NULL),
	(3269, 0, 50, '2018-03-14', 5, 3, 1, '2016', 1, '2018-03-15 13:53:04', NULL, NULL),
	(3270, 0, 50, '2018-03-14', 6, 3, 1, '2016', 1, '2018-03-15 13:53:04', NULL, NULL),
	(3271, 0, 50, '2018-03-14', 7, 3, 1, '2016', 1, '2018-03-15 13:53:04', NULL, NULL),
	(3272, 0, 50, '2018-03-14', 8, 3, 1, '2016', 1, '2018-03-15 13:53:04', NULL, NULL),
	(3273, 0.09, 51, '2018-03-14', 1, 1.46, 1, '2016', 1, '2018-03-15 13:53:04', NULL, NULL),
	(3274, 0, 51, '2018-03-14', 2, 1.46, 1, '2016', 1, '2018-03-15 13:53:04', NULL, NULL),
	(3275, 0, 51, '2018-03-14', 3, 1.46, 1, '2016', 1, '2018-03-15 13:53:04', NULL, NULL),
	(3276, 0.06, 51, '2018-03-14', 4, 1.46, 1, '2016', 1, '2018-03-15 13:53:04', NULL, NULL),
	(3277, 0, 51, '2018-03-14', 5, 1.46, 1, '2016', 1, '2018-03-15 13:53:04', NULL, NULL),
	(3278, 0, 51, '2018-03-14', 6, 1.46, 1, '2016', 1, '2018-03-15 13:53:04', NULL, NULL),
	(3279, 0, 51, '2018-03-14', 7, 1.46, 1, '2016', 1, '2018-03-15 13:53:04', NULL, NULL),
	(3280, 0, 51, '2018-03-14', 8, 1.46, 1, '2016', 1, '2018-03-15 13:53:04', NULL, NULL),
	(3281, 100, 52, '2018-03-14', 1, 98, 0, '2016', 1, '2018-03-15 13:53:04', NULL, NULL),
	(3282, 100, 52, '2018-03-14', 2, 98, 0, '2016', 1, '2018-03-15 13:53:04', NULL, NULL),
	(3283, 100, 52, '2018-03-14', 3, 98, 0, '2016', 1, '2018-03-15 13:53:04', NULL, NULL),
	(3284, 100, 52, '2018-03-14', 4, 98, 0, '2016', 1, '2018-03-15 13:53:04', NULL, NULL),
	(3285, 66, 52, '2018-03-14', 5, 98, 0, '2016', 1, '2018-03-15 13:53:04', NULL, NULL),
	(3286, 100, 52, '2018-03-14', 6, 98, 0, '2016', 1, '2018-03-15 13:53:04', NULL, NULL),
	(3287, 100, 52, '2018-03-14', 7, 98, 0, '2016', 1, '2018-03-15 13:53:04', NULL, NULL),
	(3288, 100, 52, '2018-03-14', 8, 98, 0, '2016', 1, '2018-03-15 13:53:04', NULL, NULL),
	(3289, 28484, 53, '2018-03-14', 1, 32500, 1, '2016', 1, '2018-03-15 13:53:04', NULL, NULL),
	(3290, 109378, 53, '2018-03-14', 2, 65000, 1, '2016', 1, '2018-03-15 13:53:04', NULL, NULL),
	(3291, 166941, 53, '2018-03-14', 3, 97500, 1, '2016', 1, '2018-03-15 13:53:04', NULL, NULL),
	(3292, 197637, 53, '2018-03-14', 4, 130000, 1, '2016', 1, '2018-03-15 13:53:04', NULL, NULL),
	(3293, 225030, 53, '2018-03-14', 5, 162500, 1, '2016', 1, '2018-03-15 13:53:04', NULL, NULL),
	(3294, 226037, 53, '2018-03-14', 6, 195000, 1, '2016', 1, '2018-03-15 13:53:04', NULL, NULL),
	(3295, 304060, 53, '2018-03-14', 7, 227500, 1, '2016', 1, '2018-03-15 13:53:04', NULL, NULL),
	(3296, 320979, 53, '2018-03-14', 8, 260000, 1, '2016', 1, '2018-03-15 13:53:04', NULL, NULL),
	(3297, 0, 54, '2018-03-14', 1, 0, 1, '2016', 1, '2018-03-15 13:53:04', NULL, NULL),
	(3298, 0, 54, '2018-03-14', 3, 0, 1, '2016', 1, '2018-03-15 13:53:04', NULL, NULL),
	(3299, 0, 54, '2018-03-14', 4, 0, 1, '2016', 1, '2018-03-15 13:53:04', NULL, NULL),
	(3300, 0, 54, '2018-03-14', 5, 0, 1, '2016', 1, '2018-03-15 13:53:04', NULL, NULL),
	(3301, 0, 54, '2018-03-14', 7, 0, 1, '2016', 1, '2018-03-15 13:53:04', NULL, NULL),
	(3302, 0, 54, '2018-03-14', 10, 0, 1, '2016', 1, '2018-03-15 13:53:04', NULL, NULL),
	(3303, 0, 54, '2018-03-14', 11, 0, 1, '2016', 1, '2018-03-15 13:53:04', NULL, NULL),
	(3304, 0, 54, '2018-03-14', 12, 0, 1, '2016', 1, '2018-03-15 13:53:04', NULL, NULL),
	(3305, 21.8, 42, '2018-03-14', 11, 8.2, 1, '2016', 1, '2018-03-15 13:53:04', NULL, NULL),
	(3306, 24.3, 42, '2018-03-14', 12, 8.2, 1, '2016', 1, '2018-03-15 13:53:04', NULL, NULL),
	(3307, 21.8, 43, '2018-03-14', 11, 15, 1, '2016', 1, '2018-03-15 13:53:04', NULL, NULL),
	(3308, 24.3, 43, '2018-03-14', 12, 15, 1, '2016', 1, '2018-03-15 13:53:04', NULL, NULL),
	(3309, 0, 39, '2018-03-14', 11, 11, 1, '2016', 1, '2018-03-15 13:53:04', NULL, NULL),
	(3310, 1, 40, '2018-03-14', 11, 5.5, 1, '2016', 1, '2018-03-15 13:53:04', NULL, NULL),
	(3311, 1, 40, '2018-03-14', 12, 6, 1, '2016', 1, '2018-03-15 13:53:04', NULL, NULL),
	(3312, 100, 41, '2018-03-14', 11, 85, 0, '2016', 1, '2018-03-15 13:53:04', NULL, NULL),
	(3313, 100, 41, '2018-03-14', 12, 85, 0, '2016', 1, '2018-03-15 13:53:04', NULL, NULL),
	(3314, 0, 39, '2018-03-14', 12, 12, 1, '2016', 1, '2018-03-15 13:53:04', NULL, NULL),
	(3315, 4989, 46, '2018-03-14', 11, 5100, 1, '2016', 1, '2018-03-15 13:53:04', NULL, NULL),
	(3316, 5664, 46, '2018-03-14', 12, 5100, 1, '2016', 1, '2018-03-15 13:53:04', NULL, NULL),
	(3317, 5789, 44, '2018-03-14', 11, 5950, 1, '2016', 1, '2018-03-15 13:53:04', NULL, NULL),
	(3318, 6508, 44, '2018-03-14', 12, 5950, 1, '2016', 1, '2018-03-15 13:53:04', NULL, NULL),
	(3319, 98.09, 45, '2018-03-14', 11, 97.5, 0, '2016', 1, '2018-03-15 13:53:04', NULL, NULL),
	(3320, 87.99, 45, '2018-03-14', 12, 97.5, 0, '2016', 1, '2018-03-15 13:53:04', NULL, NULL),
	(3321, 0.04, 47, '2018-03-14', 9, 0.09, 1, '2016', 1, '2018-03-15 13:53:04', NULL, NULL),
	(3322, 0.08, 47, '2018-03-14', 10, 0.09, 1, '2016', 1, '2018-03-15 13:53:04', NULL, NULL),
	(3323, 0.07, 47, '2018-03-14', 11, 0.09, 1, '2016', 1, '2018-03-15 13:53:04', NULL, NULL),
	(3324, 0.05, 47, '2018-03-14', 12, 0.09, 1, '2016', 1, '2018-03-15 13:53:04', NULL, NULL),
	(3325, 100, 48, '2018-03-14', 11, 90, 0, '2016', 1, '2018-03-15 13:53:04', NULL, NULL),
	(3326, 100, 48, '2018-03-14', 12, 90, 0, '2016', 1, '2018-03-15 13:53:04', NULL, NULL),
	(3327, 100, 52, '2018-03-14', 9, 98, 0, '2016', 1, '2018-03-15 13:53:04', NULL, NULL),
	(3328, 100, 52, '2018-03-14', 10, 98, 0, '2016', 1, '2018-03-15 13:53:04', NULL, NULL),
	(3329, 100, 52, '2018-03-14', 11, 98, 0, '2016', 1, '2018-03-15 13:53:04', NULL, NULL),
	(3330, 100, 52, '2018-03-14', 12, 98, 0, '2016', 1, '2018-03-15 13:53:04', NULL, NULL),
	(3331, 441612, 53, '2018-03-14', 9, 292500, 1, '2016', 1, '2018-03-15 13:53:04', NULL, NULL),
	(3332, 494652, 53, '2018-03-14', 10, 325000, 1, '2016', 1, '2018-03-15 13:53:04', NULL, NULL),
	(3333, 529217, 53, '2018-03-14', 11, 357500, 1, '2016', 1, '2018-03-15 13:53:04', NULL, NULL),
	(3334, 559491, 53, '2018-03-14', 12, 390000, 1, '2016', 1, '2018-03-15 13:53:04', NULL, NULL),
	(3335, 0.65, 49, '2018-03-14', 9, 1.4, 1, '2016', 1, '2018-03-15 13:53:04', NULL, NULL),
	(3336, 0.65, 49, '2018-03-14', 10, 1.4, 1, '2016', 1, '2018-03-15 13:53:04', NULL, NULL),
	(3337, 0.77, 49, '2018-03-14', 11, 1.4, 1, '2016', 1, '2018-03-15 13:53:04', NULL, NULL),
	(3338, 0.74, 49, '2018-03-14', 12, 1.4, 1, '2016', 1, '2018-03-15 13:53:04', NULL, NULL),
	(3339, 0.2, 51, '2018-03-14', 9, 1.46, 1, '2016', 1, '2018-03-15 13:53:04', NULL, NULL),
	(3340, 0.2, 51, '2018-03-14', 10, 1.46, 1, '2016', 1, '2018-03-15 13:53:04', NULL, NULL),
	(3341, 0.11, 51, '2018-03-14', 11, 1.46, 1, '2016', 1, '2018-03-15 13:53:04', NULL, NULL),
	(3342, 0.11, 51, '2018-03-14', 12, 1.46, 1, '2016', 1, '2018-03-15 13:53:04', NULL, NULL),
	(3343, 1.59, 50, '2018-03-14', 9, 3, 1, '2016', 1, '2018-03-15 13:53:04', NULL, NULL),
	(3344, 1.01, 50, '2018-03-14', 10, 3, 1, '2016', 1, '2018-03-15 13:53:04', NULL, NULL),
	(3345, 0.88, 50, '2018-03-14', 11, 3, 1, '2016', 1, '2018-03-15 13:53:04', NULL, NULL),
	(3346, 0.76, 50, '2018-03-14', 12, 3, 1, '2016', 1, '2018-03-15 13:53:04', NULL, NULL),
	(3347, 100, 55, '2018-03-14', 1, 100, 0, '2016', 1, '2018-03-15 13:53:04', NULL, NULL),
	(3348, 100, 55, '2018-03-14', 2, 100, 0, '2016', 1, '2018-03-15 13:53:04', NULL, NULL),
	(3349, 100, 55, '2018-03-14', 3, 100, 0, '2016', 1, '2018-03-15 13:53:04', NULL, NULL),
	(3350, 100, 55, '2018-03-14', 4, 100, 0, '2016', 1, '2018-03-15 13:53:04', NULL, NULL),
	(3351, 100, 55, '2018-03-14', 5, 100, 0, '2016', 1, '2018-03-15 13:53:04', NULL, NULL),
	(3352, 100, 55, '2018-03-14', 6, 100, 0, '2016', 1, '2018-03-15 13:53:04', NULL, NULL),
	(3353, 100, 55, '2018-03-14', 7, 100, 0, '2016', 1, '2018-03-15 13:53:04', NULL, NULL),
	(3354, 100, 55, '2018-03-14', 8, 100, 0, '2016', 1, '2018-03-15 13:53:04', NULL, NULL),
	(3355, 100, 55, '2018-03-14', 9, 100, 0, '2016', 1, '2018-03-15 13:53:04', NULL, NULL),
	(3356, 100, 55, '2018-03-14', 10, 100, 0, '2016', 1, '2018-03-15 13:53:04', NULL, NULL),
	(3357, 100, 55, '2018-03-14', 11, 100, 0, '2016', 1, '2018-03-15 13:53:04', NULL, NULL),
	(3358, 100, 55, '2018-03-14', 12, 100, 0, '2016', 1, '2018-03-15 13:53:04', NULL, NULL),
	(3359, 0, 56, '2018-03-14', 1, 0, 1, '2016', 1, '2018-03-15 13:53:04', NULL, NULL),
	(3360, 0, 56, '2018-03-14', 2, 0, 1, '2016', 1, '2018-03-15 13:53:04', NULL, NULL),
	(3361, 0, 56, '2018-03-14', 3, 0, 1, '2016', 1, '2018-03-15 13:53:04', NULL, NULL),
	(3362, 0, 56, '2018-03-14', 4, 0, 1, '2016', 1, '2018-03-15 13:53:04', NULL, NULL),
	(3363, 0, 56, '2018-03-14', 5, 0, 1, '2016', 1, '2018-03-15 13:53:04', NULL, NULL),
	(3364, 0, 56, '2018-03-14', 6, 0, 1, '2016', 1, '2018-03-15 13:53:04', NULL, NULL),
	(3365, 0, 56, '2018-03-14', 7, 0, 1, '2016', 1, '2018-03-15 13:53:04', NULL, NULL),
	(3366, 0, 56, '2018-03-14', 8, 0, 1, '2016', 1, '2018-03-15 13:53:04', NULL, NULL),
	(3367, 0, 56, '2018-03-14', 9, 0, 1, '2016', 1, '2018-03-15 13:53:04', NULL, NULL),
	(3368, 0, 56, '2018-03-14', 10, 0, 1, '2016', 1, '2018-03-15 13:53:04', NULL, NULL),
	(3369, 0, 56, '2018-03-14', 11, 0, 1, '2016', 1, '2018-03-15 13:53:04', NULL, NULL),
	(3370, 0, 56, '2018-03-14', 12, 0, 1, '2016', 1, '2018-03-15 13:53:04', NULL, NULL),
	(3371, 0, 57, '2018-03-14', 1, 100, 0, '2016', 1, '2018-03-15 13:53:04', NULL, NULL),
	(3372, 0, 57, '2018-03-14', 2, 100, 0, '2016', 1, '2018-03-15 13:53:04', NULL, NULL),
	(3373, 0, 57, '2018-03-14', 3, 100, 0, '2016', 1, '2018-03-15 13:53:04', NULL, NULL),
	(3374, 0, 57, '2018-03-14', 4, 100, 0, '2016', 1, '2018-03-15 13:53:04', NULL, NULL),
	(3375, 0, 57, '2018-03-14', 5, 100, 0, '2016', 1, '2018-03-15 13:53:04', NULL, NULL),
	(3376, 0, 57, '2018-03-14', 6, 100, 0, '2016', 1, '2018-03-15 13:53:04', NULL, NULL),
	(3377, 0, 57, '2018-03-14', 7, 100, 0, '2016', 1, '2018-03-15 13:53:04', NULL, NULL),
	(3378, 0, 57, '2018-03-14', 8, 100, 0, '2016', 1, '2018-03-15 13:53:04', NULL, NULL),
	(3379, 0, 57, '2018-03-14', 9, 100, 0, '2016', 1, '2018-03-15 13:53:05', NULL, NULL),
	(3380, 0, 57, '2018-03-14', 10, 100, 0, '2016', 1, '2018-03-15 13:53:05', NULL, NULL),
	(3381, 0, 57, '2018-03-14', 11, 100, 0, '2016', 1, '2018-03-15 13:53:05', NULL, NULL),
	(3382, 0, 57, '2018-03-14', 12, 100, 0, '2016', 1, '2018-03-15 13:53:05', NULL, NULL),
	(3383, 0, 58, '2018-03-14', 1, 0, 1, '2017', 1, '2018-03-15 13:53:05', NULL, NULL),
	(3384, 0, 58, '2018-03-14', 2, 0, 1, '2017', 1, '2018-03-15 13:53:05', NULL, NULL),
	(3385, 0, 58, '2018-03-14', 3, 0, 1, '2017', 1, '2018-03-15 13:53:05', NULL, NULL),
	(3386, 0, 58, '2018-03-14', 4, 0, 1, '2017', 1, '2018-03-15 13:53:05', NULL, NULL),
	(3387, 0, 58, '2018-03-14', 5, 0, 1, '2017', 1, '2018-03-15 13:53:05', NULL, NULL),
	(3388, 0, 58, '2018-03-14', 6, 0, 1, '2017', 1, '2018-03-15 13:53:05', NULL, NULL),
	(3389, 0, 58, '2018-03-14', 7, 0, 1, '2017', 1, '2018-03-15 13:53:05', NULL, NULL),
	(3390, 0, 58, '2018-03-14', 8, 0, 1, '2017', 1, '2018-03-15 13:53:05', NULL, NULL),
	(3391, 0, 58, '2018-03-14', 9, 0, 1, '2017', 1, '2018-03-15 13:53:05', NULL, NULL),
	(3392, 0, 58, '2018-03-14', 10, 0, 1, '2017', 1, '2018-03-15 13:53:05', NULL, NULL),
	(3393, 0, 58, '2018-03-14', 11, 0, 1, '2017', 1, '2018-03-15 13:53:05', NULL, NULL),
	(3394, 0, 58, '2018-03-14', 12, 0, 1, '2017', 1, '2018-03-15 13:53:05', NULL, NULL),
	(3395, 0, 59, '2018-03-14', 1, 8.7, 1, '2017', 1, '2018-03-15 13:53:05', NULL, NULL),
	(3396, 38.7, 59, '2018-03-14', 2, 8.7, 1, '2017', 1, '2018-03-15 13:53:05', NULL, NULL),
	(3397, 28.7, 59, '2018-03-14', 3, 8.7, 1, '2017', 1, '2018-03-15 13:53:05', NULL, NULL),
	(3398, 0, 59, '2018-03-14', 4, 8.7, 1, '2017', 1, '2018-03-15 13:53:05', NULL, NULL),
	(3399, 0, 59, '2018-03-14', 5, 8.7, 1, '2017', 1, '2018-03-15 13:53:05', NULL, NULL),
	(3400, 0, 59, '2018-03-14', 6, 8.7, 1, '2017', 1, '2018-03-15 13:53:05', NULL, NULL),
	(3401, 31.1, 59, '2018-03-14', 7, 8.7, 1, '2017', 1, '2018-03-15 13:53:05', NULL, NULL),
	(3402, 0, 59, '2018-03-14', 8, 8.7, 1, '2017', 1, '2018-03-15 13:53:05', NULL, NULL),
	(3403, 0, 59, '2018-03-14', 9, 8.7, 1, '2017', 1, '2018-03-15 13:53:05', NULL, NULL),
	(3404, 0, 59, '2018-03-14', 10, 8.7, 1, '2017', 1, '2018-03-15 13:53:05', NULL, NULL),
	(3405, 0, 59, '2018-03-14', 11, 8.7, 1, '2017', 1, '2018-03-15 13:53:05', NULL, NULL),
	(3406, 0, 59, '2018-03-14', 12, 8.7, 1, '2017', 1, '2018-03-15 13:53:05', NULL, NULL),
	(3407, 0, 60, '2018-03-14', 1, 11261, 1, '2017', 1, '2018-03-15 13:53:05', NULL, NULL),
	(3408, 38665, 60, '2018-03-14', 2, 11261, 1, '2017', 1, '2018-03-15 13:53:05', NULL, NULL),
	(3409, 28685, 60, '2018-03-14', 3, 11261, 1, '2017', 1, '2018-03-15 13:53:05', NULL, NULL),
	(3410, 0, 60, '2018-03-14', 4, 11261, 1, '2017', 1, '2018-03-15 13:53:05', NULL, NULL),
	(3411, 0, 60, '2018-03-14', 5, 11261, 1, '2017', 1, '2018-03-15 13:53:05', NULL, NULL),
	(3412, 0, 60, '2018-03-14', 6, 11261, 1, '2017', 1, '2018-03-15 13:53:05', NULL, NULL),
	(3413, 31071, 60, '2018-03-14', 7, 11261, 1, '2017', 1, '2018-03-15 13:53:05', NULL, NULL),
	(3414, 0, 60, '2018-03-14', 8, 11261, 1, '2017', 1, '2018-03-15 13:53:05', NULL, NULL),
	(3415, 0, 60, '2018-03-14', 9, 11261, 1, '2017', 1, '2018-03-15 13:53:05', NULL, NULL),
	(3416, 0, 60, '2018-03-14', 10, 11261, 1, '2017', 1, '2018-03-15 13:53:05', NULL, NULL),
	(3417, 0, 60, '2018-03-14', 11, 11261, 1, '2017', 1, '2018-03-15 13:53:05', NULL, NULL),
	(3418, 0, 60, '2018-03-14', 12, 11261, 1, '2017', 1, '2018-03-15 13:53:05', NULL, NULL),
	(3419, 0.14, 61, '2018-03-14', 1, 0.08, 1, '2017', 1, '2018-03-15 13:53:05', NULL, NULL),
	(3420, 0.04, 61, '2018-03-14', 2, 0.08, 1, '2017', 1, '2018-03-15 13:53:05', NULL, NULL),
	(3421, 0.03, 61, '2018-03-14', 3, 0.08, 1, '2017', 1, '2018-03-15 13:53:05', NULL, NULL),
	(3422, 0.06, 61, '2018-03-14', 4, 0.08, 1, '2017', 1, '2018-03-15 13:53:05', NULL, NULL),
	(3423, 0.08, 61, '2018-03-14', 5, 0.08, 1, '2017', 1, '2018-03-15 13:53:05', NULL, NULL),
	(3424, 0.05, 61, '2018-03-14', 6, 0.08, 1, '2017', 1, '2018-03-15 13:53:05', NULL, NULL),
	(3425, 0.49, 61, '2018-03-14', 7, 0.08, 1, '2017', 1, '2018-03-15 13:53:05', NULL, NULL),
	(3426, 2.34, 61, '2018-03-14', 8, 0.08, 1, '2017', 1, '2018-03-15 13:53:05', NULL, NULL),
	(3427, 1.03, 61, '2018-03-14', 9, 0.08, 1, '2017', 1, '2018-03-15 13:53:05', NULL, NULL),
	(3428, 1.53, 61, '2018-03-14', 10, 0.08, 1, '2017', 1, '2018-03-15 13:53:05', NULL, NULL),
	(3429, 1.07, 61, '2018-03-14', 11, 0.08, 1, '2017', 1, '2018-03-15 13:53:05', NULL, NULL),
	(3430, 0.74, 61, '2018-03-14', 12, 0.08, 1, '2017', 1, '2018-03-15 13:53:05', NULL, NULL),
	(3431, 5347, 62, '2018-03-14', 1, 5290, 1, '2017', 1, '2018-03-15 13:53:05', NULL, NULL),
	(3432, 5487, 62, '2018-03-14', 2, 5290, 1, '2017', 1, '2018-03-15 13:53:05', NULL, NULL),
	(3433, 4809, 62, '2018-03-14', 3, 5290, 1, '2017', 1, '2018-03-15 13:53:05', NULL, NULL),
	(3434, 5256, 62, '2018-03-14', 4, 5290, 1, '2017', 1, '2018-03-15 13:53:05', NULL, NULL),
	(3435, 3880, 62, '2018-03-14', 5, 5290, 1, '2017', 1, '2018-03-15 13:53:05', NULL, NULL),
	(3436, 4931, 62, '2018-03-14', 6, 5290, 1, '2017', 1, '2018-03-15 13:53:05', NULL, NULL),
	(3437, 4980, 62, '2018-03-14', 7, 5290, 1, '2017', 1, '2018-03-15 13:53:05', NULL, NULL),
	(3438, 4922, 62, '2018-03-14', 8, 5290, 1, '2017', 1, '2018-03-15 13:53:05', NULL, NULL),
	(3439, 5175, 62, '2018-03-14', 9, 5290, 1, '2017', 1, '2018-03-15 13:53:05', NULL, NULL),
	(3440, 5233, 62, '2018-03-14', 10, 5290, 1, '2017', 1, '2018-03-15 13:53:05', NULL, NULL),
	(3441, 5203, 62, '2018-03-14', 11, 5290, 1, '2017', 1, '2018-03-15 13:53:05', NULL, NULL),
	(3442, 0, 62, '2018-03-14', 12, 5290, 1, '2017', 1, '2018-03-15 13:53:05', NULL, NULL),
	(3443, 4662, 63, '2018-03-14', 1, 4400, 1, '2017', 1, '2018-03-15 13:53:05', NULL, NULL),
	(3444, 4694, 63, '2018-03-14', 2, 4400, 1, '2017', 1, '2018-03-15 13:53:05', NULL, NULL),
	(3445, 4383, 63, '2018-03-14', 3, 4400, 1, '2017', 1, '2018-03-15 13:53:05', NULL, NULL),
	(3446, 4218, 63, '2018-03-14', 4, 4400, 1, '2017', 1, '2018-03-15 13:53:05', NULL, NULL),
	(3447, 4219, 63, '2018-03-14', 5, 4400, 1, '2017', 1, '2018-03-15 13:53:05', NULL, NULL),
	(3448, 4399, 63, '2018-03-14', 6, 4400, 1, '2017', 1, '2018-03-15 13:53:05', NULL, NULL),
	(3449, 4387, 63, '2018-03-14', 7, 4400, 1, '2017', 1, '2018-03-15 13:53:05', NULL, NULL),
	(3450, 4280, 63, '2018-03-14', 8, 4400, 1, '2017', 1, '2018-03-15 13:53:05', NULL, NULL),
	(3451, 4117, 63, '2018-03-14', 9, 4400, 1, '2017', 1, '2018-03-15 13:53:05', NULL, NULL),
	(3452, 4176, 63, '2018-03-14', 10, 4400, 1, '2017', 1, '2018-03-15 13:53:05', NULL, NULL),
	(3453, 4239, 63, '2018-03-14', 11, 4400, 1, '2017', 1, '2018-03-15 13:53:05', NULL, NULL),
	(3454, 0, 63, '2018-03-14', 12, 4400, 1, '2017', 1, '2018-03-15 13:53:05', NULL, NULL),
	(3455, 98.06, 64, '2018-03-14', 1, 98.2, 0, '2017', 1, '2018-03-15 13:53:05', NULL, NULL),
	(3456, 98.48, 64, '2018-03-14', 2, 98.2, 0, '2017', 1, '2018-03-15 13:53:05', NULL, NULL),
	(3457, 99.37, 64, '2018-03-14', 3, 98.2, 0, '2017', 1, '2018-03-15 13:53:05', NULL, NULL),
	(3458, 98.33, 64, '2018-03-14', 4, 98.2, 0, '2017', 1, '2018-03-15 13:53:05', NULL, NULL),
	(3459, 98.39, 64, '2018-03-14', 5, 98.2, 0, '2017', 1, '2018-03-15 13:53:05', NULL, NULL),
	(3460, 98.53, 64, '2018-03-14', 6, 98.2, 0, '2017', 1, '2018-03-15 13:53:05', NULL, NULL),
	(3461, 98.43, 64, '2018-03-14', 7, 98.2, 0, '2017', 1, '2018-03-15 13:53:05', NULL, NULL),
	(3462, 98.92, 64, '2018-03-14', 8, 98.2, 0, '2017', 1, '2018-03-15 13:53:05', NULL, NULL),
	(3463, 99.02, 64, '2018-03-14', 9, 98.2, 0, '2017', 1, '2018-03-15 13:53:05', NULL, NULL),
	(3464, 98.48, 64, '2018-03-14', 10, 98.2, 0, '2017', 1, '2018-03-15 13:53:05', NULL, NULL),
	(3465, 99.49, 64, '2018-03-14', 11, 98.2, 0, '2017', 1, '2018-03-15 13:53:05', NULL, NULL),
	(3466, 0, 64, '2018-03-14', 12, 98.2, 0, '2017', 1, '2018-03-15 13:53:05', NULL, NULL),
	(3467, 82, 65, '2018-03-14', 1, 88, 0, '2017', 1, '2018-03-15 13:53:05', NULL, NULL),
	(3468, 87, 65, '2018-03-14', 2, 88, 0, '2017', 1, '2018-03-15 13:53:05', NULL, NULL),
	(3469, 88, 65, '2018-03-14', 3, 88, 0, '2017', 1, '2018-03-15 13:53:05', NULL, NULL),
	(3470, 91.36, 65, '2018-03-14', 4, 88, 0, '2017', 1, '2018-03-15 13:53:05', NULL, NULL),
	(3471, 88.09, 65, '2018-03-14', 5, 88, 0, '2017', 1, '2018-03-15 13:53:05', NULL, NULL),
	(3472, 87.05, 65, '2018-03-14', 6, 88, 0, '2017', 1, '2018-03-15 13:53:05', NULL, NULL),
	(3473, 87.75, 65, '2018-03-14', 7, 88, 0, '2017', 1, '2018-03-15 13:53:05', NULL, NULL),
	(3474, 85.9, 65, '2018-03-14', 8, 88, 0, '2017', 1, '2018-03-15 13:53:05', NULL, NULL),
	(3475, 91.23, 65, '2018-03-14', 9, 88, 0, '2017', 1, '2018-03-15 13:53:05', NULL, NULL),
	(3476, 90.33, 65, '2018-03-14', 10, 88, 0, '2017', 1, '2018-03-15 13:53:05', NULL, NULL),
	(3477, 89.64, 65, '2018-03-14', 11, 88, 0, '2017', 1, '2018-03-15 13:53:05', NULL, NULL),
	(3478, 0, 65, '2018-03-14', 12, 88, 0, '2017', 1, '2018-03-15 13:53:05', NULL, NULL),
	(3479, 1.03, 66, '2018-03-14', 1, 1, 1, '2017', 1, '2018-03-15 13:53:05', NULL, NULL),
	(3480, 0.55, 66, '2018-03-14', 2, 1, 1, '2017', 1, '2018-03-15 13:53:05', NULL, NULL),
	(3481, 0.45, 66, '2018-03-14', 3, 1, 1, '2017', 1, '2018-03-15 13:53:05', NULL, NULL),
	(3482, 0.22, 66, '2018-03-14', 4, 1, 1, '2017', 1, '2018-03-15 13:53:05', NULL, NULL),
	(3483, 0.47, 66, '2018-03-14', 5, 1, 1, '2017', 1, '2018-03-15 13:53:05', NULL, NULL),
	(3484, 0.65, 66, '2018-03-14', 6, 1, 1, '2017', 1, '2018-03-15 13:53:05', NULL, NULL),
	(3485, 0.89, 66, '2018-03-14', 7, 1, 1, '2017', 1, '2018-03-15 13:53:05', NULL, NULL),
	(3486, 2.47, 66, '2018-03-14', 8, 1, 1, '2017', 1, '2018-03-15 13:53:05', NULL, NULL),
	(3487, 2.13, 66, '2018-03-14', 9, 1, 1, '2017', 1, '2018-03-15 13:53:05', NULL, NULL),
	(3488, 1.99, 66, '2018-03-14', 10, 1, 1, '2017', 1, '2018-03-15 13:53:05', NULL, NULL),
	(3489, 0, 66, '2018-03-14', 11, 1, 1, '2017', 1, '2018-03-15 13:53:05', NULL, NULL),
	(3490, 0, 66, '2018-03-14', 12, 1, 1, '2017', 1, '2018-03-15 13:53:05', NULL, NULL),
	(3491, 100, 67, '2018-03-14', 1, 95, 0, '2017', 1, '2018-03-15 13:53:05', NULL, NULL),
	(3492, 100, 67, '2018-03-14', 2, 95, 0, '2017', 1, '2018-03-15 13:53:05', NULL, NULL),
	(3493, 100, 67, '2018-03-14', 3, 95, 0, '2017', 1, '2018-03-15 13:53:05', NULL, NULL),
	(3494, 100, 67, '2018-03-14', 4, 95, 0, '2017', 1, '2018-03-15 13:53:05', NULL, NULL),
	(3495, 100, 67, '2018-03-14', 5, 95, 0, '2017', 1, '2018-03-15 13:53:05', NULL, NULL),
	(3496, 100, 67, '2018-03-14', 6, 95, 0, '2017', 1, '2018-03-15 13:53:05', NULL, NULL),
	(3497, 100, 67, '2018-03-14', 7, 95, 0, '2017', 1, '2018-03-15 13:53:05', NULL, NULL),
	(3498, 100, 67, '2018-03-14', 8, 95, 0, '2017', 1, '2018-03-15 13:53:05', NULL, NULL),
	(3499, 100, 67, '2018-03-14', 9, 95, 0, '2017', 1, '2018-03-15 13:53:05', NULL, NULL),
	(3500, 100, 67, '2018-03-14', 10, 95, 0, '2017', 1, '2018-03-15 13:53:05', NULL, NULL),
	(3501, 0, 67, '2018-03-14', 11, 95, 0, '2017', 1, '2018-03-15 13:53:05', NULL, NULL),
	(3502, 0, 67, '2018-03-14', 12, 95, 0, '2017', 1, '2018-03-15 13:53:05', NULL, NULL),
	(3503, 0, 68, '2018-03-14', 1, 0, 1, '2017', 1, '2018-03-15 13:53:05', NULL, NULL),
	(3504, 0, 68, '2018-03-14', 2, 0, 1, '2017', 1, '2018-03-15 13:53:05', NULL, NULL),
	(3505, 0, 68, '2018-03-14', 3, 0, 1, '2017', 1, '2018-03-15 13:53:05', NULL, NULL),
	(3506, 0, 68, '2018-03-14', 4, 0, 1, '2017', 1, '2018-03-15 13:53:05', NULL, NULL),
	(3507, 0, 68, '2018-03-14', 5, 0, 1, '2017', 1, '2018-03-15 13:53:05', NULL, NULL),
	(3508, 0, 68, '2018-03-14', 6, 0, 1, '2017', 1, '2018-03-15 13:53:05', NULL, NULL),
	(3509, 0, 68, '2018-03-14', 7, 0, 1, '2017', 1, '2018-03-15 13:53:05', NULL, NULL),
	(3510, 0, 68, '2018-03-14', 8, 0, 1, '2017', 1, '2018-03-15 13:53:05', NULL, NULL),
	(3511, 0, 68, '2018-03-14', 9, 0, 1, '2017', 1, '2018-03-15 13:53:05', NULL, NULL),
	(3512, 0, 68, '2018-03-14', 10, 0, 1, '2017', 1, '2018-03-15 13:53:05', NULL, NULL),
	(3513, 0, 68, '2018-03-14', 11, 0, 1, '2017', 1, '2018-03-15 13:53:05', NULL, NULL),
	(3514, 0, 68, '2018-03-14', 12, 0, 1, '2017', 1, '2018-03-15 13:53:05', NULL, NULL),
	(3515, 100, 69, '2018-03-14', 1, 90, 0, '2017', 1, '2018-03-15 13:53:05', NULL, NULL),
	(3516, 100, 69, '2018-03-14', 2, 90, 0, '2017', 1, '2018-03-15 13:53:05', NULL, NULL),
	(3517, 33, 69, '2018-03-14', 3, 90, 0, '2017', 1, '2018-03-15 13:53:05', NULL, NULL),
	(3518, 100, 69, '2018-03-14', 4, 90, 0, '2017', 1, '2018-03-15 13:53:05', NULL, NULL),
	(3519, 97, 69, '2018-03-14', 5, 90, 0, '2017', 1, '2018-03-15 13:53:05', NULL, NULL),
	(3520, 100, 69, '2018-03-14', 6, 90, 0, '2017', 1, '2018-03-15 13:53:05', NULL, NULL),
	(3521, 99, 69, '2018-03-14', 7, 90, 0, '2017', 1, '2018-03-15 13:53:05', NULL, NULL),
	(3522, 100, 69, '2018-03-14', 8, 90, 0, '2017', 1, '2018-03-15 13:53:05', NULL, NULL),
	(3523, 0, 69, '2018-03-14', 9, 90, 0, '2017', 1, '2018-03-15 13:53:05', NULL, NULL),
	(3524, 0, 69, '2018-03-14', 10, 90, 0, '2017', 1, '2018-03-15 13:53:05', NULL, NULL),
	(3525, 0, 69, '2018-03-14', 11, 90, 0, '2017', 1, '2018-03-15 13:53:05', NULL, NULL),
	(3526, 0, 69, '2018-03-14', 12, 90, 0, '2017', 1, '2018-03-15 13:53:05', NULL, NULL),
	(3527, 0.04, 70, '2018-03-14', 1, 1.4, 1, '2017', 1, '2018-03-15 13:53:05', NULL, NULL),
	(3528, 0, 70, '2018-03-14', 2, 1.4, 1, '2017', 1, '2018-03-15 13:53:05', NULL, NULL),
	(3529, 0.11, 70, '2018-03-14', 3, 1.4, 1, '2017', 1, '2018-03-15 13:53:05', NULL, NULL),
	(3530, 0, 70, '2018-03-14', 4, 1.4, 1, '2017', 1, '2018-03-15 13:53:05', NULL, NULL),
	(3531, 0, 70, '2018-03-14', 5, 1.4, 1, '2017', 1, '2018-03-15 13:53:05', NULL, NULL),
	(3532, 0, 70, '2018-03-14', 6, 1.4, 1, '2017', 1, '2018-03-15 13:53:05', NULL, NULL),
	(3533, 0.07, 70, '2018-03-14', 7, 1.4, 1, '2017', 1, '2018-03-15 13:53:05', NULL, NULL),
	(3534, 0, 70, '2018-03-14', 8, 1.4, 1, '2017', 1, '2018-03-15 13:53:05', NULL, NULL),
	(3535, 0, 70, '2018-03-14', 9, 1.4, 1, '2017', 1, '2018-03-15 13:53:05', NULL, NULL),
	(3536, 0, 70, '2018-03-14', 10, 1.4, 1, '2017', 1, '2018-03-15 13:53:05', NULL, NULL),
	(3537, 0, 70, '2018-03-14', 11, 1.4, 1, '2017', 1, '2018-03-15 13:53:05', NULL, NULL),
	(3538, 0, 70, '2018-03-14', 12, 1.4, 1, '2017', 1, '2018-03-15 13:53:05', NULL, NULL),
	(3539, 0, 71, '2018-03-14', 1, 0.9, 1, '2017', 1, '2018-03-15 13:53:05', NULL, NULL),
	(3540, 0, 71, '2018-03-14', 2, 0.9, 1, '2017', 1, '2018-03-15 13:53:05', NULL, NULL),
	(3541, 0, 71, '2018-03-14', 3, 0.9, 1, '2017', 1, '2018-03-15 13:53:05', NULL, NULL),
	(3542, 0, 71, '2018-03-14', 4, 0.9, 1, '2017', 1, '2018-03-15 13:53:06', NULL, NULL),
	(3543, 0, 71, '2018-03-14', 5, 0.9, 1, '2017', 1, '2018-03-15 13:53:06', NULL, NULL),
	(3544, 0, 71, '2018-03-14', 6, 0.9, 1, '2017', 1, '2018-03-15 13:53:06', NULL, NULL),
	(3545, 0, 71, '2018-03-14', 7, 0.9, 1, '2017', 1, '2018-03-15 13:53:06', NULL, NULL),
	(3546, 0, 71, '2018-03-14', 8, 0.9, 1, '2017', 1, '2018-03-15 13:53:06', NULL, NULL),
	(3547, 0, 71, '2018-03-14', 9, 0.9, 1, '2017', 1, '2018-03-15 13:53:06', NULL, NULL),
	(3548, 0, 71, '2018-03-14', 10, 0.9, 1, '2017', 1, '2018-03-15 13:53:06', NULL, NULL),
	(3549, 0, 71, '2018-03-14', 11, 0.9, 1, '2017', 1, '2018-03-15 13:53:06', NULL, NULL),
	(3550, 0, 71, '2018-03-14', 12, 0.9, 1, '2017', 1, '2018-03-15 13:53:06', NULL, NULL),
	(3551, 0.35, 72, '2018-03-14', 1, 1.8, 1, '2017', 1, '2018-03-15 13:53:06', NULL, NULL),
	(3552, 0.5, 72, '2018-03-14', 2, 1.8, 1, '2017', 1, '2018-03-15 13:53:06', NULL, NULL),
	(3553, 0.19, 72, '2018-03-14', 3, 1.8, 1, '2017', 1, '2018-03-15 13:53:06', NULL, NULL),
	(3554, 0.12, 72, '2018-03-14', 4, 1.8, 1, '2017', 1, '2018-03-15 13:53:06', NULL, NULL),
	(3555, 0, 72, '2018-03-14', 5, 1.8, 1, '2017', 1, '2018-03-15 13:53:06', NULL, NULL),
	(3556, 0, 72, '2018-03-14', 6, 1.8, 1, '2017', 1, '2018-03-15 13:53:06', NULL, NULL),
	(3557, 0, 72, '2018-03-14', 7, 1.8, 1, '2017', 1, '2018-03-15 13:53:06', NULL, NULL),
	(3558, 0, 72, '2018-03-14', 8, 1.8, 1, '2017', 1, '2018-03-15 13:53:06', NULL, NULL),
	(3559, 0, 72, '2018-03-14', 9, 1.8, 1, '2017', 1, '2018-03-15 13:53:06', NULL, NULL),
	(3560, 0, 72, '2018-03-14', 10, 1.8, 1, '2017', 1, '2018-03-15 13:53:06', NULL, NULL),
	(3561, 0, 72, '2018-03-14', 11, 1.8, 1, '2017', 1, '2018-03-15 13:53:06', NULL, NULL),
	(3562, 0, 72, '2018-03-14', 12, 1.8, 1, '2017', 1, '2018-03-15 13:53:06', NULL, NULL),
	(3563, 0, 73, '2018-03-14', 1, 3, 1, '2017', 1, '2018-03-15 13:53:06', NULL, NULL),
	(3564, 0, 73, '2018-03-14', 2, 3, 1, '2017', 1, '2018-03-15 13:53:06', NULL, NULL),
	(3565, 0, 73, '2018-03-14', 3, 3, 1, '2017', 1, '2018-03-15 13:53:06', NULL, NULL),
	(3566, 0, 73, '2018-03-14', 4, 3, 1, '2017', 1, '2018-03-15 13:53:06', NULL, NULL),
	(3567, 0, 73, '2018-03-14', 5, 3, 1, '2017', 1, '2018-03-15 13:53:06', NULL, NULL),
	(3568, 0.18, 73, '2018-03-14', 6, 3, 1, '2017', 1, '2018-03-15 13:53:06', NULL, NULL),
	(3569, 0.07, 73, '2018-03-14', 7, 3, 1, '2017', 1, '2018-03-15 13:53:06', NULL, NULL),
	(3570, 0, 73, '2018-03-14', 8, 3, 1, '2017', 1, '2018-03-15 13:53:06', NULL, NULL),
	(3571, 0, 73, '2018-03-14', 9, 3, 1, '2017', 1, '2018-03-15 13:53:06', NULL, NULL),
	(3572, 0, 73, '2018-03-14', 10, 3, 1, '2017', 1, '2018-03-15 13:53:06', NULL, NULL),
	(3573, 0.12, 73, '2018-03-14', 11, 3, 1, '2017', 1, '2018-03-15 13:53:06', NULL, NULL),
	(3574, 0, 73, '2018-03-14', 12, 3, 1, '2017', 1, '2018-03-15 13:53:06', NULL, NULL),
	(3575, 94, 74, '2018-03-14', 1, 80, 0, '2017', 1, '2018-03-15 13:53:06', NULL, NULL),
	(3576, 92, 74, '2018-03-14', 2, 80, 0, '2017', 1, '2018-03-15 13:53:06', NULL, NULL),
	(3577, 92, 74, '2018-03-14', 3, 80, 0, '2017', 1, '2018-03-15 13:53:06', NULL, NULL),
	(3578, 94, 74, '2018-03-14', 4, 80, 0, '2017', 1, '2018-03-15 13:53:06', NULL, NULL),
	(3579, 94, 74, '2018-03-14', 5, 80, 0, '2017', 1, '2018-03-15 13:53:06', NULL, NULL),
	(3580, 94, 74, '2018-03-14', 6, 80, 0, '2017', 1, '2018-03-15 13:53:06', NULL, NULL),
	(3581, 94, 74, '2018-03-14', 7, 80, 0, '2017', 1, '2018-03-15 13:53:06', NULL, NULL),
	(3582, 0, 74, '2018-03-14', 8, 80, 0, '2017', 1, '2018-03-15 13:53:06', NULL, NULL),
	(3583, 0, 74, '2018-03-14', 9, 80, 0, '2017', 1, '2018-03-15 13:53:06', NULL, NULL),
	(3584, 0, 74, '2018-03-14', 10, 80, 0, '2017', 1, '2018-03-15 13:53:06', NULL, NULL),
	(3585, 0, 74, '2018-03-14', 11, 80, 0, '2017', 1, '2018-03-15 13:53:06', NULL, NULL),
	(3586, 0, 74, '2018-03-14', 12, 80, 0, '2017', 1, '2018-03-15 13:53:06', NULL, NULL),
	(3587, 0, 75, '2018-03-14', 1, 1, 0, '2017', 1, '2018-03-15 13:53:06', NULL, NULL),
	(3588, 0, 75, '2018-03-14', 2, 1, 0, '2017', 1, '2018-03-15 13:53:06', NULL, NULL),
	(3589, 0, 75, '2018-03-14', 3, 1, 0, '2017', 1, '2018-03-15 13:53:06', NULL, NULL),
	(3590, 0, 75, '2018-03-14', 4, 1, 0, '2017', 1, '2018-03-15 13:53:06', NULL, NULL),
	(3591, 2, 75, '2018-03-14', 5, 1, 0, '2017', 1, '2018-03-15 13:53:06', NULL, NULL),
	(3592, 2, 75, '2018-03-14', 6, 1, 0, '2017', 1, '2018-03-15 13:53:06', NULL, NULL),
	(3593, 2, 75, '2018-03-14', 7, 1, 0, '2017', 1, '2018-03-15 13:53:06', NULL, NULL),
	(3594, 0, 75, '2018-03-14', 8, 1, 0, '2017', 1, '2018-03-15 13:53:06', NULL, NULL),
	(3595, 0, 75, '2018-03-14', 9, 1, 0, '2017', 1, '2018-03-15 13:53:06', NULL, NULL),
	(3596, 0, 75, '2018-03-14', 10, 1, 0, '2017', 1, '2018-03-15 13:53:06', NULL, NULL),
	(3597, 0, 75, '2018-03-14', 11, 1, 0, '2017', 1, '2018-03-15 13:53:06', NULL, NULL),
	(3598, 0, 75, '2018-03-14', 12, 1, 0, '2017', 1, '2018-03-15 13:53:06', NULL, NULL),
	(3599, 92, 76, '2018-03-14', 1, 90, 0, '2017', 1, '2018-03-15 13:53:06', NULL, NULL),
	(3600, 90, 76, '2018-03-14', 2, 90, 0, '2017', 1, '2018-03-15 13:53:06', NULL, NULL),
	(3601, 91, 76, '2018-03-14', 3, 90, 0, '2017', 1, '2018-03-15 13:53:06', NULL, NULL),
	(3602, 92, 76, '2018-03-14', 4, 90, 0, '2017', 1, '2018-03-15 13:53:06', NULL, NULL),
	(3603, 89, 76, '2018-03-14', 5, 90, 0, '2017', 1, '2018-03-15 13:53:06', NULL, NULL),
	(3604, 81, 76, '2018-03-14', 6, 90, 0, '2017', 1, '2018-03-15 13:53:06', NULL, NULL),
	(3605, 100, 76, '2018-03-14', 7, 90, 0, '2017', 1, '2018-03-15 13:53:06', NULL, NULL),
	(3606, 97, 76, '2018-03-14', 8, 90, 0, '2017', 1, '2018-03-15 13:53:06', NULL, NULL),
	(3607, 91, 76, '2018-03-14', 9, 90, 0, '2017', 1, '2018-03-15 13:53:06', NULL, NULL),
	(3608, 92, 76, '2018-03-14', 10, 90, 0, '2017', 1, '2018-03-15 13:53:06', NULL, NULL),
	(3609, 0, 76, '2018-03-14', 11, 90, 0, '2017', 1, '2018-03-15 13:53:06', NULL, NULL),
	(3610, 0, 76, '2018-03-14', 12, 90, 0, '2017', 1, '2018-03-15 13:53:06', NULL, NULL),
	(3611, 100, 77, '2018-03-14', 1, 99, 0, '2017', 1, '2018-03-15 13:53:06', NULL, NULL),
	(3612, 100, 77, '2018-03-14', 2, 99, 0, '2017', 1, '2018-03-15 13:53:06', NULL, NULL),
	(3613, 100, 77, '2018-03-14', 3, 99, 0, '2017', 1, '2018-03-15 13:53:06', NULL, NULL),
	(3614, 100, 77, '2018-03-14', 4, 99, 0, '2017', 1, '2018-03-15 13:53:06', NULL, NULL),
	(3615, 100, 77, '2018-03-14', 5, 99, 0, '2017', 1, '2018-03-15 13:53:06', NULL, NULL),
	(3616, 100, 77, '2018-03-14', 6, 99, 0, '2017', 1, '2018-03-15 13:53:06', NULL, NULL),
	(3617, 100, 77, '2018-03-14', 7, 99, 0, '2017', 1, '2018-03-15 13:53:06', NULL, NULL),
	(3618, 100, 77, '2018-03-14', 8, 99, 0, '2017', 1, '2018-03-15 13:53:06', NULL, NULL),
	(3619, 100, 77, '2018-03-14', 9, 99, 0, '2017', 1, '2018-03-15 13:53:06', NULL, NULL),
	(3620, 100, 77, '2018-03-14', 10, 99, 0, '2017', 1, '2018-03-15 13:53:06', NULL, NULL),
	(3621, 0, 77, '2018-03-14', 11, 99, 0, '2017', 1, '2018-03-15 13:53:06', NULL, NULL),
	(3622, 0, 77, '2018-03-14', 12, 99, 0, '2017', 1, '2018-03-15 13:53:06', NULL, NULL),
	(3623, 100, 78, '2018-03-14', 1, 80, 0, '2017', 1, '2018-03-15 13:53:06', NULL, NULL),
	(3624, 100, 78, '2018-03-14', 2, 80, 0, '2017', 1, '2018-03-15 13:53:06', NULL, NULL),
	(3625, 100, 78, '2018-03-14', 3, 80, 0, '2017', 1, '2018-03-15 13:53:06', NULL, NULL),
	(3626, 100, 78, '2018-03-14', 4, 80, 0, '2017', 1, '2018-03-15 13:53:06', NULL, NULL),
	(3627, 100, 78, '2018-03-14', 5, 80, 0, '2017', 1, '2018-03-15 13:53:06', NULL, NULL),
	(3628, 100, 78, '2018-03-14', 6, 80, 0, '2017', 1, '2018-03-15 13:53:06', NULL, NULL),
	(3629, 100, 78, '2018-03-14', 7, 80, 0, '2017', 1, '2018-03-15 13:53:06', NULL, NULL),
	(3630, 0, 78, '2018-03-14', 8, 80, 0, '2017', 1, '2018-03-15 13:53:06', NULL, NULL),
	(3631, 0, 78, '2018-03-14', 9, 80, 0, '2017', 1, '2018-03-15 13:53:06', NULL, NULL),
	(3632, 0, 78, '2018-03-14', 10, 80, 0, '2017', 1, '2018-03-15 13:53:06', NULL, NULL),
	(3633, 0, 78, '2018-03-14', 11, 80, 0, '2017', 1, '2018-03-15 13:53:06', NULL, NULL),
	(3634, 0, 78, '2018-03-14', 12, 80, 0, '2017', 1, '2018-03-15 13:53:06', NULL, NULL),
	(3635, 100, 79, '2018-03-14', 1, 80, 0, '2017', 1, '2018-03-15 13:53:06', NULL, NULL),
	(3636, 95, 79, '2018-03-14', 2, 80, 0, '2017', 1, '2018-03-15 13:53:06', NULL, NULL),
	(3637, 90, 79, '2018-03-14', 3, 80, 0, '2017', 1, '2018-03-15 13:53:06', NULL, NULL),
	(3638, 92, 79, '2018-03-14', 4, 80, 0, '2017', 1, '2018-03-15 13:53:06', NULL, NULL),
	(3639, 92, 79, '2018-03-14', 5, 80, 0, '2017', 1, '2018-03-15 13:53:06', NULL, NULL),
	(3640, 92, 79, '2018-03-14', 6, 80, 0, '2017', 1, '2018-03-15 13:53:06', NULL, NULL),
	(3641, 100, 79, '2018-03-14', 7, 80, 0, '2017', 1, '2018-03-15 13:53:06', NULL, NULL),
	(3642, 0, 79, '2018-03-14', 8, 80, 0, '2017', 1, '2018-03-15 13:53:06', NULL, NULL),
	(3643, 0, 79, '2018-03-14', 9, 80, 0, '2017', 1, '2018-03-15 13:53:06', NULL, NULL),
	(3644, 0, 79, '2018-03-14', 10, 80, 0, '2017', 1, '2018-03-15 13:53:06', NULL, NULL),
	(3645, 0, 79, '2018-03-14', 11, 80, 0, '2017', 1, '2018-03-15 13:53:06', NULL, NULL),
	(3646, 0, 79, '2018-03-14', 12, 80, 0, '2017', 1, '2018-03-15 13:53:06', NULL, NULL),
	(3647, 100, 80, '2018-03-14', 1, 80, 0, '2017', 1, '2018-03-15 13:53:06', NULL, NULL),
	(3648, 95, 80, '2018-03-14', 2, 80, 0, '2017', 1, '2018-03-15 13:53:06', NULL, NULL),
	(3649, 90, 80, '2018-03-14', 3, 80, 0, '2017', 1, '2018-03-15 13:53:06', NULL, NULL),
	(3650, 92, 80, '2018-03-14', 4, 80, 0, '2017', 1, '2018-03-15 13:53:06', NULL, NULL),
	(3651, 92, 80, '2018-03-14', 5, 80, 0, '2017', 1, '2018-03-15 13:53:06', NULL, NULL),
	(3652, 92, 80, '2018-03-14', 6, 80, 0, '2017', 1, '2018-03-15 13:53:06', NULL, NULL),
	(3653, 98, 80, '2018-03-14', 7, 80, 0, '2017', 1, '2018-03-15 13:53:06', NULL, NULL),
	(3654, 0, 80, '2018-03-14', 8, 80, 0, '2017', 1, '2018-03-15 13:53:06', NULL, NULL),
	(3655, 0, 80, '2018-03-14', 9, 80, 0, '2017', 1, '2018-03-15 13:53:06', NULL, NULL),
	(3656, 0, 80, '2018-03-14', 10, 80, 0, '2017', 1, '2018-03-15 13:53:06', NULL, NULL),
	(3657, 0, 80, '2018-03-14', 11, 80, 0, '2017', 1, '2018-03-15 13:53:06', NULL, NULL),
	(3658, 0, 80, '2018-03-14', 12, 80, 0, '2017', 1, '2018-03-15 13:53:06', NULL, NULL),
	(3659, 100, 81, '2018-03-14', 1, 100, 0, '2017', 1, '2018-03-15 13:53:06', NULL, NULL),
	(3660, 100, 81, '2018-03-14', 2, 100, 0, '2017', 1, '2018-03-15 13:53:06', NULL, NULL),
	(3661, 100, 81, '2018-03-14', 3, 100, 0, '2017', 1, '2018-03-15 13:53:06', NULL, NULL),
	(3662, 100, 81, '2018-03-14', 4, 100, 0, '2017', 1, '2018-03-15 13:53:06', NULL, NULL),
	(3663, 99, 81, '2018-03-14', 5, 100, 0, '2017', 1, '2018-03-15 13:53:06', NULL, NULL),
	(3664, 100, 81, '2018-03-14', 6, 100, 0, '2017', 1, '2018-03-15 13:53:06', NULL, NULL),
	(3665, 98, 81, '2018-03-14', 7, 100, 0, '2017', 1, '2018-03-15 13:53:06', NULL, NULL),
	(3666, 100, 81, '2018-03-14', 8, 100, 0, '2017', 1, '2018-03-15 13:53:06', NULL, NULL),
	(3667, 100, 81, '2018-03-14', 9, 100, 0, '2017', 1, '2018-03-15 13:53:06', NULL, NULL),
	(3668, 100, 81, '2018-03-14', 10, 100, 0, '2017', 1, '2018-03-15 13:53:06', NULL, NULL),
	(3669, 100, 81, '2018-03-14', 11, 100, 0, '2017', 1, '2018-03-15 13:53:06', NULL, NULL),
	(3670, 100, 81, '2018-03-14', 12, 100, 0, '2017', 1, '2018-03-15 13:53:06', NULL, NULL),
	(3671, 103079, 82, '2018-03-14', 1, 65000, 1, '2017', 1, '2018-03-15 13:53:06', NULL, NULL),
	(3672, 60453, 82, '2018-03-14', 2, 65000, 1, '2017', 1, '2018-03-15 13:53:06', NULL, NULL),
	(3673, 41341, 82, '2018-03-14', 3, 65000, 1, '2017', 1, '2018-03-15 13:53:06', NULL, NULL),
	(3674, 19699, 82, '2018-03-14', 4, 65000, 1, '2017', 1, '2018-03-15 13:53:06', NULL, NULL),
	(3675, 72980, 82, '2018-03-14', 5, 65000, 1, '2017', 1, '2018-03-15 13:53:06', NULL, NULL),
	(3676, 62205, 82, '2018-03-14', 6, 65000, 1, '2017', 1, '2018-03-15 13:53:06', NULL, NULL),
	(3677, 86092, 82, '2018-03-14', 7, 65000, 1, '2017', 1, '2018-03-15 13:53:06', NULL, NULL),
	(3678, 42971.85, 82, '2018-03-14', 8, 65000, 1, '2017', 1, '2018-03-15 13:53:06', NULL, NULL),
	(3679, 40227.76, 82, '2018-03-14', 9, 65000, 1, '2017', 1, '2018-03-15 13:53:06', NULL, NULL),
	(3680, 48651.12, 82, '2018-03-14', 10, 65000, 1, '2017', 1, '2018-03-15 13:53:06', NULL, NULL),
	(3681, 92956.87, 82, '2018-03-14', 11, 65000, 1, '2017', 1, '2018-03-15 13:53:06', NULL, NULL),
	(3682, 72269.45, 82, '2018-03-14', 12, 65000, 1, '2017', 1, '2018-03-15 13:53:06', NULL, NULL),
	(3683, 0, 84, '2018-03-14', 1, 0, 1, '2018', 1, '2018-03-15 13:53:06', NULL, NULL),
	(3684, 0, 84, '2018-03-14', 2, 0, 1, '2018', 1, '2018-03-15 13:53:06', NULL, NULL),
	(3685, 0, 84, '2018-03-14', 3, 0, 1, '2018', 1, '2018-03-15 13:53:06', NULL, NULL),
	(3686, 0, 84, '2018-03-14', 4, 0, 1, '2018', 1, '2018-03-15 13:53:06', NULL, NULL),
	(3687, 0, 84, '2018-03-14', 5, 0, 1, '2018', 1, '2018-03-15 13:53:06', NULL, NULL),
	(3688, 0, 84, '2018-03-14', 6, 0, 1, '2018', 1, '2018-03-15 13:53:06', NULL, NULL),
	(3689, 0, 84, '2018-03-14', 7, 0, 1, '2018', 1, '2018-03-15 13:53:06', NULL, NULL),
	(3690, 0, 84, '2018-03-14', 8, 0, 1, '2018', 1, '2018-03-15 13:53:06', NULL, NULL),
	(3691, 0, 84, '2018-03-14', 9, 0, 1, '2018', 1, '2018-03-15 13:53:06', NULL, NULL),
	(3692, 0, 84, '2018-03-14', 10, 0, 1, '2018', 1, '2018-03-15 13:53:06', NULL, NULL),
	(3693, 0, 84, '2018-03-14', 11, 0, 1, '2018', 1, '2018-03-15 13:53:06', NULL, NULL),
	(3694, 0, 84, '2018-03-14', 12, 0, 1, '2018', 1, '2018-03-15 13:53:06', NULL, NULL),
	(3695, 0, 85, '2018-03-14', 1, 8.7, 1, '2018', 1, '2018-03-15 13:53:06', NULL, NULL),
	(3696, 0, 85, '2018-03-14', 2, 8.7, 1, '2018', 1, '2018-03-15 13:53:06', NULL, NULL),
	(3697, 0, 85, '2018-03-14', 3, 8.7, 1, '2018', 1, '2018-03-15 13:53:06', NULL, NULL),
	(3698, 0, 85, '2018-03-14', 4, 8.7, 1, '2018', 1, '2018-03-15 13:53:07', NULL, NULL),
	(3699, 0, 85, '2018-03-14', 5, 8.7, 1, '2018', 1, '2018-03-15 13:53:07', NULL, NULL),
	(3700, 0, 85, '2018-03-14', 6, 8.7, 1, '2018', 1, '2018-03-15 13:53:07', NULL, NULL),
	(3701, 0, 85, '2018-03-14', 7, 8.7, 1, '2018', 1, '2018-03-15 13:53:07', NULL, NULL),
	(3702, 0, 85, '2018-03-14', 8, 8.7, 1, '2018', 1, '2018-03-15 13:53:07', NULL, NULL),
	(3703, 0, 85, '2018-03-14', 9, 8.7, 1, '2018', 1, '2018-03-15 13:53:07', NULL, NULL),
	(3704, 0, 85, '2018-03-14', 10, 8.7, 1, '2018', 1, '2018-03-15 13:53:07', NULL, NULL),
	(3705, 0, 85, '2018-03-14', 11, 8.7, 1, '2018', 1, '2018-03-15 13:53:07', NULL, NULL),
	(3706, 0, 85, '2018-03-14', 12, 8.7, 1, '2018', 1, '2018-03-15 13:53:07', NULL, NULL),
	(3707, 0, 86, '2018-03-14', 1, 11261, 1, '2018', 1, '2018-03-15 13:53:07', NULL, NULL),
	(3708, 0, 86, '2018-03-14', 2, 11261, 1, '2018', 1, '2018-03-15 13:53:07', NULL, NULL),
	(3709, 0, 86, '2018-03-14', 3, 11261, 1, '2018', 1, '2018-03-15 13:53:07', NULL, NULL),
	(3710, 0, 86, '2018-03-14', 4, 11261, 1, '2018', 1, '2018-03-15 13:53:07', NULL, NULL),
	(3711, 0, 86, '2018-03-14', 5, 11261, 1, '2018', 1, '2018-03-15 13:53:07', NULL, NULL),
	(3712, 0, 86, '2018-03-14', 6, 11261, 1, '2018', 1, '2018-03-15 13:53:07', NULL, NULL),
	(3713, 0, 86, '2018-03-14', 7, 11261, 1, '2018', 1, '2018-03-15 13:53:07', NULL, NULL),
	(3714, 0, 86, '2018-03-14', 8, 11261, 1, '2018', 1, '2018-03-15 13:53:07', NULL, NULL),
	(3715, 0, 86, '2018-03-14', 9, 11261, 1, '2018', 1, '2018-03-15 13:53:07', NULL, NULL),
	(3716, 0, 86, '2018-03-14', 10, 11261, 1, '2018', 1, '2018-03-15 13:53:07', NULL, NULL),
	(3717, 0, 86, '2018-03-14', 11, 11261, 1, '2018', 1, '2018-03-15 13:53:07', NULL, NULL),
	(3718, 0, 86, '2018-03-14', 12, 11261, 1, '2018', 1, '2018-03-15 13:53:07', NULL, NULL),
	(3719, 0.73, 87, '2018-03-14', 1, 0.13, 1, '2018', 1, '2018-03-15 13:53:07', NULL, NULL),
	(3720, 0.88, 87, '2018-03-14', 2, 0.13, 1, '2018', 1, '2018-03-15 13:53:07', NULL, NULL),
	(3721, 0, 87, '2018-03-14', 3, 0.13, 1, '2018', 1, '2018-03-15 13:53:07', NULL, NULL),
	(3722, 0, 87, '2018-03-14', 4, 0.13, 1, '2018', 1, '2018-03-15 13:53:07', NULL, NULL),
	(3723, 0, 87, '2018-03-14', 5, 0.13, 1, '2018', 1, '2018-03-15 13:53:07', NULL, NULL),
	(3724, 0, 87, '2018-03-14', 6, 0.13, 1, '2018', 1, '2018-03-15 13:53:07', NULL, NULL),
	(3725, 0, 87, '2018-03-14', 7, 0.13, 1, '2018', 1, '2018-03-15 13:53:07', NULL, NULL),
	(3726, 0, 87, '2018-03-14', 8, 0.13, 1, '2018', 1, '2018-03-15 13:53:07', NULL, NULL),
	(3727, 0, 87, '2018-03-14', 9, 0.13, 1, '2018', 1, '2018-03-15 13:53:07', NULL, NULL),
	(3728, 0, 87, '2018-03-14', 10, 0.13, 1, '2018', 1, '2018-03-15 13:53:07', NULL, NULL),
	(3729, 0, 87, '2018-03-14', 11, 0.13, 1, '2018', 1, '2018-03-15 13:53:07', NULL, NULL),
	(3730, 0, 87, '2018-03-14', 12, 0.13, 1, '2018', 1, '2018-03-15 13:53:07', NULL, NULL),
	(3731, 99.1, 88, '2018-03-14', 1, 99, 0, '2018', 1, '2018-03-15 13:53:07', NULL, NULL),
	(3732, 99.05, 88, '2018-03-14', 2, 99, 0, '2018', 1, '2018-03-15 13:53:07', NULL, NULL),
	(3733, 0, 88, '2018-03-14', 3, 99, 0, '2018', 1, '2018-03-15 13:53:07', NULL, NULL),
	(3734, 0, 88, '2018-03-14', 4, 99, 0, '2018', 1, '2018-03-15 13:53:07', NULL, NULL),
	(3735, 0, 88, '2018-03-14', 5, 99, 0, '2018', 1, '2018-03-15 13:53:07', NULL, NULL),
	(3736, 0, 88, '2018-03-14', 6, 99, 0, '2018', 1, '2018-03-15 13:53:07', NULL, NULL),
	(3737, 0, 88, '2018-03-14', 7, 99, 0, '2018', 1, '2018-03-15 13:53:07', NULL, NULL),
	(3738, 0, 88, '2018-03-14', 8, 99, 0, '2018', 1, '2018-03-15 13:53:07', NULL, NULL),
	(3739, 0, 88, '2018-03-14', 9, 99, 0, '2018', 1, '2018-03-15 13:53:07', NULL, NULL),
	(3740, 0, 88, '2018-03-14', 10, 99, 0, '2018', 1, '2018-03-15 13:53:07', NULL, NULL),
	(3741, 0, 88, '2018-03-14', 11, 99, 0, '2018', 1, '2018-03-15 13:53:07', NULL, NULL),
	(3742, 0, 88, '2018-03-14', 12, 99, 0, '2018', 1, '2018-03-15 13:53:07', NULL, NULL),
	(3743, 3767, 89, '2018-03-14', 1, 3663, 1, '2018', 1, '2018-03-15 13:53:07', NULL, NULL),
	(3744, 3616, 89, '2018-03-14', 2, 3663, 1, '2018', 1, '2018-03-15 13:53:07', NULL, NULL),
	(3745, 0, 89, '2018-03-14', 3, 3663, 1, '2018', 1, '2018-03-15 13:53:07', NULL, NULL),
	(3746, 0, 89, '2018-03-14', 4, 3663, 1, '2018', 1, '2018-03-15 13:53:07', NULL, NULL),
	(3747, 0, 89, '2018-03-14', 5, 3663, 1, '2018', 1, '2018-03-15 13:53:07', NULL, NULL),
	(3748, 0, 89, '2018-03-14', 6, 3663, 1, '2018', 1, '2018-03-15 13:53:07', NULL, NULL),
	(3749, 0, 89, '2018-03-14', 7, 3663, 1, '2018', 1, '2018-03-15 13:53:07', NULL, NULL),
	(3750, 0, 89, '2018-03-14', 8, 3663, 1, '2018', 1, '2018-03-15 13:53:07', NULL, NULL),
	(3751, 0, 89, '2018-03-14', 9, 3663, 1, '2018', 1, '2018-03-15 13:53:07', NULL, NULL),
	(3752, 0, 89, '2018-03-14', 10, 3663, 1, '2018', 1, '2018-03-15 13:53:07', NULL, NULL),
	(3753, 0, 89, '2018-03-14', 11, 3663, 1, '2018', 1, '2018-03-15 13:53:07', NULL, NULL),
	(3754, 0, 89, '2018-03-14', 12, 3663, 1, '2018', 1, '2018-03-15 13:53:07', NULL, NULL),
	(3755, 98.53, 90, '2018-03-14', 1, 98.63, 0, '2018', 1, '2018-03-15 13:53:07', NULL, NULL),
	(3756, 98.75, 90, '2018-03-14', 2, 98.2, 0, '2018', 1, '2018-03-15 13:53:07', NULL, NULL),
	(3757, 0, 90, '2018-03-14', 3, 98.2, 0, '2018', 1, '2018-03-15 13:53:07', NULL, NULL),
	(3758, 0, 90, '2018-03-14', 4, 98.2, 0, '2018', 1, '2018-03-15 13:53:07', NULL, NULL),
	(3759, 0, 90, '2018-03-14', 5, 98.2, 0, '2018', 1, '2018-03-15 13:53:07', NULL, NULL),
	(3760, 0, 90, '2018-03-14', 6, 98.2, 0, '2018', 1, '2018-03-15 13:53:07', NULL, NULL),
	(3761, 0, 90, '2018-03-14', 7, 98.2, 0, '2018', 1, '2018-03-15 13:53:07', NULL, NULL),
	(3762, 0, 90, '2018-03-14', 8, 98.2, 0, '2018', 1, '2018-03-15 13:53:07', NULL, NULL),
	(3763, 0, 90, '2018-03-14', 9, 98.2, 0, '2018', 1, '2018-03-15 13:53:07', NULL, NULL),
	(3764, 0, 90, '2018-03-14', 10, 98.2, 0, '2018', 1, '2018-03-15 13:53:07', NULL, NULL),
	(3765, 0, 90, '2018-03-14', 11, 98.2, 0, '2018', 1, '2018-03-15 13:53:07', NULL, NULL),
	(3766, 0, 90, '2018-03-14', 12, 98.2, 0, '2018', 1, '2018-03-15 13:53:07', NULL, NULL),
	(3767, 88, 91, '2018-03-14', 1, 89.93, 0, '2018', 1, '2018-03-15 13:53:07', NULL, NULL),
	(3768, 90.5, 91, '2018-03-14', 2, 89.93, 0, '2018', 1, '2018-03-15 13:53:07', NULL, NULL),
	(3769, 0, 91, '2018-03-14', 3, 88, 0, '2018', 1, '2018-03-15 13:53:07', NULL, NULL),
	(3770, 0, 91, '2018-03-14', 4, 88, 0, '2018', 1, '2018-03-15 13:53:07', NULL, NULL),
	(3771, 0, 91, '2018-03-14', 5, 88, 0, '2018', 1, '2018-03-15 13:53:07', NULL, NULL),
	(3772, 0, 91, '2018-03-14', 6, 88, 0, '2018', 1, '2018-03-15 13:53:07', NULL, NULL),
	(3773, 0, 91, '2018-03-14', 7, 88, 0, '2018', 1, '2018-03-15 13:53:07', NULL, NULL),
	(3774, 0, 91, '2018-03-14', 8, 88, 0, '2018', 1, '2018-03-15 13:53:07', NULL, NULL),
	(3775, 0, 91, '2018-03-14', 9, 88, 0, '2018', 1, '2018-03-15 13:53:07', NULL, NULL),
	(3776, 0, 91, '2018-03-14', 10, 88, 0, '2018', 1, '2018-03-15 13:53:07', NULL, NULL),
	(3777, 0, 91, '2018-03-14', 11, 88, 0, '2018', 1, '2018-03-15 13:53:07', NULL, NULL),
	(3778, 0, 91, '2018-03-14', 12, 88, 0, '2018', 1, '2018-03-15 13:53:07', NULL, NULL),
	(3779, 1.4, 92, '2018-03-14', 1, 1, 1, '2018', 1, '2018-03-15 13:53:07', NULL, NULL),
	(3780, 1.2, 92, '2018-03-14', 2, 1, 1, '2018', 1, '2018-03-15 13:53:07', NULL, NULL),
	(3781, 0, 92, '2018-03-14', 3, 1, 1, '2018', 1, '2018-03-15 13:53:07', NULL, NULL),
	(3782, 0, 92, '2018-03-14', 4, 1, 1, '2018', 1, '2018-03-15 13:53:07', NULL, NULL),
	(3783, 0, 92, '2018-03-14', 5, 1, 1, '2018', 1, '2018-03-15 13:53:07', NULL, NULL),
	(3784, 0, 92, '2018-03-14', 6, 1, 1, '2018', 1, '2018-03-15 13:53:07', NULL, NULL),
	(3785, 0, 92, '2018-03-14', 7, 1, 1, '2018', 1, '2018-03-15 13:53:07', NULL, NULL),
	(3786, 0, 92, '2018-03-14', 8, 1, 1, '2018', 1, '2018-03-15 13:53:07', NULL, NULL),
	(3787, 0, 92, '2018-03-14', 9, 1, 1, '2018', 1, '2018-03-15 13:53:07', NULL, NULL),
	(3788, 0, 92, '2018-03-14', 10, 1, 1, '2018', 1, '2018-03-15 13:53:07', NULL, NULL),
	(3789, 0, 92, '2018-03-14', 11, 1, 1, '2018', 1, '2018-03-15 13:53:07', NULL, NULL),
	(3790, 0, 92, '2018-03-14', 12, 1, 1, '2018', 1, '2018-03-15 13:53:07', NULL, NULL),
	(3791, 99, 93, '2018-03-14', 1, 95, 0, '2018', 1, '2018-03-15 13:53:07', NULL, NULL),
	(3792, 99, 93, '2018-03-14', 2, 95, 0, '2018', 1, '2018-03-15 13:53:07', NULL, NULL),
	(3793, 0, 93, '2018-03-14', 3, 95, 0, '2018', 1, '2018-03-15 13:53:07', NULL, NULL),
	(3794, 0, 93, '2018-03-14', 4, 95, 0, '2018', 1, '2018-03-15 13:53:07', NULL, NULL),
	(3795, 0, 93, '2018-03-14', 5, 95, 0, '2018', 1, '2018-03-15 13:53:07', NULL, NULL),
	(3796, 0, 93, '2018-03-14', 6, 95, 0, '2018', 1, '2018-03-15 13:53:07', NULL, NULL),
	(3797, 0, 93, '2018-03-14', 7, 95, 0, '2018', 1, '2018-03-15 13:53:07', NULL, NULL),
	(3798, 0, 93, '2018-03-14', 8, 95, 0, '2018', 1, '2018-03-15 13:53:07', NULL, NULL),
	(3799, 0, 93, '2018-03-14', 9, 95, 0, '2018', 1, '2018-03-15 13:53:07', NULL, NULL),
	(3800, 0, 93, '2018-03-14', 10, 95, 0, '2018', 1, '2018-03-15 13:53:07', NULL, NULL),
	(3801, 0, 93, '2018-03-14', 11, 95, 0, '2018', 1, '2018-03-15 13:53:07', NULL, NULL),
	(3802, 0, 93, '2018-03-14', 12, 95, 0, '2018', 1, '2018-03-15 13:53:07', NULL, NULL),
	(3803, 0, 94, '2018-03-14', 1, 0, 1, '2018', 1, '2018-03-15 13:53:07', NULL, NULL),
	(3804, 0, 94, '2018-03-14', 2, 0, 1, '2018', 1, '2018-03-15 13:53:07', NULL, NULL),
	(3805, 0, 94, '2018-03-14', 3, 0, 1, '2018', 1, '2018-03-15 13:53:07', NULL, NULL),
	(3806, 0, 94, '2018-03-14', 4, 0, 1, '2018', 1, '2018-03-15 13:53:07', NULL, NULL),
	(3807, 0, 94, '2018-03-14', 5, 0, 1, '2018', 1, '2018-03-15 13:53:07', NULL, NULL),
	(3808, 0, 94, '2018-03-14', 6, 0, 1, '2018', 1, '2018-03-15 13:53:07', NULL, NULL),
	(3809, 0, 94, '2018-03-14', 7, 0, 1, '2018', 1, '2018-03-15 13:53:07', NULL, NULL),
	(3810, 0, 94, '2018-03-14', 8, 0, 1, '2018', 1, '2018-03-15 13:53:07', NULL, NULL),
	(3811, 0, 94, '2018-03-14', 9, 0, 1, '2018', 1, '2018-03-15 13:53:07', NULL, NULL),
	(3812, 0, 94, '2018-03-14', 10, 0, 1, '2018', 1, '2018-03-15 13:53:07', NULL, NULL),
	(3813, 0, 94, '2018-03-14', 11, 0, 1, '2018', 1, '2018-03-15 13:53:07', NULL, NULL),
	(3814, 0, 94, '2018-03-14', 12, 0, 1, '2018', 1, '2018-03-15 13:53:07', NULL, NULL),
	(3815, 0, 95, '2018-03-14', 1, 90, 0, '2018', 1, '2018-03-15 13:53:07', NULL, NULL),
	(3816, 0, 95, '2018-03-14', 2, 90, 0, '2018', 1, '2018-03-15 13:53:07', NULL, NULL),
	(3817, 0, 95, '2018-03-14', 3, 90, 0, '2018', 1, '2018-03-15 13:53:07', NULL, NULL),
	(3818, 0, 95, '2018-03-14', 4, 90, 0, '2018', 1, '2018-03-15 13:53:07', NULL, NULL),
	(3819, 0, 95, '2018-03-14', 5, 90, 0, '2018', 1, '2018-03-15 13:53:07', NULL, NULL),
	(3820, 0, 95, '2018-03-14', 6, 90, 0, '2018', 1, '2018-03-15 13:53:07', NULL, NULL),
	(3821, 0, 95, '2018-03-14', 7, 90, 0, '2018', 1, '2018-03-15 13:53:07', NULL, NULL),
	(3822, 0, 95, '2018-03-14', 8, 90, 0, '2018', 1, '2018-03-15 13:53:07', NULL, NULL),
	(3823, 0, 95, '2018-03-14', 9, 90, 0, '2018', 1, '2018-03-15 13:53:07', NULL, NULL),
	(3824, 0, 95, '2018-03-14', 10, 90, 0, '2018', 1, '2018-03-15 13:53:07', NULL, NULL),
	(3825, 0, 95, '2018-03-14', 11, 90, 0, '2018', 1, '2018-03-15 13:53:07', NULL, NULL),
	(3826, 0, 95, '2018-03-14', 12, 90, 0, '2018', 1, '2018-03-15 13:53:07', NULL, NULL),
	(3827, 0, 96, '2018-03-14', 1, 1.4, 1, '2018', 1, '2018-03-15 13:53:07', NULL, NULL),
	(3828, 0, 96, '2018-03-14', 2, 1.4, 1, '2018', 1, '2018-03-15 13:53:07', NULL, NULL),
	(3829, 0, 96, '2018-03-14', 3, 1.4, 1, '2018', 1, '2018-03-15 13:53:07', NULL, NULL),
	(3830, 0, 96, '2018-03-14', 4, 1.4, 1, '2018', 1, '2018-03-15 13:53:07', NULL, NULL),
	(3831, 0, 96, '2018-03-14', 5, 1.4, 1, '2018', 1, '2018-03-15 13:53:07', NULL, NULL),
	(3832, 0, 96, '2018-03-14', 6, 1.4, 1, '2018', 1, '2018-03-15 13:53:07', NULL, NULL),
	(3833, 0, 96, '2018-03-14', 7, 1.4, 1, '2018', 1, '2018-03-15 13:53:07', NULL, NULL),
	(3834, 0, 96, '2018-03-14', 8, 1.4, 1, '2018', 1, '2018-03-15 13:53:07', NULL, NULL),
	(3835, 0, 96, '2018-03-14', 9, 1.4, 1, '2018', 1, '2018-03-15 13:53:07', NULL, NULL),
	(3836, 0, 96, '2018-03-14', 10, 1.4, 1, '2018', 1, '2018-03-15 13:53:07', NULL, NULL),
	(3837, 0, 96, '2018-03-14', 11, 1.4, 1, '2018', 1, '2018-03-15 13:53:07', NULL, NULL),
	(3838, 0, 96, '2018-03-14', 12, 1.4, 1, '2018', 1, '2018-03-15 13:53:07', NULL, NULL),
	(3839, 0, 97, '2018-03-14', 1, 0.9, 1, '2018', 1, '2018-03-15 13:53:07', NULL, NULL),
	(3840, 0, 97, '2018-03-14', 2, 0.9, 1, '2018', 1, '2018-03-15 13:53:07', NULL, NULL),
	(3841, 0, 97, '2018-03-14', 3, 0.9, 1, '2018', 1, '2018-03-15 13:53:07', NULL, NULL),
	(3842, 0, 97, '2018-03-14', 4, 0.9, 1, '2018', 1, '2018-03-15 13:53:07', NULL, NULL),
	(3843, 0, 97, '2018-03-14', 5, 0.9, 1, '2018', 1, '2018-03-15 13:53:07', NULL, NULL),
	(3844, 0, 97, '2018-03-14', 6, 0.9, 1, '2018', 1, '2018-03-15 13:53:07', NULL, NULL),
	(3845, 0, 97, '2018-03-14', 7, 0.9, 1, '2018', 1, '2018-03-15 13:53:07', NULL, NULL),
	(3846, 0, 97, '2018-03-14', 8, 0.9, 1, '2018', 1, '2018-03-15 13:53:07', NULL, NULL),
	(3847, 0, 97, '2018-03-14', 9, 0.9, 1, '2018', 1, '2018-03-15 13:53:07', NULL, NULL),
	(3848, 0, 97, '2018-03-14', 10, 0.9, 1, '2018', 1, '2018-03-15 13:53:07', NULL, NULL),
	(3849, 0, 97, '2018-03-14', 11, 0.9, 1, '2018', 1, '2018-03-15 13:53:07', NULL, NULL),
	(3850, 0, 97, '2018-03-14', 12, 0.9, 1, '2018', 1, '2018-03-15 13:53:07', NULL, NULL),
	(3851, 0, 98, '2018-03-14', 1, 1.8, 1, '2018', 1, '2018-03-15 13:53:07', NULL, NULL),
	(3852, 0, 98, '2018-03-14', 2, 1.8, 1, '2018', 1, '2018-03-15 13:53:07', NULL, NULL),
	(3853, 0, 98, '2018-03-14', 3, 1.8, 1, '2018', 1, '2018-03-15 13:53:07', NULL, NULL),
	(3854, 0, 98, '2018-03-14', 4, 1.8, 1, '2018', 1, '2018-03-15 13:53:07', NULL, NULL),
	(3855, 0, 98, '2018-03-14', 5, 1.8, 1, '2018', 1, '2018-03-15 13:53:07', NULL, NULL),
	(3856, 0, 98, '2018-03-14', 6, 1.8, 1, '2018', 1, '2018-03-15 13:53:08', NULL, NULL),
	(3857, 0, 98, '2018-03-14', 7, 1.8, 1, '2018', 1, '2018-03-15 13:53:08', NULL, NULL),
	(3858, 0, 98, '2018-03-14', 8, 1.8, 1, '2018', 1, '2018-03-15 13:53:08', NULL, NULL),
	(3859, 0, 98, '2018-03-14', 9, 1.8, 1, '2018', 1, '2018-03-15 13:53:08', NULL, NULL),
	(3860, 0, 98, '2018-03-14', 10, 1.8, 1, '2018', 1, '2018-03-15 13:53:08', NULL, NULL),
	(3861, 0, 98, '2018-03-14', 11, 1.8, 1, '2018', 1, '2018-03-15 13:53:08', NULL, NULL),
	(3862, 0, 98, '2018-03-14', 12, 1.8, 1, '2018', 1, '2018-03-15 13:53:08', NULL, NULL),
	(3863, 0, 99, '2018-03-14', 1, 3, 1, '2018', 1, '2018-03-15 13:53:08', NULL, NULL),
	(3864, 0, 99, '2018-03-14', 2, 3, 1, '2018', 1, '2018-03-15 13:53:08', NULL, NULL),
	(3865, 0, 99, '2018-03-14', 3, 3, 1, '2018', 1, '2018-03-15 13:53:08', NULL, NULL),
	(3866, 0, 99, '2018-03-14', 4, 3, 1, '2018', 1, '2018-03-15 13:53:08', NULL, NULL),
	(3867, 0, 99, '2018-03-14', 5, 3, 1, '2018', 1, '2018-03-15 13:53:08', NULL, NULL),
	(3868, 0, 99, '2018-03-14', 6, 3, 1, '2018', 1, '2018-03-15 13:53:08', NULL, NULL),
	(3869, 0, 99, '2018-03-14', 7, 3, 1, '2018', 1, '2018-03-15 13:53:08', NULL, NULL),
	(3870, 0, 99, '2018-03-14', 8, 3, 1, '2018', 1, '2018-03-15 13:53:08', NULL, NULL),
	(3871, 0, 99, '2018-03-14', 9, 3, 1, '2018', 1, '2018-03-15 13:53:08', NULL, NULL),
	(3872, 0, 99, '2018-03-14', 10, 3, 1, '2018', 1, '2018-03-15 13:53:08', NULL, NULL),
	(3873, 0, 99, '2018-03-14', 11, 3, 1, '2018', 1, '2018-03-15 13:53:08', NULL, NULL),
	(3874, 0, 99, '2018-03-14', 12, 3, 1, '2018', 1, '2018-03-15 13:53:08', NULL, NULL),
	(3875, 97, 100, '2018-03-14', 1, 80, 0, '2018', 1, '2018-03-15 13:53:08', NULL, NULL),
	(3876, 97, 100, '2018-03-14', 2, 80, 0, '2018', 1, '2018-03-15 13:53:08', NULL, NULL),
	(3877, 0, 100, '2018-03-14', 3, 80, 0, '2018', 1, '2018-03-15 13:53:08', NULL, NULL),
	(3878, 0, 100, '2018-03-14', 4, 80, 0, '2018', 1, '2018-03-15 13:53:08', NULL, NULL),
	(3879, 0, 100, '2018-03-14', 5, 80, 0, '2018', 1, '2018-03-15 13:53:08', NULL, NULL),
	(3880, 0, 100, '2018-03-14', 6, 80, 0, '2018', 1, '2018-03-15 13:53:08', NULL, NULL),
	(3881, 0, 100, '2018-03-14', 7, 80, 0, '2018', 1, '2018-03-15 13:53:08', NULL, NULL),
	(3882, 0, 100, '2018-03-14', 8, 80, 0, '2018', 1, '2018-03-15 13:53:08', NULL, NULL),
	(3883, 0, 100, '2018-03-14', 9, 80, 0, '2018', 1, '2018-03-15 13:53:08', NULL, NULL),
	(3884, 0, 100, '2018-03-14', 10, 80, 0, '2018', 1, '2018-03-15 13:53:08', NULL, NULL),
	(3885, 0, 100, '2018-03-14', 11, 80, 0, '2018', 1, '2018-03-15 13:53:08', NULL, NULL),
	(3886, 0, 100, '2018-03-14', 12, 80, 0, '2018', 1, '2018-03-15 13:53:08', NULL, NULL),
	(3887, 0, 101, '2018-03-14', 1, 1, 0, '2018', 1, '2018-03-15 13:53:08', NULL, NULL),
	(3888, 0, 101, '2018-03-14', 2, 1, 0, '2018', 1, '2018-03-15 13:53:08', NULL, NULL),
	(3889, 0, 101, '2018-03-14', 3, 1, 0, '2018', 1, '2018-03-15 13:53:08', NULL, NULL),
	(3890, 0, 101, '2018-03-14', 4, 1, 0, '2018', 1, '2018-03-15 13:53:08', NULL, NULL),
	(3891, 0, 101, '2018-03-14', 5, 1, 0, '2018', 1, '2018-03-15 13:53:08', NULL, NULL),
	(3892, 0, 101, '2018-03-14', 6, 1, 0, '2018', 1, '2018-03-15 13:53:08', NULL, NULL),
	(3893, 0, 101, '2018-03-14', 7, 1, 0, '2018', 1, '2018-03-15 13:53:08', NULL, NULL),
	(3894, 0, 101, '2018-03-14', 8, 1, 0, '2018', 1, '2018-03-15 13:53:08', NULL, NULL),
	(3895, 0, 101, '2018-03-14', 9, 1, 0, '2018', 1, '2018-03-15 13:53:08', NULL, NULL),
	(3896, 0, 101, '2018-03-14', 10, 1, 0, '2018', 1, '2018-03-15 13:53:08', NULL, NULL),
	(3897, 0, 101, '2018-03-14', 11, 1, 0, '2018', 1, '2018-03-15 13:53:08', NULL, NULL),
	(3898, 0, 101, '2018-03-14', 12, 1, 0, '2018', 1, '2018-03-15 13:53:08', NULL, NULL),
	(3899, 0, 102, '2018-03-14', 1, 90, 0, '2018', 1, '2018-03-15 13:53:08', NULL, NULL),
	(3900, 0, 102, '2018-03-14', 2, 90, 0, '2018', 1, '2018-03-15 13:53:08', NULL, NULL),
	(3901, 0, 102, '2018-03-14', 3, 90, 0, '2018', 1, '2018-03-15 13:53:08', NULL, NULL),
	(3902, 0, 102, '2018-03-14', 4, 90, 0, '2018', 1, '2018-03-15 13:53:08', NULL, NULL),
	(3903, 0, 102, '2018-03-14', 5, 90, 0, '2018', 1, '2018-03-15 13:53:08', NULL, NULL),
	(3904, 0, 102, '2018-03-14', 6, 90, 0, '2018', 1, '2018-03-15 13:53:08', NULL, NULL),
	(3905, 0, 102, '2018-03-14', 7, 90, 0, '2018', 1, '2018-03-15 13:53:08', NULL, NULL),
	(3906, 0, 102, '2018-03-14', 8, 90, 0, '2018', 1, '2018-03-15 13:53:08', NULL, NULL),
	(3907, 0, 102, '2018-03-14', 9, 90, 0, '2018', 1, '2018-03-15 13:53:08', NULL, NULL),
	(3908, 0, 102, '2018-03-14', 10, 90, 0, '2018', 1, '2018-03-15 13:53:08', NULL, NULL),
	(3909, 0, 102, '2018-03-14', 11, 90, 0, '2018', 1, '2018-03-15 13:53:08', NULL, NULL),
	(3910, 0, 102, '2018-03-14', 12, 90, 0, '2018', 1, '2018-03-15 13:53:08', NULL, NULL),
	(3911, 100, 103, '2018-03-14', 1, 99, 0, '2018', 1, '2018-03-15 13:53:08', NULL, NULL),
	(3912, 80, 103, '2018-03-14', 2, 99, 0, '2018', 1, '2018-03-15 13:53:08', NULL, NULL),
	(3913, 0, 103, '2018-03-14', 3, 99, 0, '2018', 1, '2018-03-15 13:53:08', NULL, NULL),
	(3914, 0, 103, '2018-03-14', 4, 99, 0, '2018', 1, '2018-03-15 13:53:08', NULL, NULL),
	(3915, 0, 103, '2018-03-14', 5, 99, 0, '2018', 1, '2018-03-15 13:53:08', NULL, NULL),
	(3916, 0, 103, '2018-03-14', 6, 99, 0, '2018', 1, '2018-03-15 13:53:08', NULL, NULL),
	(3917, 0, 103, '2018-03-14', 7, 99, 0, '2018', 1, '2018-03-15 13:53:08', NULL, NULL),
	(3918, 0, 103, '2018-03-14', 8, 99, 0, '2018', 1, '2018-03-15 13:53:08', NULL, NULL),
	(3919, 0, 103, '2018-03-14', 9, 99, 0, '2018', 1, '2018-03-15 13:53:08', NULL, NULL),
	(3920, 0, 103, '2018-03-14', 10, 99, 0, '2018', 1, '2018-03-15 13:53:08', NULL, NULL),
	(3921, 0, 103, '2018-03-14', 11, 99, 0, '2018', 1, '2018-03-15 13:53:08', NULL, NULL),
	(3922, 0, 103, '2018-03-14', 12, 99, 0, '2018', 1, '2018-03-15 13:53:08', NULL, NULL),
	(3923, 100, 104, '2018-03-14', 1, 80, 0, '2018', 1, '2018-03-15 13:53:08', NULL, NULL),
	(3924, 100, 104, '2018-03-14', 2, 80, 0, '2018', 1, '2018-03-15 13:53:08', NULL, NULL),
	(3925, 0, 104, '2018-03-14', 3, 80, 0, '2018', 1, '2018-03-15 13:53:08', NULL, NULL),
	(3926, 0, 104, '2018-03-14', 4, 80, 0, '2018', 1, '2018-03-15 13:53:08', NULL, NULL),
	(3927, 0, 104, '2018-03-14', 5, 80, 0, '2018', 1, '2018-03-15 13:53:08', NULL, NULL),
	(3928, 0, 104, '2018-03-14', 6, 80, 0, '2018', 1, '2018-03-15 13:53:08', NULL, NULL),
	(3929, 0, 104, '2018-03-14', 7, 80, 0, '2018', 1, '2018-03-15 13:53:08', NULL, NULL),
	(3930, 0, 104, '2018-03-14', 8, 80, 0, '2018', 1, '2018-03-15 13:53:08', NULL, NULL),
	(3931, 0, 104, '2018-03-14', 9, 80, 0, '2018', 1, '2018-03-15 13:53:08', NULL, NULL),
	(3932, 0, 104, '2018-03-14', 10, 80, 0, '2018', 1, '2018-03-15 13:53:08', NULL, NULL),
	(3933, 0, 104, '2018-03-14', 11, 80, 0, '2018', 1, '2018-03-15 13:53:08', NULL, NULL),
	(3934, 0, 104, '2018-03-14', 12, 80, 0, '2018', 1, '2018-03-15 13:53:08', NULL, NULL),
	(3935, 100, 105, '2018-03-14', 1, 80, 0, '2018', 1, '2018-03-15 13:53:08', NULL, NULL),
	(3936, 95, 105, '2018-03-14', 2, 80, 0, '2018', 1, '2018-03-15 13:53:08', NULL, NULL),
	(3937, 0, 105, '2018-03-14', 3, 80, 0, '2018', 1, '2018-03-15 13:53:08', NULL, NULL),
	(3938, 0, 105, '2018-03-14', 4, 80, 0, '2018', 1, '2018-03-15 13:53:08', NULL, NULL),
	(3939, 0, 105, '2018-03-14', 5, 80, 0, '2018', 1, '2018-03-15 13:53:08', NULL, NULL),
	(3940, 0, 105, '2018-03-14', 6, 80, 0, '2018', 1, '2018-03-15 13:53:08', NULL, NULL),
	(3941, 0, 105, '2018-03-14', 7, 80, 0, '2018', 1, '2018-03-15 13:53:08', NULL, NULL),
	(3942, 0, 105, '2018-03-14', 8, 80, 0, '2018', 1, '2018-03-15 13:53:08', NULL, NULL),
	(3943, 0, 105, '2018-03-14', 9, 80, 0, '2018', 1, '2018-03-15 13:53:08', NULL, NULL),
	(3944, 0, 105, '2018-03-14', 10, 80, 0, '2018', 1, '2018-03-15 13:53:08', NULL, NULL),
	(3945, 0, 105, '2018-03-14', 11, 80, 0, '2018', 1, '2018-03-15 13:53:08', NULL, NULL),
	(3946, 0, 105, '2018-03-14', 12, 80, 0, '2018', 1, '2018-03-15 13:53:08', NULL, NULL),
	(3947, 100, 106, '2018-03-14', 1, 80, 0, '2018', 1, '2018-03-15 13:53:08', NULL, NULL),
	(3948, 100, 106, '2018-03-14', 2, 80, 0, '2018', 1, '2018-03-15 13:53:08', NULL, NULL),
	(3949, 0, 106, '2018-03-14', 3, 80, 0, '2018', 1, '2018-03-15 13:53:08', NULL, NULL),
	(3950, 0, 106, '2018-03-14', 4, 80, 0, '2018', 1, '2018-03-15 13:53:08', NULL, NULL),
	(3951, 0, 106, '2018-03-14', 5, 80, 0, '2018', 1, '2018-03-15 13:53:08', NULL, NULL),
	(3952, 0, 106, '2018-03-14', 6, 80, 0, '2018', 1, '2018-03-15 13:53:08', NULL, NULL),
	(3953, 0, 106, '2018-03-14', 7, 80, 0, '2018', 1, '2018-03-15 13:53:08', NULL, NULL),
	(3954, 0, 106, '2018-03-14', 8, 80, 0, '2018', 1, '2018-03-15 13:53:08', NULL, NULL),
	(3955, 0, 106, '2018-03-14', 9, 80, 0, '2018', 1, '2018-03-15 13:53:08', NULL, NULL),
	(3956, 0, 106, '2018-03-14', 10, 80, 0, '2018', 1, '2018-03-15 13:53:08', NULL, NULL),
	(3957, 0, 106, '2018-03-14', 11, 80, 0, '2018', 1, '2018-03-15 13:53:08', NULL, NULL),
	(3958, 0, 106, '2018-03-14', 12, 80, 0, '2018', 1, '2018-03-15 13:53:08', NULL, NULL),
	(3959, 100, 107, '2018-03-14', 1, 100, 0, '2018', 1, '2018-03-15 13:53:08', NULL, NULL),
	(3960, 100, 107, '2018-03-14', 2, 100, 0, '2018', 1, '2018-03-15 13:53:08', NULL, NULL),
	(3961, 0, 107, '2018-03-14', 3, 100, 0, '2018', 1, '2018-03-15 13:53:08', NULL, NULL),
	(3962, 0, 107, '2018-03-14', 4, 100, 0, '2018', 1, '2018-03-15 13:53:08', NULL, NULL),
	(3963, 0, 107, '2018-03-14', 5, 100, 0, '2018', 1, '2018-03-15 13:53:08', NULL, NULL),
	(3964, 0, 107, '2018-03-14', 6, 100, 0, '2018', 1, '2018-03-15 13:53:08', NULL, NULL),
	(3965, 0, 107, '2018-03-14', 7, 100, 0, '2018', 1, '2018-03-15 13:53:08', NULL, NULL),
	(3966, 0, 107, '2018-03-14', 8, 100, 0, '2018', 1, '2018-03-15 13:53:08', NULL, NULL),
	(3967, 0, 107, '2018-03-14', 9, 100, 0, '2018', 1, '2018-03-15 13:53:08', NULL, NULL),
	(3968, 0, 107, '2018-03-14', 10, 100, 0, '2018', 1, '2018-03-15 13:53:08', NULL, NULL),
	(3969, 0, 107, '2018-03-14', 11, 100, 0, '2018', 1, '2018-03-15 13:53:08', NULL, NULL),
	(3970, 0, 107, '2018-03-14', 12, 100, 0, '2018', 1, '2018-03-15 13:53:08', NULL, NULL),
	(3971, 89728.47, 108, '2018-03-14', 1, 65000, 1, '2018', 1, '2018-03-15 13:53:08', NULL, NULL),
	(3972, 74953.02, 108, '2018-03-14', 2, 65000, 1, '2018', 1, '2018-03-15 13:53:08', NULL, NULL),
	(3973, 0, 108, '2018-03-14', 3, 65000, 1, '2018', 1, '2018-03-15 13:53:08', NULL, NULL),
	(3974, 0, 108, '2018-03-14', 4, 65000, 1, '2018', 1, '2018-03-15 13:53:08', NULL, NULL),
	(3975, 0, 108, '2018-03-14', 5, 65000, 1, '2018', 1, '2018-03-15 13:53:08', NULL, NULL),
	(3976, 0, 108, '2018-03-14', 6, 65000, 1, '2018', 1, '2018-03-15 13:53:08', NULL, NULL),
	(3977, 0, 108, '2018-03-14', 7, 65000, 1, '2018', 1, '2018-03-15 13:53:08', NULL, NULL),
	(3978, 0, 108, '2018-03-14', 8, 65000, 1, '2018', 1, '2018-03-15 13:53:08', NULL, NULL),
	(3979, 0, 108, '2018-03-14', 9, 65000, 1, '2018', 1, '2018-03-15 13:53:08', NULL, NULL),
	(3980, 0, 108, '2018-03-14', 10, 65000, 1, '2018', 1, '2018-03-15 13:53:08', NULL, NULL),
	(3981, 0, 108, '2018-03-14', 11, 65000, 1, '2018', 1, '2018-03-15 13:53:08', NULL, NULL),
	(3982, 0, 108, '2018-03-14', 12, 65000, 1, '2018', 1, '2018-03-15 13:53:08', NULL, NULL),
	(3983, 0, 110, '2018-03-14', 1, 99, 0, '2018', 1, '2018-03-15 13:53:08', NULL, NULL),
	(3984, 0, 110, '2018-03-14', 2, 99, 0, '2018', 1, '2018-03-15 13:53:08', NULL, NULL),
	(3985, 0, 110, '2018-03-14', 3, 99, 0, '2018', 1, '2018-03-15 13:53:08', NULL, NULL),
	(3986, 0, 110, '2018-03-14', 4, 99, 0, '2018', 1, '2018-03-15 13:53:08', NULL, NULL),
	(3987, 0, 110, '2018-03-14', 5, 99, 0, '2018', 1, '2018-03-15 13:53:08', NULL, NULL),
	(3988, 0, 110, '2018-03-14', 6, 99, 0, '2018', 1, '2018-03-15 13:53:08', NULL, NULL),
	(3989, 0, 110, '2018-03-14', 7, 99, 0, '2018', 1, '2018-03-15 13:53:08', NULL, NULL),
	(3990, 0, 110, '2018-03-14', 8, 99, 0, '2018', 1, '2018-03-15 13:53:08', NULL, NULL),
	(3991, 0, 110, '2018-03-14', 9, 99, 0, '2018', 1, '2018-03-15 13:53:08', NULL, NULL),
	(3992, 0, 110, '2018-03-14', 10, 99, 0, '2018', 1, '2018-03-15 13:53:08', NULL, NULL),
	(3993, 0, 110, '2018-03-14', 11, 99, 0, '2018', 1, '2018-03-15 13:53:08', NULL, NULL),
	(3994, 0, 110, '2018-03-14', 12, 99, 0, '2018', 1, '2018-03-15 13:53:08', NULL, NULL),
	(3995, 0.06, 146, '2018-03-14', 1, 0, 0, '2015', 1, '2018-03-15 13:53:51', NULL, NULL),
	(3996, 0.08, 146, '2018-03-14', 2, 0, 0, '2015', 1, '2018-03-15 13:53:51', NULL, NULL),
	(3997, 0.09, 146, '2018-03-14', 3, 0, 0, '2015', 1, '2018-03-15 13:53:51', NULL, NULL),
	(3998, 0.1, 146, '2018-03-14', 4, 0, 0, '2015', 1, '2018-03-15 13:53:51', NULL, NULL),
	(3999, 0.09, 146, '2018-03-14', 5, 0, 0, '2015', 1, '2018-03-15 13:53:51', NULL, NULL),
	(4000, 0.06, 146, '2018-03-14', 6, 0, 0, '2015', 1, '2018-03-15 13:53:51', NULL, NULL),
	(4001, 0.06, 146, '2018-03-14', 7, 0, 0, '2015', 1, '2018-03-15 13:53:51', NULL, NULL),
	(4002, 0.05, 146, '2018-03-14', 8, 0, 0, '2015', 1, '2018-03-15 13:53:51', NULL, NULL),
	(4003, 0.07, 146, '2018-03-14', 9, 0, 0, '2015', 1, '2018-03-15 13:53:51', NULL, NULL),
	(4004, 0.07, 146, '2018-03-14', 10, 0, 0, '2015', 1, '2018-03-15 13:53:51', NULL, NULL),
	(4005, 0.07, 146, '2018-03-14', 11, 0, 0, '2015', 1, '2018-03-15 13:53:51', NULL, NULL),
	(4006, 0.12, 146, '2018-03-14', 12, 0, 0, '2015', 1, '2018-03-15 13:53:51', NULL, NULL),
	(4007, 0.73, 147, '2018-03-14', 1, 0, 0, '2015', 1, '2018-03-15 13:53:51', NULL, NULL),
	(4008, 0.53, 147, '2018-03-14', 2, 0, 0, '2015', 1, '2018-03-15 13:53:51', NULL, NULL),
	(4009, 0.71, 147, '2018-03-14', 3, 0, 0, '2015', 1, '2018-03-15 13:53:51', NULL, NULL),
	(4010, 0.71, 147, '2018-03-14', 4, 0, 0, '2015', 1, '2018-03-15 13:53:51', NULL, NULL),
	(4011, 0.75, 147, '2018-03-14', 5, 0, 0, '2015', 1, '2018-03-15 13:53:51', NULL, NULL),
	(4012, 0.76, 147, '2018-03-14', 6, 0, 0, '2015', 1, '2018-03-15 13:53:51', NULL, NULL),
	(4013, 0.87, 147, '2018-03-14', 7, 0, 0, '2015', 1, '2018-03-15 13:53:51', NULL, NULL),
	(4014, 0.84, 147, '2018-03-14', 8, 0, 0, '2015', 1, '2018-03-15 13:53:51', NULL, NULL),
	(4015, 0.78, 147, '2018-03-14', 9, 0, 0, '2015', 1, '2018-03-15 13:53:51', NULL, NULL),
	(4016, 0.71, 147, '2018-03-14', 10, 0, 0, '2015', 1, '2018-03-15 13:53:51', NULL, NULL),
	(4017, 0.73, 147, '2018-03-14', 11, 0, 0, '2015', 1, '2018-03-15 13:53:51', NULL, NULL),
	(4018, 0.76, 147, '2018-03-14', 12, 0, 0, '2015', 1, '2018-03-15 13:53:51', NULL, NULL),
	(4019, 0.71, 148, '2018-03-14', 1, 0, 0, '2015', 1, '2018-03-15 13:53:51', NULL, NULL),
	(4020, 0.97, 148, '2018-03-14', 2, 0, 0, '2015', 1, '2018-03-15 13:53:51', NULL, NULL),
	(4021, 0.71, 148, '2018-03-14', 3, 0, 0, '2015', 1, '2018-03-15 13:53:51', NULL, NULL),
	(4022, 0.8, 148, '2018-03-14', 4, 0, 0, '2015', 1, '2018-03-15 13:53:51', NULL, NULL),
	(4023, 0.96, 148, '2018-03-14', 5, 0, 0, '2015', 1, '2018-03-15 13:53:51', NULL, NULL),
	(4024, 0.82, 148, '2018-03-14', 6, 0, 0, '2015', 1, '2018-03-15 13:53:51', NULL, NULL),
	(4025, 0.93, 148, '2018-03-14', 7, 0, 0, '2015', 1, '2018-03-15 13:53:51', NULL, NULL),
	(4026, 0.88, 148, '2018-03-14', 8, 0, 0, '2015', 1, '2018-03-15 13:53:51', NULL, NULL),
	(4027, 0.92, 148, '2018-03-14', 9, 0, 0, '2015', 1, '2018-03-15 13:53:51', NULL, NULL),
	(4028, 0.88, 148, '2018-03-14', 10, 0, 0, '2015', 1, '2018-03-15 13:53:51', NULL, NULL),
	(4029, 0.81, 148, '2018-03-14', 11, 0, 0, '2015', 1, '2018-03-15 13:53:51', NULL, NULL),
	(4030, 0.85, 148, '2018-03-14', 12, 0, 0, '2015', 1, '2018-03-15 13:53:51', NULL, NULL),
	(4031, 0.85, 149, '2018-03-14', 1, 0, 0, '2015', 1, '2018-03-15 13:53:51', NULL, NULL),
	(4032, 0.84, 149, '2018-03-14', 2, 0, 0, '2015', 1, '2018-03-15 13:53:51', NULL, NULL),
	(4033, 0.82, 149, '2018-03-14', 3, 0, 0, '2015', 1, '2018-03-15 13:53:51', NULL, NULL),
	(4034, 0.81, 149, '2018-03-14', 4, 0, 0, '2015', 1, '2018-03-15 13:53:51', NULL, NULL),
	(4035, 0.79, 149, '2018-03-14', 5, 0, 0, '2015', 1, '2018-03-15 13:53:51', NULL, NULL),
	(4036, 0.91, 149, '2018-03-14', 6, 0, 0, '2015', 1, '2018-03-15 13:53:51', NULL, NULL),
	(4037, 0.8, 149, '2018-03-14', 7, 0, 0, '2015', 1, '2018-03-15 13:53:51', NULL, NULL),
	(4038, 0.91, 149, '2018-03-14', 8, 0, 0, '2015', 1, '2018-03-15 13:53:51', NULL, NULL),
	(4039, 0.81, 149, '2018-03-14', 9, 0, 0, '2015', 1, '2018-03-15 13:53:51', NULL, NULL),
	(4040, 0.87, 149, '2018-03-14', 10, 0, 0, '2015', 1, '2018-03-15 13:53:52', NULL, NULL),
	(4041, 0.89, 149, '2018-03-14', 11, 0, 0, '2015', 1, '2018-03-15 13:53:52', NULL, NULL),
	(4042, 0, 149, '2018-03-14', 12, 0, 0, '2015', 1, '2018-03-15 13:53:52', NULL, NULL),
	(4043, 0.75, 150, '2018-03-14', 1, 0, 0, '2015', 1, '2018-03-15 13:53:52', NULL, NULL),
	(4044, 0.63, 150, '2018-03-14', 2, 0, 0, '2015', 1, '2018-03-15 13:53:52', NULL, NULL),
	(4045, 0.77, 150, '2018-03-14', 3, 0, 0, '2015', 1, '2018-03-15 13:53:52', NULL, NULL),
	(4046, 0.79, 150, '2018-03-14', 4, 0, 0, '2015', 1, '2018-03-15 13:53:52', NULL, NULL),
	(4047, 0.85, 150, '2018-03-14', 5, 0, 0, '2015', 1, '2018-03-15 13:53:52', NULL, NULL),
	(4048, 0.89, 150, '2018-03-14', 6, 0, 0, '2015', 1, '2018-03-15 13:53:52', NULL, NULL),
	(4049, 0.89, 150, '2018-03-14', 7, 0, 0, '2015', 1, '2018-03-15 13:53:52', NULL, NULL),
	(4050, 0.87, 150, '2018-03-14', 8, 0, 0, '2015', 1, '2018-03-15 13:53:52', NULL, NULL),
	(4051, 0.83, 150, '2018-03-14', 9, 0, 0, '2015', 1, '2018-03-15 13:53:52', NULL, NULL),
	(4052, 0.88, 150, '2018-03-14', 10, 0, 0, '2015', 1, '2018-03-15 13:53:52', NULL, NULL),
	(4053, 0.81, 150, '2018-03-14', 11, 0, 0, '2015', 1, '2018-03-15 13:53:52', NULL, NULL),
	(4054, 0.81, 150, '2018-03-14', 12, 0, 0, '2015', 1, '2018-03-15 13:53:52', NULL, NULL),
	(4055, 6.67, 151, '2018-03-14', 1, 7.42, 1, '2016', 1, '2018-03-15 13:53:52', NULL, NULL),
	(4056, 8.06, 151, '2018-03-14', 2, 7.42, 1, '2016', 1, '2018-03-15 13:53:52', NULL, NULL),
	(4057, 6.97, 151, '2018-03-14', 3, 7.42, 1, '2016', 1, '2018-03-15 13:53:52', NULL, NULL),
	(4058, 8.66, 151, '2018-03-14', 4, 7.42, 1, '2016', 1, '2018-03-15 13:53:52', NULL, NULL),
	(4059, 6.91, 151, '2018-03-14', 5, 7.42, 1, '2016', 1, '2018-03-15 13:53:52', NULL, NULL),
	(4060, 6.44, 151, '2018-03-14', 6, 7.42, 1, '2016', 1, '2018-03-15 13:53:52', NULL, NULL),
	(4061, 5.75, 151, '2018-03-14', 7, 7.42, 1, '2016', 1, '2018-03-15 13:53:52', NULL, NULL),
	(4062, 6.25, 151, '2018-03-14', 8, 7.42, 1, '2016', 1, '2018-03-15 13:53:52', NULL, NULL),
	(4063, 7.6, 151, '2018-03-14', 9, 7.42, 1, '2016', 1, '2018-03-15 13:53:52', NULL, NULL),
	(4064, 9.09, 151, '2018-03-14', 10, 7.42, 1, '2016', 1, '2018-03-15 13:53:52', NULL, NULL),
	(4065, 5.39, 151, '2018-03-14', 11, 7.42, 1, '2016', 1, '2018-03-15 13:53:52', NULL, NULL),
	(4066, 7.86, 151, '2018-03-14', 12, 7.42, 1, '2016', 1, '2018-03-15 13:53:52', NULL, NULL),
	(4067, 73, 152, '2018-03-14', 1, 78, 0, '2016', 1, '2018-03-15 13:53:52', NULL, NULL),
	(4068, 83, 152, '2018-03-14', 2, 78, 0, '2016', 1, '2018-03-15 13:53:52', NULL, NULL),
	(4069, 75, 152, '2018-03-14', 3, 78, 0, '2016', 1, '2018-03-15 13:53:52', NULL, NULL),
	(4070, 80, 152, '2018-03-14', 4, 78, 0, '2016', 1, '2018-03-15 13:53:52', NULL, NULL),
	(4071, 62, 152, '2018-03-14', 5, 78, 0, '2016', 1, '2018-03-15 13:53:52', NULL, NULL),
	(4072, 62, 152, '2018-03-14', 6, 78, 0, '2016', 1, '2018-03-15 13:53:52', NULL, NULL),
	(4073, 49, 152, '2018-03-14', 7, 78, 0, '2016', 1, '2018-03-15 13:53:52', NULL, NULL),
	(4074, 73, 152, '2018-03-14', 8, 78, 0, '2016', 1, '2018-03-15 13:53:52', NULL, NULL),
	(4075, 70, 152, '2018-03-14', 9, 78, 0, '2016', 1, '2018-03-15 13:53:52', NULL, NULL),
	(4076, 79, 152, '2018-03-14', 10, 78, 0, '2016', 1, '2018-03-15 13:53:52', NULL, NULL),
	(4077, 81, 152, '2018-03-14', 11, 78, 0, '2016', 1, '2018-03-15 13:53:52', NULL, NULL),
	(4078, 76, 152, '2018-03-14', 12, 78, 0, '2016', 1, '2018-03-15 13:53:52', NULL, NULL),
	(4079, 77, 153, '2018-03-14', 1, 78, 0, '2016', 1, '2018-03-15 13:53:52', NULL, NULL),
	(4080, 93, 153, '2018-03-14', 2, 78, 0, '2016', 1, '2018-03-15 13:53:52', NULL, NULL),
	(4081, 91, 153, '2018-03-14', 3, 78, 0, '2016', 1, '2018-03-15 13:53:52', NULL, NULL),
	(4082, 64, 153, '2018-03-14', 4, 78, 0, '2016', 1, '2018-03-15 13:53:52', NULL, NULL),
	(4083, 86, 153, '2018-03-14', 5, 78, 0, '2016', 1, '2018-03-15 13:53:52', NULL, NULL),
	(4084, 87, 153, '2018-03-14', 6, 78, 0, '2016', 1, '2018-03-15 13:53:52', NULL, NULL),
	(4085, 84, 153, '2018-03-14', 7, 78, 0, '2016', 1, '2018-03-15 13:53:52', NULL, NULL),
	(4086, 87, 153, '2018-03-14', 8, 78, 0, '2016', 1, '2018-03-15 13:53:52', NULL, NULL),
	(4087, 89, 153, '2018-03-14', 9, 78, 0, '2016', 1, '2018-03-15 13:53:52', NULL, NULL),
	(4088, 93, 153, '2018-03-14', 10, 78, 0, '2016', 1, '2018-03-15 13:53:52', NULL, NULL),
	(4089, 0, 153, '2018-03-14', 11, 78, 0, '2016', 1, '2018-03-15 13:53:52', NULL, NULL),
	(4090, 0, 153, '2018-03-14', 12, 78, 0, '2016', 1, '2018-03-15 13:53:52', NULL, NULL),
	(4091, 88, 154, '2018-03-14', 1, 78, 0, '2016', 1, '2018-03-15 13:53:52', NULL, NULL),
	(4092, 90, 154, '2018-03-14', 2, 78, 0, '2016', 1, '2018-03-15 13:53:52', NULL, NULL),
	(4093, 91, 154, '2018-03-14', 3, 78, 0, '2016', 1, '2018-03-15 13:53:52', NULL, NULL),
	(4094, 92, 154, '2018-03-14', 4, 78, 0, '2016', 1, '2018-03-15 13:53:52', NULL, NULL),
	(4095, 87, 154, '2018-03-14', 5, 78, 0, '2016', 1, '2018-03-15 13:53:52', NULL, NULL),
	(4096, 96, 154, '2018-03-14', 6, 78, 0, '2016', 1, '2018-03-15 13:53:52', NULL, NULL),
	(4097, 94, 154, '2018-03-14', 7, 78, 0, '2016', 1, '2018-03-15 13:53:52', NULL, NULL),
	(4098, 95, 154, '2018-03-14', 8, 78, 0, '2016', 1, '2018-03-15 13:53:52', NULL, NULL),
	(4099, 98, 154, '2018-03-14', 9, 78, 0, '2016', 1, '2018-03-15 13:53:52', NULL, NULL),
	(4100, 92, 154, '2018-03-14', 10, 78, 0, '2016', 1, '2018-03-15 13:53:52', NULL, NULL),
	(4101, 94, 154, '2018-03-14', 11, 78, 0, '2016', 1, '2018-03-15 13:53:52', NULL, NULL),
	(4102, 90, 154, '2018-03-14', 12, 78, 0, '2016', 1, '2018-03-15 13:53:52', NULL, NULL),
	(4103, 81, 155, '2018-03-14', 1, 78, 0, '2016', 1, '2018-03-15 13:53:52', NULL, NULL),
	(4104, 96, 155, '2018-03-14', 2, 78, 0, '2016', 1, '2018-03-15 13:53:52', NULL, NULL),
	(4105, 87, 155, '2018-03-14', 3, 78, 0, '2016', 1, '2018-03-15 13:53:52', NULL, NULL),
	(4106, 82, 155, '2018-03-14', 4, 78, 0, '2016', 1, '2018-03-15 13:53:52', NULL, NULL),
	(4107, 79, 155, '2018-03-14', 5, 78, 0, '2016', 1, '2018-03-15 13:53:52', NULL, NULL),
	(4108, 82, 155, '2018-03-14', 6, 78, 0, '2016', 1, '2018-03-15 13:53:52', NULL, NULL),
	(4109, 80, 155, '2018-03-14', 7, 78, 0, '2016', 1, '2018-03-15 13:53:52', NULL, NULL),
	(4110, 86, 155, '2018-03-14', 8, 78, 0, '2016', 1, '2018-03-15 13:53:52', NULL, NULL),
	(4111, 85, 155, '2018-03-14', 9, 78, 0, '2016', 1, '2018-03-15 13:53:52', NULL, NULL),
	(4112, 85, 155, '2018-03-14', 10, 78, 0, '2016', 1, '2018-03-15 13:53:52', NULL, NULL),
	(4113, 86, 155, '2018-03-14', 11, 78, 0, '2016', 1, '2018-03-15 13:53:52', NULL, NULL),
	(4114, 85, 155, '2018-03-14', 12, 78, 0, '2016', 1, '2018-03-15 13:53:52', NULL, NULL),
	(4115, 5.64, 156, '2018-03-14', 1, 7.42, 1, '2017', 1, '2018-03-15 13:53:52', NULL, NULL),
	(4116, 7.11, 156, '2018-03-14', 2, 7.42, 1, '2017', 1, '2018-03-15 13:53:52', NULL, NULL),
	(4117, 6.19, 156, '2018-03-14', 3, 7.42, 1, '2017', 1, '2018-03-15 13:53:52', NULL, NULL),
	(4118, 8.02, 156, '2018-03-14', 4, 7.42, 1, '2017', 1, '2018-03-15 13:53:52', NULL, NULL),
	(4119, 7.66, 156, '2018-03-14', 5, 7.42, 1, '2017', 1, '2018-03-15 13:53:52', NULL, NULL),
	(4120, 8.06, 156, '2018-03-14', 6, 7.42, 1, '2017', 1, '2018-03-15 13:53:52', NULL, NULL),
	(4121, 9.6, 156, '2018-03-14', 7, 7.42, 1, '2017', 1, '2018-03-15 13:53:52', NULL, NULL),
	(4122, 10.92, 156, '2018-03-14', 8, 7.42, 1, '2017', 1, '2018-03-15 13:53:52', NULL, NULL),
	(4123, 12.18, 156, '2018-03-14', 9, 7.42, 1, '2017', 1, '2018-03-15 13:53:52', NULL, NULL),
	(4124, 8.11, 156, '2018-03-14', 10, 7.42, 1, '2017', 1, '2018-03-15 13:53:52', NULL, NULL),
	(4125, 7, 156, '2018-03-14', 11, 7.42, 1, '2017', 1, '2018-03-15 13:53:52', NULL, NULL),
	(4126, 9.23, 156, '2018-03-14', 12, 7.42, 1, '2017', 1, '2018-03-15 13:53:52', NULL, NULL),
	(4127, 0, 157, '2018-03-14', 1, 78, 0, '2017', 1, '2018-03-15 13:53:52', NULL, NULL),
	(4128, 0, 157, '2018-03-14', 2, 78, 0, '2017', 1, '2018-03-15 13:53:52', NULL, NULL),
	(4129, 99, 157, '2018-03-14', 3, 78, 0, '2017', 1, '2018-03-15 13:53:52', NULL, NULL),
	(4130, 84, 157, '2018-03-14', 4, 78, 0, '2017', 1, '2018-03-15 13:53:52', NULL, NULL),
	(4131, 71, 157, '2018-03-14', 5, 78, 0, '2017', 1, '2018-03-15 13:53:52', NULL, NULL),
	(4132, 67, 157, '2018-03-14', 6, 78, 0, '2017', 1, '2018-03-15 13:53:52', NULL, NULL),
	(4133, 93, 157, '2018-03-14', 7, 78, 0, '2017', 1, '2018-03-15 13:53:52', NULL, NULL),
	(4134, 100, 157, '2018-03-14', 8, 78, 0, '2017', 1, '2018-03-15 13:53:52', NULL, NULL),
	(4135, 90, 157, '2018-03-14', 9, 78, 0, '2017', 1, '2018-03-15 13:53:52', NULL, NULL),
	(4136, 82, 157, '2018-03-14', 10, 78, 0, '2017', 1, '2018-03-15 13:53:52', NULL, NULL),
	(4137, 74, 157, '2018-03-14', 11, 78, 0, '2017', 1, '2018-03-15 13:53:52', NULL, NULL),
	(4138, 74, 157, '2018-03-14', 12, 78, 0, '2017', 1, '2018-03-15 13:53:52', NULL, NULL),
	(4139, 89, 158, '2018-03-14', 1, 78, 0, '2017', 1, '2018-03-15 13:53:52', NULL, NULL),
	(4140, 74, 158, '2018-03-14', 2, 78, 0, '2017', 1, '2018-03-15 13:53:52', NULL, NULL),
	(4141, 72, 158, '2018-03-14', 3, 78, 0, '2017', 1, '2018-03-15 13:53:52', NULL, NULL),
	(4142, 71, 158, '2018-03-14', 4, 78, 0, '2017', 1, '2018-03-15 13:53:52', NULL, NULL),
	(4143, 80, 158, '2018-03-14', 5, 78, 0, '2017', 1, '2018-03-15 13:53:52', NULL, NULL),
	(4144, 87, 158, '2018-03-14', 6, 78, 0, '2017', 1, '2018-03-15 13:53:52', NULL, NULL),
	(4145, 83, 158, '2018-03-14', 7, 78, 0, '2017', 1, '2018-03-15 13:53:52', NULL, NULL),
	(4146, 91, 158, '2018-03-14', 8, 78, 0, '2017', 1, '2018-03-15 13:53:52', NULL, NULL),
	(4147, 81, 158, '2018-03-14', 9, 78, 0, '2017', 1, '2018-03-15 13:53:52', NULL, NULL),
	(4148, 87, 158, '2018-03-14', 10, 78, 0, '2017', 1, '2018-03-15 13:53:52', NULL, NULL),
	(4149, 90, 158, '2018-03-14', 11, 78, 0, '2017', 1, '2018-03-15 13:53:52', NULL, NULL),
	(4150, 62, 158, '2018-03-14', 12, 78, 0, '2017', 1, '2018-03-15 13:53:52', NULL, NULL),
	(4151, 80, 159, '2018-03-14', 1, 78, 0, '2017', 1, '2018-03-15 13:53:52', NULL, NULL),
	(4152, 80, 159, '2018-03-14', 2, 78, 0, '2017', 1, '2018-03-15 13:53:52', NULL, NULL),
	(4153, 70, 159, '2018-03-14', 3, 78, 0, '2017', 1, '2018-03-15 13:53:52', NULL, NULL),
	(4154, 71, 159, '2018-03-14', 4, 78, 0, '2017', 1, '2018-03-15 13:53:52', NULL, NULL),
	(4155, 70, 159, '2018-03-14', 5, 78, 0, '2017', 1, '2018-03-15 13:53:52', NULL, NULL),
	(4156, 80, 159, '2018-03-14', 6, 78, 0, '2017', 1, '2018-03-15 13:53:52', NULL, NULL),
	(4157, 78, 159, '2018-03-14', 7, 78, 0, '2017', 1, '2018-03-15 13:53:52', NULL, NULL),
	(4158, 92, 159, '2018-03-14', 8, 78, 0, '2017', 1, '2018-03-15 13:53:52', NULL, NULL),
	(4159, 70, 159, '2018-03-14', 9, 78, 0, '2017', 1, '2018-03-15 13:53:52', NULL, NULL),
	(4160, 75, 159, '2018-03-14', 10, 78, 0, '2017', 1, '2018-03-15 13:53:52', NULL, NULL),
	(4161, 73, 159, '2018-03-14', 11, 78, 0, '2017', 1, '2018-03-15 13:53:52', NULL, NULL),
	(4162, 68, 159, '2018-03-14', 12, 78, 0, '2017', 1, '2018-03-15 13:53:52', NULL, NULL),
	(4163, 0, 160, '2018-03-14', 1, 78, 0, '2017', 1, '2018-03-15 13:53:52', NULL, NULL),
	(4164, 0, 160, '2018-03-14', 2, 78, 0, '2017', 1, '2018-03-15 13:53:52', NULL, NULL),
	(4165, 73, 160, '2018-03-14', 3, 78, 0, '2017', 1, '2018-03-15 13:53:52', NULL, NULL),
	(4166, 91, 160, '2018-03-14', 4, 78, 0, '2017', 1, '2018-03-15 13:53:52', NULL, NULL),
	(4167, 62, 160, '2018-03-14', 5, 78, 0, '2017', 1, '2018-03-15 13:53:52', NULL, NULL),
	(4168, 51, 160, '2018-03-14', 6, 78, 0, '2017', 1, '2018-03-15 13:53:52', NULL, NULL),
	(4169, 66, 160, '2018-03-14', 7, 78, 0, '2017', 1, '2018-03-15 13:53:52', NULL, NULL),
	(4170, 41, 160, '2018-03-14', 8, 78, 0, '2017', 1, '2018-03-15 13:53:52', NULL, NULL),
	(4171, 72, 160, '2018-03-14', 9, 78, 0, '2017', 1, '2018-03-15 13:53:52', NULL, NULL),
	(4172, 69, 160, '2018-03-14', 10, 78, 0, '2017', 1, '2018-03-15 13:53:52', NULL, NULL),
	(4173, 78, 160, '2018-03-14', 11, 78, 0, '2017', 1, '2018-03-15 13:53:52', NULL, NULL),
	(4174, 45, 160, '2018-03-14', 12, 78, 0, '2017', 1, '2018-03-15 13:53:52', NULL, NULL),
	(4175, 82, 161, '2018-03-14', 1, 78, 0, '2017', 1, '2018-03-15 13:53:52', NULL, NULL),
	(4176, 73, 161, '2018-03-14', 2, 78, 0, '2017', 1, '2018-03-15 13:53:52', NULL, NULL),
	(4177, 80, 161, '2018-03-14', 3, 78, 0, '2017', 1, '2018-03-15 13:53:52', NULL, NULL),
	(4178, 79, 161, '2018-03-14', 4, 78, 0, '2017', 1, '2018-03-15 13:53:52', NULL, NULL),
	(4179, 71, 161, '2018-03-14', 5, 78, 0, '2017', 1, '2018-03-15 13:53:52', NULL, NULL),
	(4180, 70, 161, '2018-03-14', 6, 78, 0, '2017', 1, '2018-03-15 13:53:52', NULL, NULL),
	(4181, 80, 161, '2018-03-14', 7, 78, 0, '2017', 1, '2018-03-15 13:53:52', NULL, NULL),
	(4182, 81, 161, '2018-03-14', 8, 78, 0, '2017', 1, '2018-03-15 13:53:52', NULL, NULL),
	(4183, 78, 161, '2018-03-14', 9, 78, 0, '2017', 1, '2018-03-15 13:53:52', NULL, NULL),
	(4184, 78, 161, '2018-03-14', 10, 78, 0, '2017', 1, '2018-03-15 13:53:52', NULL, NULL),
	(4185, 79, 161, '2018-03-14', 11, 78, 0, '2017', 1, '2018-03-15 13:53:52', NULL, NULL),
	(4186, 62, 161, '2018-03-14', 12, 78, 0, '2017', 1, '2018-03-15 13:53:52', NULL, NULL),
	(4187, 70.26, 162, '2018-03-14', 1, 65, 1, '2017', 1, '2018-03-15 13:53:52', NULL, NULL),
	(4188, 46.21, 162, '2018-03-14', 2, 65, 1, '2017', 1, '2018-03-15 13:53:52', NULL, NULL),
	(4189, 28.7, 162, '2018-03-14', 3, 65, 1, '2017', 1, '2018-03-15 13:53:52', NULL, NULL),
	(4190, 75.33, 162, '2018-03-14', 4, 65, 1, '2017', 1, '2018-03-15 13:53:52', NULL, NULL),
	(4191, 63.9, 162, '2018-03-14', 5, 65, 1, '2017', 1, '2018-03-15 13:53:52', NULL, NULL),
	(4192, 109.61, 162, '2018-03-14', 6, 65, 1, '2017', 1, '2018-03-15 13:53:52', NULL, NULL),
	(4193, 52, 162, '2018-03-14', 7, 65, 1, '2017', 1, '2018-03-15 13:53:52', NULL, NULL),
	(4194, 50.9, 162, '2018-03-14', 8, 65, 1, '2017', 1, '2018-03-15 13:53:52', NULL, NULL),
	(4195, 57.9, 162, '2018-03-14', 9, 65, 1, '2017', 1, '2018-03-15 13:53:52', NULL, NULL),
	(4196, 62, 162, '2018-03-14', 10, 65, 1, '2017', 1, '2018-03-15 13:53:52', NULL, NULL),
	(4197, 90, 162, '2018-03-14', 11, 65, 1, '2017', 1, '2018-03-15 13:53:53', NULL, NULL),
	(4198, 208, 162, '2018-03-14', 12, 65, 1, '2017', 1, '2018-03-15 13:53:53', NULL, NULL),
	(4199, 5483, 163, '2018-03-14', 1, 6100, 0, '2017', 1, '2018-03-15 13:53:53', NULL, NULL),
	(4200, 4072, 163, '2018-03-14', 2, 6100, 0, '2017', 1, '2018-03-15 13:53:53', NULL, NULL),
	(4201, 6692, 163, '2018-03-14', 3, 6100, 0, '2017', 1, '2018-03-15 13:53:53', NULL, NULL),
	(4202, 7676, 163, '2018-03-14', 4, 6100, 0, '2017', 1, '2018-03-15 13:53:53', NULL, NULL),
	(4203, 9008, 163, '2018-03-14', 5, 6100, 0, '2017', 1, '2018-03-15 13:53:53', NULL, NULL),
	(4204, 15475, 163, '2018-03-14', 6, 6100, 0, '2017', 1, '2018-03-15 13:53:53', NULL, NULL),
	(4205, 12867, 163, '2018-03-14', 7, 6100, 0, '2017', 1, '2018-03-15 13:53:53', NULL, NULL),
	(4206, 13860, 163, '2018-03-14', 8, 6100, 0, '2017', 1, '2018-03-15 13:53:53', NULL, NULL),
	(4207, 10713, 163, '2018-03-14', 9, 6100, 0, '2017', 1, '2018-03-15 13:53:53', NULL, NULL),
	(4208, 19105, 163, '2018-03-14', 10, 6100, 0, '2017', 1, '2018-03-15 13:53:53', NULL, NULL),
	(4209, 16735, 163, '2018-03-14', 11, 6100, 0, '2017', 1, '2018-03-15 13:53:53', NULL, NULL),
	(4210, 20089, 163, '2018-03-14', 12, 6100, 0, '2017', 1, '2018-03-15 13:53:53', NULL, NULL),
	(4211, 99, 164, '2018-03-14', 1, 99, 0, '2017', 1, '2018-03-15 13:53:53', NULL, NULL),
	(4212, 98, 164, '2018-03-14', 2, 99, 0, '2017', 1, '2018-03-15 13:53:53', NULL, NULL),
	(4213, 98, 164, '2018-03-14', 3, 99, 0, '2017', 1, '2018-03-15 13:53:53', NULL, NULL),
	(4214, 99, 164, '2018-03-14', 4, 99, 0, '2017', 1, '2018-03-15 13:53:53', NULL, NULL),
	(4215, 99.8, 164, '2018-03-14', 5, 99, 0, '2017', 1, '2018-03-15 13:53:53', NULL, NULL),
	(4216, 91.56, 164, '2018-03-14', 6, 99, 0, '2017', 1, '2018-03-15 13:53:53', NULL, NULL),
	(4217, 99.1, 164, '2018-03-14', 7, 99, 0, '2017', 1, '2018-03-15 13:53:53', NULL, NULL),
	(4218, 100, 164, '2018-03-14', 8, 99, 0, '2017', 1, '2018-03-15 13:53:53', NULL, NULL),
	(4219, 99, 164, '2018-03-14', 9, 99, 0, '2017', 1, '2018-03-15 13:53:53', NULL, NULL),
	(4220, 100, 164, '2018-03-14', 10, 99, 0, '2017', 1, '2018-03-15 13:53:53', NULL, NULL),
	(4221, 100, 164, '2018-03-14', 11, 99, 0, '2017', 1, '2018-03-15 13:53:53', NULL, NULL),
	(4222, 99, 164, '2018-03-14', 12, 99, 0, '2017', 1, '2018-03-15 13:53:53', NULL, NULL),
	(4223, 16, 165, '2018-03-14', 1, 9, 1, '2017', 1, '2018-03-15 13:53:53', NULL, NULL),
	(4224, 13, 165, '2018-03-14', 2, 9, 1, '2017', 1, '2018-03-15 13:53:53', NULL, NULL),
	(4225, 8.8, 165, '2018-03-14', 3, 9, 1, '2017', 1, '2018-03-15 13:53:53', NULL, NULL),
	(4226, 7.6, 165, '2018-03-14', 4, 9, 1, '2017', 1, '2018-03-15 13:53:53', NULL, NULL),
	(4227, 11, 165, '2018-03-14', 5, 9, 1, '2017', 1, '2018-03-15 13:53:53', NULL, NULL),
	(4228, 13, 165, '2018-03-14', 6, 9, 1, '2017', 1, '2018-03-15 13:53:53', NULL, NULL),
	(4229, 11, 165, '2018-03-14', 7, 9, 1, '2017', 1, '2018-03-15 13:53:53', NULL, NULL),
	(4230, 0, 165, '2018-03-14', 8, 9, 1, '2017', 1, '2018-03-15 13:53:53', NULL, NULL),
	(4231, 11.9, 165, '2018-03-14', 9, 9, 1, '2017', 1, '2018-03-15 13:53:53', NULL, NULL),
	(4232, 13.2, 165, '2018-03-14', 10, 9, 1, '2017', 1, '2018-03-15 13:53:53', NULL, NULL),
	(4233, 10.2, 165, '2018-03-14', 11, 9, 1, '2017', 1, '2018-03-15 13:53:53', NULL, NULL),
	(4234, 10.42, 165, '2018-03-14', 12, 9, 1, '2017', 1, '2018-03-15 13:53:53', NULL, NULL),
	(4235, 0, 166, '2018-03-14', 1, 7.42, 1, '2018', 1, '2018-03-15 13:53:53', NULL, NULL),
	(4236, 0, 166, '2018-03-14', 2, 7.42, 1, '2018', 1, '2018-03-15 13:53:53', NULL, NULL),
	(4237, 0, 166, '2018-03-14', 3, 7.42, 1, '2018', 1, '2018-03-15 13:53:53', NULL, NULL),
	(4238, 0, 166, '2018-03-14', 4, 7.42, 1, '2018', 1, '2018-03-15 13:53:53', NULL, NULL),
	(4239, 0, 166, '2018-03-14', 5, 7.42, 1, '2018', 1, '2018-03-15 13:53:53', NULL, NULL),
	(4240, 0, 166, '2018-03-14', 6, 7.42, 1, '2018', 1, '2018-03-15 13:53:53', NULL, NULL),
	(4241, 0, 166, '2018-03-14', 7, 7.42, 1, '2018', 1, '2018-03-15 13:53:53', NULL, NULL),
	(4242, 0, 166, '2018-03-14', 8, 7.42, 1, '2018', 1, '2018-03-15 13:53:53', NULL, NULL),
	(4243, 0, 166, '2018-03-14', 9, 7.42, 1, '2018', 1, '2018-03-15 13:53:53', NULL, NULL),
	(4244, 0, 166, '2018-03-14', 10, 7.42, 1, '2018', 1, '2018-03-15 13:53:53', NULL, NULL),
	(4245, 0, 166, '2018-03-14', 11, 7.42, 1, '2018', 1, '2018-03-15 13:53:53', NULL, NULL),
	(4246, 0, 166, '2018-03-14', 12, 7.42, 1, '2018', 1, '2018-03-15 13:53:53', NULL, NULL),
	(4247, 0, 167, '2018-03-14', 1, 78, 0, '2018', 1, '2018-03-15 13:53:53', NULL, NULL),
	(4248, 0, 167, '2018-03-14', 2, 78, 0, '2018', 1, '2018-03-15 13:53:53', NULL, NULL),
	(4249, 0, 167, '2018-03-14', 3, 78, 0, '2018', 1, '2018-03-15 13:53:53', NULL, NULL),
	(4250, 0, 167, '2018-03-14', 4, 78, 0, '2018', 1, '2018-03-15 13:53:53', NULL, NULL),
	(4251, 0, 167, '2018-03-14', 5, 78, 0, '2018', 1, '2018-03-15 13:53:53', NULL, NULL),
	(4252, 0, 167, '2018-03-14', 6, 78, 0, '2018', 1, '2018-03-15 13:53:53', NULL, NULL),
	(4253, 0, 167, '2018-03-14', 7, 78, 0, '2018', 1, '2018-03-15 13:53:53', NULL, NULL),
	(4254, 0, 167, '2018-03-14', 8, 78, 0, '2018', 1, '2018-03-15 13:53:53', NULL, NULL),
	(4255, 0, 167, '2018-03-14', 9, 78, 0, '2018', 1, '2018-03-15 13:53:53', NULL, NULL),
	(4256, 0, 167, '2018-03-14', 10, 78, 0, '2018', 1, '2018-03-15 13:53:53', NULL, NULL),
	(4257, 0, 167, '2018-03-14', 11, 78, 0, '2018', 1, '2018-03-15 13:53:53', NULL, NULL),
	(4258, 0, 167, '2018-03-14', 12, 78, 0, '2018', 1, '2018-03-15 13:53:53', NULL, NULL),
	(4259, 0, 168, '2018-03-14', 1, 78, 0, '2018', 1, '2018-03-15 13:53:53', NULL, NULL),
	(4260, 0, 168, '2018-03-14', 2, 78, 0, '2018', 1, '2018-03-15 13:53:53', NULL, NULL),
	(4261, 0, 168, '2018-03-14', 3, 78, 0, '2018', 1, '2018-03-15 13:53:53', NULL, NULL),
	(4262, 0, 168, '2018-03-14', 4, 78, 0, '2018', 1, '2018-03-15 13:53:53', NULL, NULL),
	(4263, 0, 168, '2018-03-14', 5, 78, 0, '2018', 1, '2018-03-15 13:53:53', NULL, NULL),
	(4264, 0, 168, '2018-03-14', 6, 78, 0, '2018', 1, '2018-03-15 13:53:53', NULL, NULL),
	(4265, 0, 168, '2018-03-14', 7, 78, 0, '2018', 1, '2018-03-15 13:53:53', NULL, NULL),
	(4266, 0, 168, '2018-03-14', 8, 78, 0, '2018', 1, '2018-03-15 13:53:53', NULL, NULL),
	(4267, 0, 168, '2018-03-14', 9, 78, 0, '2018', 1, '2018-03-15 13:53:53', NULL, NULL),
	(4268, 0, 168, '2018-03-14', 10, 78, 0, '2018', 1, '2018-03-15 13:53:53', NULL, NULL),
	(4269, 0, 168, '2018-03-14', 11, 78, 0, '2018', 1, '2018-03-15 13:53:53', NULL, NULL),
	(4270, 0, 168, '2018-03-14', 12, 78, 0, '2018', 1, '2018-03-15 13:53:53', NULL, NULL),
	(4271, 0, 169, '2018-03-14', 1, 78, 0, '2018', 1, '2018-03-15 13:53:53', NULL, NULL),
	(4272, 0, 169, '2018-03-14', 2, 78, 0, '2018', 1, '2018-03-15 13:53:53', NULL, NULL),
	(4273, 0, 169, '2018-03-14', 3, 78, 0, '2018', 1, '2018-03-15 13:53:53', NULL, NULL),
	(4274, 0, 169, '2018-03-14', 4, 78, 0, '2018', 1, '2018-03-15 13:53:53', NULL, NULL),
	(4275, 0, 169, '2018-03-14', 5, 78, 0, '2018', 1, '2018-03-15 13:53:53', NULL, NULL),
	(4276, 0, 169, '2018-03-14', 6, 78, 0, '2018', 1, '2018-03-15 13:53:53', NULL, NULL),
	(4277, 0, 169, '2018-03-14', 7, 78, 0, '2018', 1, '2018-03-15 13:53:53', NULL, NULL),
	(4278, 0, 169, '2018-03-14', 8, 78, 0, '2018', 1, '2018-03-15 13:53:53', NULL, NULL),
	(4279, 0, 169, '2018-03-14', 9, 78, 0, '2018', 1, '2018-03-15 13:53:53', NULL, NULL),
	(4280, 0, 169, '2018-03-14', 10, 78, 0, '2018', 1, '2018-03-15 13:53:53', NULL, NULL),
	(4281, 0, 169, '2018-03-14', 11, 78, 0, '2018', 1, '2018-03-15 13:53:53', NULL, NULL),
	(4282, 0, 169, '2018-03-14', 12, 78, 0, '2018', 1, '2018-03-15 13:53:53', NULL, NULL),
	(4283, 0, 170, '2018-03-14', 1, 78, 0, '2018', 1, '2018-03-15 13:53:53', NULL, NULL),
	(4284, 0, 170, '2018-03-14', 2, 78, 0, '2018', 1, '2018-03-15 13:53:53', NULL, NULL),
	(4285, 0, 170, '2018-03-14', 3, 78, 0, '2018', 1, '2018-03-15 13:53:53', NULL, NULL),
	(4286, 0, 170, '2018-03-14', 4, 78, 0, '2018', 1, '2018-03-15 13:53:53', NULL, NULL),
	(4287, 0, 170, '2018-03-14', 5, 78, 0, '2018', 1, '2018-03-15 13:53:53', NULL, NULL),
	(4288, 0, 170, '2018-03-14', 6, 78, 0, '2018', 1, '2018-03-15 13:53:53', NULL, NULL),
	(4289, 0, 170, '2018-03-14', 7, 78, 0, '2018', 1, '2018-03-15 13:53:53', NULL, NULL),
	(4290, 0, 170, '2018-03-14', 8, 78, 0, '2018', 1, '2018-03-15 13:53:53', NULL, NULL),
	(4291, 0, 170, '2018-03-14', 9, 78, 0, '2018', 1, '2018-03-15 13:53:53', NULL, NULL),
	(4292, 0, 170, '2018-03-14', 10, 78, 0, '2018', 1, '2018-03-15 13:53:53', NULL, NULL),
	(4293, 0, 170, '2018-03-14', 11, 78, 0, '2018', 1, '2018-03-15 13:53:53', NULL, NULL),
	(4294, 0, 170, '2018-03-14', 12, 78, 0, '2018', 1, '2018-03-15 13:53:53', NULL, NULL),
	(4295, 0, 171, '2018-03-14', 1, 78, 0, '2018', 1, '2018-03-15 13:53:53', NULL, NULL),
	(4296, 0, 171, '2018-03-14', 2, 78, 0, '2018', 1, '2018-03-15 13:53:53', NULL, NULL),
	(4297, 0, 171, '2018-03-14', 3, 78, 0, '2018', 1, '2018-03-15 13:53:53', NULL, NULL),
	(4298, 0, 171, '2018-03-14', 4, 78, 0, '2018', 1, '2018-03-15 13:53:53', NULL, NULL),
	(4299, 0, 171, '2018-03-14', 5, 78, 0, '2018', 1, '2018-03-15 13:53:53', NULL, NULL),
	(4300, 0, 171, '2018-03-14', 6, 78, 0, '2018', 1, '2018-03-15 13:53:53', NULL, NULL),
	(4301, 0, 171, '2018-03-14', 7, 78, 0, '2018', 1, '2018-03-15 13:53:53', NULL, NULL),
	(4302, 0, 171, '2018-03-14', 8, 78, 0, '2018', 1, '2018-03-15 13:53:53', NULL, NULL),
	(4303, 0, 171, '2018-03-14', 9, 78, 0, '2018', 1, '2018-03-15 13:53:53', NULL, NULL),
	(4304, 0, 171, '2018-03-14', 10, 78, 0, '2018', 1, '2018-03-15 13:53:53', NULL, NULL),
	(4305, 0, 171, '2018-03-14', 11, 78, 0, '2018', 1, '2018-03-15 13:53:53', NULL, NULL),
	(4306, 0, 171, '2018-03-14', 12, 78, 0, '2018', 1, '2018-03-15 13:53:53', NULL, NULL),
	(4307, 0, 172, '2018-03-14', 1, 65, 1, '2018', 1, '2018-03-15 13:53:53', NULL, NULL),
	(4308, 0, 172, '2018-03-14', 2, 65, 1, '2018', 1, '2018-03-15 13:53:53', NULL, NULL),
	(4309, 0, 172, '2018-03-14', 3, 65, 1, '2018', 1, '2018-03-15 13:53:53', NULL, NULL),
	(4310, 0, 172, '2018-03-14', 4, 65, 1, '2018', 1, '2018-03-15 13:53:53', NULL, NULL),
	(4311, 0, 172, '2018-03-14', 5, 65, 1, '2018', 1, '2018-03-15 13:53:53', NULL, NULL),
	(4312, 0, 172, '2018-03-14', 6, 65, 1, '2018', 1, '2018-03-15 13:53:53', NULL, NULL),
	(4313, 0, 172, '2018-03-14', 7, 65, 1, '2018', 1, '2018-03-15 13:53:53', NULL, NULL),
	(4314, 0, 172, '2018-03-14', 8, 65, 1, '2018', 1, '2018-03-15 13:53:53', NULL, NULL),
	(4315, 0, 172, '2018-03-14', 9, 65, 1, '2018', 1, '2018-03-15 13:53:53', NULL, NULL),
	(4316, 0, 172, '2018-03-14', 10, 65, 1, '2018', 1, '2018-03-15 13:53:53', NULL, NULL),
	(4317, 0, 172, '2018-03-14', 11, 65, 1, '2018', 1, '2018-03-15 13:53:53', NULL, NULL),
	(4318, 0, 172, '2018-03-14', 12, 65, 1, '2018', 1, '2018-03-15 13:53:53', NULL, NULL),
	(4319, 0, 173, '2018-03-14', 1, 6100, 0, '2018', 1, '2018-03-15 13:53:53', NULL, NULL),
	(4320, 0, 173, '2018-03-14', 2, 6100, 0, '2018', 1, '2018-03-15 13:53:53', NULL, NULL),
	(4321, 0, 173, '2018-03-14', 3, 6100, 0, '2018', 1, '2018-03-15 13:53:53', NULL, NULL),
	(4322, 0, 173, '2018-03-14', 4, 6100, 0, '2018', 1, '2018-03-15 13:53:53', NULL, NULL),
	(4323, 0, 173, '2018-03-14', 5, 6100, 0, '2018', 1, '2018-03-15 13:53:53', NULL, NULL),
	(4324, 0, 173, '2018-03-14', 6, 6100, 0, '2018', 1, '2018-03-15 13:53:53', NULL, NULL),
	(4325, 0, 173, '2018-03-14', 7, 6100, 0, '2018', 1, '2018-03-15 13:53:53', NULL, NULL),
	(4326, 0, 173, '2018-03-14', 8, 6100, 0, '2018', 1, '2018-03-15 13:53:53', NULL, NULL),
	(4327, 0, 173, '2018-03-14', 9, 6100, 0, '2018', 1, '2018-03-15 13:53:53', NULL, NULL),
	(4328, 0, 173, '2018-03-14', 10, 6100, 0, '2018', 1, '2018-03-15 13:53:53', NULL, NULL),
	(4329, 0, 173, '2018-03-14', 11, 6100, 0, '2018', 1, '2018-03-15 13:53:53', NULL, NULL),
	(4330, 0, 173, '2018-03-14', 12, 6100, 0, '2018', 1, '2018-03-15 13:53:53', NULL, NULL),
	(4331, 88, 174, '2018-03-14', 1, 99, 0, '2018', 1, '2018-03-15 13:53:53', NULL, NULL),
	(4332, 100, 174, '2018-03-14', 2, 99, 0, '2018', 1, '2018-03-15 13:53:53', NULL, NULL),
	(4333, 0, 174, '2018-03-14', 3, 99, 0, '2018', 1, '2018-03-15 13:53:53', NULL, NULL),
	(4334, 0, 174, '2018-03-14', 4, 99, 0, '2018', 1, '2018-03-15 13:53:53', NULL, NULL),
	(4335, 0, 174, '2018-03-14', 5, 99, 0, '2018', 1, '2018-03-15 13:53:53', NULL, NULL),
	(4336, 0, 174, '2018-03-14', 6, 99, 0, '2018', 1, '2018-03-15 13:53:53', NULL, NULL),
	(4337, 0, 174, '2018-03-14', 7, 99, 0, '2018', 1, '2018-03-15 13:53:53', NULL, NULL),
	(4338, 0, 174, '2018-03-14', 8, 99, 0, '2018', 1, '2018-03-15 13:53:53', NULL, NULL),
	(4339, 0, 174, '2018-03-14', 9, 99, 0, '2018', 1, '2018-03-15 13:53:53', NULL, NULL),
	(4340, 0, 174, '2018-03-14', 10, 99, 0, '2018', 1, '2018-03-15 13:53:54', NULL, NULL),
	(4341, 0, 174, '2018-03-14', 11, 99, 0, '2018', 1, '2018-03-15 13:53:54', NULL, NULL),
	(4342, 0, 174, '2018-03-14', 12, 99, 0, '2018', 1, '2018-03-15 13:53:54', NULL, NULL),
	(4343, 0, 175, '2018-03-14', 1, 9, 1, '2018', 1, '2018-03-15 13:53:54', NULL, NULL),
	(4344, 0, 175, '2018-03-14', 2, 9, 1, '2018', 1, '2018-03-15 13:53:54', NULL, NULL),
	(4345, 0, 175, '2018-03-14', 3, 9, 1, '2018', 1, '2018-03-15 13:53:54', NULL, NULL),
	(4346, 0, 175, '2018-03-14', 4, 9, 1, '2018', 1, '2018-03-15 13:53:54', NULL, NULL),
	(4347, 0, 175, '2018-03-14', 5, 9, 1, '2018', 1, '2018-03-15 13:53:54', NULL, NULL),
	(4348, 0, 175, '2018-03-14', 6, 9, 1, '2018', 1, '2018-03-15 13:53:54', NULL, NULL),
	(4349, 0, 175, '2018-03-14', 7, 9, 1, '2018', 1, '2018-03-15 13:53:54', NULL, NULL),
	(4350, 0, 175, '2018-03-14', 8, 9, 1, '2018', 1, '2018-03-15 13:53:54', NULL, NULL),
	(4351, 0, 175, '2018-03-14', 9, 9, 1, '2018', 1, '2018-03-15 13:53:54', NULL, NULL),
	(4352, 0, 175, '2018-03-14', 10, 9, 1, '2018', 1, '2018-03-15 13:53:54', NULL, NULL),
	(4353, 0, 175, '2018-03-14', 11, 9, 1, '2018', 1, '2018-03-15 13:53:54', NULL, NULL),
	(4354, 0, 175, '2018-03-14', 12, 9, 1, '2018', 1, '2018-03-15 13:53:54', NULL, NULL),
	(4355, 0, 176, '2018-03-14', 1, 0, 0, '2015', 1, '2018-03-15 14:04:23', NULL, NULL),
	(4356, 0, 176, '2018-03-14', 2, 0, 0, '2015', 1, '2018-03-15 14:04:23', NULL, NULL),
	(4357, 0, 176, '2018-03-14', 3, 0, 0, '2015', 1, '2018-03-15 14:04:23', NULL, NULL),
	(4358, 0, 176, '2018-03-14', 4, 0, 0, '2015', 1, '2018-03-15 14:04:23', NULL, NULL),
	(4359, 0, 176, '2018-03-14', 5, 0, 0, '2015', 1, '2018-03-15 14:04:23', NULL, NULL),
	(4360, 0, 176, '2018-03-14', 6, 0, 0, '2015', 1, '2018-03-15 14:04:23', NULL, NULL),
	(4361, 0, 176, '2018-03-14', 7, 0, 0, '2015', 1, '2018-03-15 14:04:23', NULL, NULL),
	(4362, 0, 176, '2018-03-14', 8, 0, 0, '2015', 1, '2018-03-15 14:04:23', NULL, NULL),
	(4363, 0, 176, '2018-03-14', 9, 0, 0, '2015', 1, '2018-03-15 14:04:23', NULL, NULL),
	(4364, 0, 176, '2018-03-14', 10, 0, 0, '2015', 1, '2018-03-15 14:04:23', NULL, NULL),
	(4365, 0, 176, '2018-03-14', 11, 0, 0, '2015', 1, '2018-03-15 14:04:23', NULL, NULL),
	(4366, 0, 176, '2018-03-14', 12, 0, 0, '2015', 1, '2018-03-15 14:04:23', NULL, NULL),
	(4367, 50433, 177, '2018-03-14', 1, 52750, 0, '2016', 1, '2018-03-15 14:04:23', NULL, NULL),
	(4368, 45244, 177, '2018-03-14', 2, 52750, 0, '2016', 1, '2018-03-15 14:04:23', NULL, NULL),
	(4369, 50483, 177, '2018-03-14', 3, 52750, 0, '2016', 1, '2018-03-15 14:04:23', NULL, NULL),
	(4370, 51825, 177, '2018-03-14', 4, 52750, 0, '2016', 1, '2018-03-15 14:04:23', NULL, NULL),
	(4371, 52763, 177, '2018-03-14', 5, 52750, 0, '2016', 1, '2018-03-15 14:04:23', NULL, NULL),
	(4372, 4385, 177, '2018-03-14', 6, 52750, 0, '2016', 1, '2018-03-15 14:04:23', NULL, NULL),
	(4373, 20584, 177, '2018-03-14', 7, 52750, 0, '2016', 1, '2018-03-15 14:04:23', NULL, NULL),
	(4374, 3349, 177, '2018-03-14', 8, 52750, 0, '2016', 1, '2018-03-15 14:04:23', NULL, NULL),
	(4375, 10221, 177, '2018-03-14', 9, 52750, 0, '2016', 1, '2018-03-15 14:04:23', NULL, NULL),
	(4376, 43667, 177, '2018-03-14', 10, 52750, 0, '2016', 1, '2018-03-15 14:04:23', NULL, NULL),
	(4377, 45789, 177, '2018-03-14', 11, 52750, 0, '2016', 1, '2018-03-15 14:04:23', NULL, NULL),
	(4378, 54758, 177, '2018-03-14', 12, 52750, 0, '2016', 1, '2018-03-15 14:04:23', NULL, NULL),
	(4379, 0, 178, '2018-03-14', 1, 0, 1, '2017', 1, '2018-03-15 14:04:23', NULL, NULL),
	(4380, 1, 178, '2018-03-14', 2, 0, 1, '2017', 1, '2018-03-15 14:04:23', NULL, NULL),
	(4381, 0, 178, '2018-03-14', 3, 0, 1, '2017', 1, '2018-03-15 14:04:23', NULL, NULL),
	(4382, 0, 178, '2018-03-14', 4, 0, 1, '2017', 1, '2018-03-15 14:04:23', NULL, NULL),
	(4383, 0, 178, '2018-03-14', 5, 0, 1, '2017', 1, '2018-03-15 14:04:23', NULL, NULL),
	(4384, 0, 180, '2018-03-14', 1, 0, 0, '2017', 1, '2018-03-15 14:04:23', NULL, NULL),
	(4385, 5, 180, '2018-03-14', 5, 85, 0, '2017', 1, '2018-03-15 14:04:23', NULL, NULL),
	(4386, 0, 180, '2018-03-14', 4, 0, 0, '2017', 1, '2018-03-15 14:04:23', NULL, NULL),
	(4387, 5, 180, '2018-03-14', 6, 85, 0, '2017', 1, '2018-03-15 14:04:23', NULL, NULL),
	(4388, 5, 180, '2018-03-14', 7, 85, 0, '2017', 1, '2018-03-15 14:04:23', NULL, NULL),
	(4389, 0, 180, '2018-03-14', 2, 0, 0, '2017', 1, '2018-03-15 14:04:23', NULL, NULL),
	(4390, 2, 178, '2018-03-14', 7, 0, 1, '2017', 1, '2018-03-15 14:04:23', NULL, NULL),
	(4391, 0, 181, '2018-03-14', 1, 0, 1, '2018', 1, '2018-03-15 14:04:23', NULL, NULL),
	(4392, 0, 181, '2018-03-14', 2, 0, 1, '2018', 1, '2018-03-15 14:04:23', NULL, NULL),
	(4393, 0, 181, '2018-03-14', 3, 0, 1, '2018', 1, '2018-03-15 14:04:23', NULL, NULL),
	(4394, 0, 181, '2018-03-14', 4, 0, 1, '2018', 1, '2018-03-15 14:04:23', NULL, NULL),
	(4395, 0, 181, '2018-03-14', 5, 0, 1, '2018', 1, '2018-03-15 14:04:23', NULL, NULL),
	(4396, 0, 181, '2018-03-14', 6, 0, 1, '2018', 1, '2018-03-15 14:04:23', NULL, NULL),
	(4397, 0, 181, '2018-03-14', 7, 0, 1, '2018', 1, '2018-03-15 14:04:23', NULL, NULL),
	(4398, 0, 181, '2018-03-14', 8, 0, 1, '2018', 1, '2018-03-15 14:04:23', NULL, NULL),
	(4399, 0, 181, '2018-03-14', 9, 0, 1, '2018', 1, '2018-03-15 14:04:23', NULL, NULL),
	(4400, 0, 181, '2018-03-14', 10, 0, 1, '2018', 1, '2018-03-15 14:04:23', NULL, NULL),
	(4401, 0, 181, '2018-03-14', 11, 0, 1, '2018', 1, '2018-03-15 14:04:23', NULL, NULL),
	(4402, 0, 181, '2018-03-14', 12, 0, 1, '2018', 1, '2018-03-15 14:04:23', NULL, NULL),
	(4403, 0, 183, '2018-03-14', 1, 0, 0, '2018', 1, '2018-03-15 14:04:23', NULL, NULL),
	(4404, 0, 183, '2018-03-14', 2, 0, 0, '2018', 1, '2018-03-15 14:04:23', NULL, NULL),
	(4405, 0, 183, '2018-03-14', 3, 0, 0, '2018', 1, '2018-03-15 14:04:23', NULL, NULL),
	(4406, 0, 183, '2018-03-14', 4, 0, 0, '2018', 1, '2018-03-15 14:04:23', NULL, NULL),
	(4407, 0, 183, '2018-03-14', 5, 0, 0, '2018', 1, '2018-03-15 14:04:23', NULL, NULL),
	(4408, 0, 183, '2018-03-14', 6, 0, 0, '2018', 1, '2018-03-15 14:04:23', NULL, NULL),
	(4409, 0, 183, '2018-03-14', 7, 0, 0, '2018', 1, '2018-03-15 14:04:23', NULL, NULL),
	(4410, 0, 183, '2018-03-14', 8, 0, 0, '2018', 1, '2018-03-15 14:04:23', NULL, NULL),
	(4411, 0, 183, '2018-03-14', 9, 0, 0, '2018', 1, '2018-03-15 14:04:23', NULL, NULL),
	(4412, 0, 183, '2018-03-14', 10, 0, 0, '2018', 1, '2018-03-15 14:04:23', NULL, NULL),
	(4413, 0, 183, '2018-03-14', 11, 0, 0, '2018', 1, '2018-03-15 14:04:23', NULL, NULL),
	(4414, 0, 183, '2018-03-14', 12, 0, 0, '2018', 1, '2018-03-15 14:04:23', NULL, NULL),
	(4415, 0, 184, '2018-03-14', 1, 0, 0, '2015', 1, '2018-03-15 14:05:25', NULL, NULL),
	(4416, 0, 184, '2018-03-14', 2, 0, 0, '2015', 1, '2018-03-15 14:05:25', NULL, NULL),
	(4417, 0, 184, '2018-03-14', 3, 0, 0, '2015', 1, '2018-03-15 14:05:25', NULL, NULL),
	(4418, 0, 184, '2018-03-14', 4, 0, 0, '2015', 1, '2018-03-15 14:05:25', NULL, NULL),
	(4419, 0, 184, '2018-03-14', 5, 0, 0, '2015', 1, '2018-03-15 14:05:25', NULL, NULL),
	(4420, 0, 184, '2018-03-14', 6, 0, 0, '2015', 1, '2018-03-15 14:05:25', NULL, NULL),
	(4421, 0, 184, '2018-03-14', 7, 0, 0, '2015', 1, '2018-03-15 14:05:25', NULL, NULL),
	(4422, 0, 184, '2018-03-14', 8, 0, 0, '2015', 1, '2018-03-15 14:05:25', NULL, NULL),
	(4423, 0, 184, '2018-03-14', 9, 0, 0, '2015', 1, '2018-03-15 14:05:25', NULL, NULL),
	(4424, 0, 184, '2018-03-14', 10, 0, 0, '2015', 1, '2018-03-15 14:05:25', NULL, NULL),
	(4425, 0, 184, '2018-03-14', 11, 0, 0, '2015', 1, '2018-03-15 14:05:25', NULL, NULL),
	(4426, 0, 184, '2018-03-14', 12, 0, 0, '2015', 1, '2018-03-15 14:05:25', NULL, NULL),
	(4427, 0, 185, '2018-03-14', 1, 0, 0, '2015', 1, '2018-03-15 14:05:25', NULL, NULL),
	(4428, 0, 185, '2018-03-14', 2, 0, 0, '2015', 1, '2018-03-15 14:05:25', NULL, NULL),
	(4429, 0, 185, '2018-03-14', 3, 0, 0, '2015', 1, '2018-03-15 14:05:25', NULL, NULL),
	(4430, 0, 185, '2018-03-14', 4, 0, 0, '2015', 1, '2018-03-15 14:05:25', NULL, NULL),
	(4431, 0, 185, '2018-03-14', 5, 0, 0, '2015', 1, '2018-03-15 14:05:25', NULL, NULL),
	(4432, 0, 185, '2018-03-14', 6, 0, 0, '2015', 1, '2018-03-15 14:05:25', NULL, NULL),
	(4433, 0, 185, '2018-03-14', 7, 0, 0, '2015', 1, '2018-03-15 14:05:25', NULL, NULL),
	(4434, 0, 185, '2018-03-14', 8, 0, 0, '2015', 1, '2018-03-15 14:05:25', NULL, NULL),
	(4435, 0, 185, '2018-03-14', 9, 0, 0, '2015', 1, '2018-03-15 14:05:25', NULL, NULL),
	(4436, 0, 185, '2018-03-14', 10, 0, 0, '2015', 1, '2018-03-15 14:05:25', NULL, NULL),
	(4437, 0, 185, '2018-03-14', 11, 0, 0, '2015', 1, '2018-03-15 14:05:25', NULL, NULL),
	(4438, 0, 185, '2018-03-14', 12, 0, 0, '2015', 1, '2018-03-15 14:05:25', NULL, NULL),
	(4439, 0, 186, '2018-03-14', 1, 0, 0, '2016', 1, '2018-03-15 14:05:25', NULL, NULL),
	(4440, 0, 186, '2018-03-14', 2, 0, 0, '2016', 1, '2018-03-15 14:05:25', NULL, NULL),
	(4441, 4, 186, '2018-03-14', 3, 0, 0, '2016', 1, '2018-03-15 14:05:25', NULL, NULL),
	(4442, 2, 186, '2018-03-14', 4, 0, 0, '2016', 1, '2018-03-15 14:05:25', NULL, NULL),
	(4443, 1, 186, '2018-03-14', 5, 0, 0, '2016', 1, '2018-03-15 14:05:25', NULL, NULL),
	(4444, 1, 186, '2018-03-14', 6, 0, 0, '2016', 1, '2018-03-15 14:05:25', NULL, NULL),
	(4445, 3, 186, '2018-03-14', 7, 0, 0, '2016', 1, '2018-03-15 14:05:25', NULL, NULL),
	(4446, 1, 186, '2018-03-14', 8, 0, 0, '2016', 1, '2018-03-15 14:05:25', NULL, NULL),
	(4447, 0, 186, '2018-03-14', 9, 0, 0, '2016', 1, '2018-03-15 14:05:25', NULL, NULL),
	(4448, 0, 186, '2018-03-14', 10, 0, 0, '2016', 1, '2018-03-15 14:05:25', NULL, NULL),
	(4449, 0, 186, '2018-03-14', 11, 0, 0, '2016', 1, '2018-03-15 14:05:25', NULL, NULL),
	(4450, 0, 186, '2018-03-14', 12, 0, 0, '2016', 1, '2018-03-15 14:05:25', NULL, NULL),
	(4451, 0, 187, '2018-03-14', 1, 0, 0, '2016', 1, '2018-03-15 14:05:25', NULL, NULL),
	(4452, 0, 187, '2018-03-14', 2, 0, 0, '2016', 1, '2018-03-15 14:05:25', NULL, NULL),
	(4453, 54, 187, '2018-03-14', 3, 0, 0, '2016', 1, '2018-03-15 14:05:25', NULL, NULL),
	(4454, 69, 187, '2018-03-14', 4, 0, 0, '2016', 1, '2018-03-15 14:05:25', NULL, NULL),
	(4455, 70, 187, '2018-03-14', 5, 0, 0, '2016', 1, '2018-03-15 14:05:25', NULL, NULL),
	(4456, 71, 187, '2018-03-14', 6, 0, 0, '2016', 1, '2018-03-15 14:05:25', NULL, NULL),
	(4457, 535, 187, '2018-03-14', 7, 0, 0, '2016', 1, '2018-03-15 14:05:25', NULL, NULL),
	(4458, 540, 187, '2018-03-14', 8, 0, 0, '2016', 1, '2018-03-15 14:05:25', NULL, NULL),
	(4459, 0, 187, '2018-03-14', 9, 0, 0, '2016', 1, '2018-03-15 14:05:25', NULL, NULL),
	(4460, 0, 187, '2018-03-14', 10, 0, 0, '2016', 1, '2018-03-15 14:05:25', NULL, NULL),
	(4461, 0, 187, '2018-03-14', 11, 0, 0, '2016', 1, '2018-03-15 14:05:25', NULL, NULL),
	(4462, 0, 187, '2018-03-14', 12, 0, 0, '2016', 1, '2018-03-15 14:05:25', NULL, NULL),
	(4463, 0, 188, '2018-03-14', 1, 1, 1, '2016', 1, '2018-03-15 14:05:25', NULL, NULL),
	(4464, 0, 188, '2018-03-14', 2, 1, 1, '2016', 1, '2018-03-15 14:05:25', NULL, NULL),
	(4465, 0, 188, '2018-03-14', 3, 1, 1, '2016', 1, '2018-03-15 14:05:25', NULL, NULL),
	(4466, 0, 188, '2018-03-14', 4, 1, 1, '2016', 1, '2018-03-15 14:05:25', NULL, NULL),
	(4467, 0, 188, '2018-03-14', 5, 1, 1, '2016', 1, '2018-03-15 14:05:25', NULL, NULL),
	(4468, 0, 188, '2018-03-14', 6, 1, 1, '2016', 1, '2018-03-15 14:05:25', NULL, NULL),
	(4469, 0, 188, '2018-03-14', 7, 1, 1, '2016', 1, '2018-03-15 14:05:25', NULL, NULL),
	(4470, 0, 188, '2018-03-14', 8, 1, 1, '2016', 1, '2018-03-15 14:05:25', NULL, NULL),
	(4471, 0, 188, '2018-03-14', 9, 1, 1, '2016', 1, '2018-03-15 14:05:25', NULL, NULL),
	(4472, 0, 188, '2018-03-14', 10, 1, 1, '2016', 1, '2018-03-15 14:05:25', NULL, NULL),
	(4473, 0, 188, '2018-03-14', 11, 1, 1, '2016', 1, '2018-03-15 14:05:25', NULL, NULL),
	(4474, 0, 188, '2018-03-14', 12, 1, 1, '2016', 1, '2018-03-15 14:05:25', NULL, NULL),
	(4475, 1, 189, '2018-03-14', 1, 2, 0, '2017', 1, '2018-03-15 14:05:25', NULL, NULL),
	(4476, 0, 189, '2018-03-14', 2, 2, 0, '2017', 1, '2018-03-15 14:05:25', NULL, NULL),
	(4477, 3, 189, '2018-03-14', 3, 2, 0, '2017', 1, '2018-03-15 14:05:25', NULL, NULL),
	(4478, 1, 189, '2018-03-14', 4, 2, 0, '2017', 1, '2018-03-15 14:05:25', NULL, NULL),
	(4479, 3, 189, '2018-03-14', 5, 2, 0, '2017', 1, '2018-03-15 14:05:25', NULL, NULL),
	(4480, 10, 189, '2018-03-14', 6, 2, 0, '2017', 1, '2018-03-15 14:05:25', NULL, NULL),
	(4481, 12, 189, '2018-03-14', 7, 2, 0, '2017', 1, '2018-03-15 14:05:25', NULL, NULL),
	(4482, 9, 189, '2018-03-14', 8, 2, 0, '2017', 1, '2018-03-15 14:05:25', NULL, NULL),
	(4483, 0, 189, '2018-03-14', 9, 2, 0, '2017', 1, '2018-03-15 14:05:25', NULL, NULL),
	(4484, 0, 189, '2018-03-14', 10, 2, 0, '2017', 1, '2018-03-15 14:05:25', NULL, NULL),
	(4485, 3, 189, '2018-03-14', 11, 2, 0, '2017', 1, '2018-03-15 14:05:25', NULL, NULL),
	(4486, 0, 189, '2018-03-14', 12, 2, 0, '2017', 1, '2018-03-15 14:05:25', NULL, NULL),
	(4487, 100, 190, '2018-03-14', 1, 176, 0, '2017', 1, '2018-03-15 14:05:25', NULL, NULL),
	(4488, 0, 190, '2018-03-14', 2, 176, 0, '2017', 1, '2018-03-15 14:05:25', NULL, NULL),
	(4489, 103, 190, '2018-03-14', 3, 176, 0, '2017', 1, '2018-03-15 14:05:25', NULL, NULL),
	(4490, 293, 190, '2018-03-14', 4, 176, 0, '2017', 1, '2018-03-15 14:05:25', NULL, NULL),
	(4491, 355, 190, '2018-03-14', 5, 176, 0, '2017', 1, '2018-03-15 14:05:25', NULL, NULL),
	(4492, 365, 190, '2018-03-14', 6, 176, 0, '2017', 1, '2018-03-15 14:05:25', NULL, NULL),
	(4493, 332, 190, '2018-03-14', 7, 176, 0, '2017', 1, '2018-03-15 14:05:25', NULL, NULL),
	(4494, 0, 190, '2018-03-14', 8, 176, 0, '2017', 1, '2018-03-15 14:05:25', NULL, NULL),
	(4495, 0, 190, '2018-03-14', 9, 176, 0, '2017', 1, '2018-03-15 14:05:25', NULL, NULL),
	(4496, 0, 190, '2018-03-14', 10, 176, 0, '2017', 1, '2018-03-15 14:05:25', NULL, NULL),
	(4497, 180, 190, '2018-03-14', 11, 176, 0, '2017', 1, '2018-03-15 14:05:25', NULL, NULL),
	(4498, 0, 190, '2018-03-14', 12, 176, 0, '2017', 1, '2018-03-15 14:05:25', NULL, NULL),
	(4499, 0, 191, '2018-03-14', 1, 3, 0, '2017', 1, '2018-03-15 14:05:25', NULL, NULL),
	(4500, 10, 191, '2018-03-14', 2, 13, 0, '2017', 1, '2018-03-15 14:05:25', NULL, NULL),
	(4501, 31, 191, '2018-03-14', 3, 26, 0, '2017', 1, '2018-03-15 14:05:25', NULL, NULL),
	(4502, 34, 191, '2018-03-14', 4, 39, 0, '2017', 1, '2018-03-15 14:05:25', NULL, NULL),
	(4503, 53, 191, '2018-03-14', 5, 52, 0, '2017', 1, '2018-03-15 14:05:26', NULL, NULL),
	(4504, 62, 191, '2018-03-14', 6, 65, 0, '2017', 1, '2018-03-15 14:05:26', NULL, NULL),
	(4505, 37, 191, '2018-03-14', 7, 10, 0, '2017', 1, '2018-03-15 14:05:26', NULL, NULL),
	(4506, 18, 191, '2018-03-14', 8, 10, 0, '2017', 1, '2018-03-15 14:05:26', NULL, NULL),
	(4507, 36, 191, '2018-03-14', 9, 10, 0, '2017', 1, '2018-03-15 14:05:26', NULL, NULL),
	(4508, 41, 191, '2018-03-14', 10, 10, 0, '2017', 1, '2018-03-15 14:05:26', NULL, NULL),
	(4509, 12, 191, '2018-03-14', 11, 10, 0, '2017', 1, '2018-03-15 14:05:26', NULL, NULL),
	(4510, 12, 191, '2018-03-14', 12, 10, 0, '2017', 1, '2018-03-15 14:05:26', NULL, NULL),
	(4511, 0, 192, '2018-03-14', 1, 2, 0, '2018', 1, '2018-03-15 14:05:26', NULL, NULL),
	(4512, 0, 192, '2018-03-14', 2, 2, 0, '2018', 1, '2018-03-15 14:05:26', NULL, NULL),
	(4513, 0, 192, '2018-03-14', 3, 2, 0, '2018', 1, '2018-03-15 14:05:26', NULL, NULL),
	(4514, 0, 192, '2018-03-14', 4, 2, 0, '2018', 1, '2018-03-15 14:05:26', NULL, NULL),
	(4515, 0, 192, '2018-03-14', 5, 2, 0, '2018', 1, '2018-03-15 14:05:26', NULL, NULL),
	(4516, 0, 192, '2018-03-14', 6, 2, 0, '2018', 1, '2018-03-15 14:05:26', NULL, NULL),
	(4517, 0, 192, '2018-03-14', 7, 2, 0, '2018', 1, '2018-03-15 14:05:26', NULL, NULL),
	(4518, 0, 192, '2018-03-14', 8, 2, 0, '2018', 1, '2018-03-15 14:05:26', NULL, NULL),
	(4519, 0, 192, '2018-03-14', 9, 2, 0, '2018', 1, '2018-03-15 14:05:26', NULL, NULL),
	(4520, 0, 192, '2018-03-14', 10, 2, 0, '2018', 1, '2018-03-15 14:05:26', NULL, NULL),
	(4521, 0, 192, '2018-03-14', 11, 2, 0, '2018', 1, '2018-03-15 14:05:26', NULL, NULL),
	(4522, 0, 192, '2018-03-14', 12, 2, 0, '2018', 1, '2018-03-15 14:05:26', NULL, NULL),
	(4523, 0, 193, '2018-03-14', 1, 176, 0, '2018', 1, '2018-03-15 14:05:26', NULL, NULL),
	(4524, 0, 193, '2018-03-14', 2, 176, 0, '2018', 1, '2018-03-15 14:05:26', NULL, NULL),
	(4525, 0, 193, '2018-03-14', 3, 176, 0, '2018', 1, '2018-03-15 14:05:26', NULL, NULL),
	(4526, 0, 193, '2018-03-14', 4, 176, 0, '2018', 1, '2018-03-15 14:05:26', NULL, NULL),
	(4527, 0, 193, '2018-03-14', 5, 176, 0, '2018', 1, '2018-03-15 14:05:26', NULL, NULL),
	(4528, 0, 193, '2018-03-14', 6, 176, 0, '2018', 1, '2018-03-15 14:05:26', NULL, NULL),
	(4529, 0, 193, '2018-03-14', 7, 176, 0, '2018', 1, '2018-03-15 14:05:26', NULL, NULL),
	(4530, 0, 193, '2018-03-14', 8, 176, 0, '2018', 1, '2018-03-15 14:05:26', NULL, NULL),
	(4531, 0, 193, '2018-03-14', 9, 176, 0, '2018', 1, '2018-03-15 14:05:26', NULL, NULL),
	(4532, 0, 193, '2018-03-14', 10, 176, 0, '2018', 1, '2018-03-15 14:05:26', NULL, NULL),
	(4533, 0, 193, '2018-03-14', 11, 176, 0, '2018', 1, '2018-03-15 14:05:26', NULL, NULL),
	(4534, 0, 193, '2018-03-14', 12, 176, 0, '2018', 1, '2018-03-15 14:05:26', NULL, NULL),
	(4535, 0, 194, '2018-03-14', 1, 3, 0, '2018', 1, '2018-03-15 14:05:26', NULL, NULL),
	(4536, 0, 194, '2018-03-14', 2, 3, 0, '2018', 1, '2018-03-15 14:05:26', NULL, NULL),
	(4537, 0, 194, '2018-03-14', 3, 3, 0, '2018', 1, '2018-03-15 14:05:26', NULL, NULL),
	(4538, 0, 194, '2018-03-14', 4, 3, 0, '2018', 1, '2018-03-15 14:05:26', NULL, NULL),
	(4539, 0, 194, '2018-03-14', 5, 3, 0, '2018', 1, '2018-03-15 14:05:26', NULL, NULL),
	(4540, 0, 194, '2018-03-14', 6, 3, 0, '2018', 1, '2018-03-15 14:05:26', NULL, NULL),
	(4541, 0, 194, '2018-03-14', 7, 3, 0, '2018', 1, '2018-03-15 14:05:26', NULL, NULL),
	(4542, 0, 194, '2018-03-14', 8, 3, 0, '2018', 1, '2018-03-15 14:05:26', NULL, NULL),
	(4543, 0, 194, '2018-03-14', 9, 3, 0, '2018', 1, '2018-03-15 14:05:26', NULL, NULL),
	(4544, 0, 194, '2018-03-14', 10, 3, 0, '2018', 1, '2018-03-15 14:05:26', NULL, NULL),
	(4545, 0, 194, '2018-03-14', 11, 3, 0, '2018', 1, '2018-03-15 14:05:26', NULL, NULL),
	(4546, 0, 194, '2018-03-14', 12, 3, 0, '2018', 1, '2018-03-15 14:05:26', NULL, NULL),
	(4547, 100, 195, '2018-03-14', 1, 100, 0, '2015', 1, '2018-03-15 14:06:02', NULL, NULL),
	(4548, 100, 195, '2018-03-14', 2, 100, 0, '2015', 1, '2018-03-15 14:06:02', NULL, NULL),
	(4549, 100, 195, '2018-03-14', 3, 100, 0, '2015', 1, '2018-03-15 14:06:02', NULL, NULL),
	(4550, 100, 195, '2018-03-14', 4, 100, 0, '2015', 1, '2018-03-15 14:06:02', NULL, NULL),
	(4551, 99, 196, '2018-03-14', 1, 95, 0, '2015', 1, '2018-03-15 14:06:02', NULL, NULL),
	(4552, 99.7, 196, '2018-03-14', 2, 95, 0, '2015', 1, '2018-03-15 14:06:02', NULL, NULL),
	(4553, 98.4, 196, '2018-03-14', 3, 95, 0, '2015', 1, '2018-03-15 14:06:02', NULL, NULL),
	(4554, 93, 197, '2018-03-14', 1, 90, 0, '2015', 1, '2018-03-15 14:06:02', NULL, NULL),
	(4555, 99, 197, '2018-03-14', 2, 90, 0, '2015', 1, '2018-03-15 14:06:02', NULL, NULL),
	(4556, 100, 197, '2018-03-14', 3, 90, 0, '2015', 1, '2018-03-15 14:06:02', NULL, NULL),
	(4557, 100, 197, '2018-03-14', 4, 90, 0, '2015', 1, '2018-03-15 14:06:02', NULL, NULL),
	(4558, 92, 198, '2018-03-14', 1, 87, 0, '2015', 1, '2018-03-15 14:06:02', NULL, NULL),
	(4559, 93, 198, '2018-03-14', 2, 87, 0, '2015', 1, '2018-03-15 14:06:02', NULL, NULL),
	(4560, 95, 198, '2018-03-14', 3, 87, 0, '2015', 1, '2018-03-15 14:06:02', NULL, NULL),
	(4561, 97, 198, '2018-03-14', 4, 87, 0, '2015', 1, '2018-03-15 14:06:02', NULL, NULL),
	(4562, 90, 199, '2018-03-14', 1, 80, 0, '2015', 1, '2018-03-15 14:06:02', NULL, NULL),
	(4563, 83, 199, '2018-03-14', 2, 80, 0, '2015', 1, '2018-03-15 14:06:02', NULL, NULL),
	(4564, 94, 199, '2018-03-14', 3, 80, 0, '2015', 1, '2018-03-15 14:06:02', NULL, NULL),
	(4565, 0.97, 199, '2018-03-14', 4, 80, 0, '2015', 1, '2018-03-15 14:06:02', NULL, NULL),
	(4566, 9.4, 200, '2018-03-14', 1, 8, 1, '2015', 1, '2018-03-15 14:06:02', NULL, NULL),
	(4567, 8.2, 200, '2018-03-14', 2, 8, 1, '2015', 1, '2018-03-15 14:06:02', NULL, NULL),
	(4568, 8, 200, '2018-03-14', 3, 8, 1, '2015', 1, '2018-03-15 14:06:02', NULL, NULL),
	(4569, 9, 200, '2018-03-14', 4, 8, 1, '2015', 1, '2018-03-15 14:06:02', NULL, NULL),
	(4570, 100, 201, '2018-03-14', 1, 100, 0, '2016', 1, '2018-03-15 14:06:02', NULL, NULL),
	(4571, 100, 201, '2018-03-14', 2, 100, 1, '2016', 1, '2018-03-15 14:06:02', NULL, NULL),
	(4572, 99.3, 201, '2018-03-14', 3, 100, 1, '2016', 1, '2018-03-15 14:06:02', NULL, NULL),
	(4573, 99.4, 201, '2018-03-14', 4, 100, 1, '2016', 1, '2018-03-15 14:06:02', NULL, NULL),
	(4574, 98.7, 201, '2018-03-14', 5, 100, 1, '2016', 1, '2018-03-15 14:06:02', NULL, NULL),
	(4575, 100, 201, '2018-03-14', 6, 100, 1, '2016', 1, '2018-03-15 14:06:02', NULL, NULL),
	(4576, 100, 201, '2018-03-14', 7, 100, 1, '2016', 1, '2018-03-15 14:06:02', NULL, NULL),
	(4577, 100, 201, '2018-03-14', 8, 100, 1, '2016', 1, '2018-03-15 14:06:02', NULL, NULL),
	(4578, 98.4, 201, '2018-03-14', 9, 100, 1, '2016', 1, '2018-03-15 14:06:02', NULL, NULL),
	(4579, 100, 201, '2018-03-14', 10, 100, 1, '2016', 1, '2018-03-15 14:06:02', NULL, NULL),
	(4580, 100, 201, '2018-03-14', 11, 100, 0, '2016', 1, '2018-03-15 14:06:02', NULL, NULL),
	(4581, 0, 201, '2018-03-14', 12, 100, 1, '2016', 1, '2018-03-15 14:06:02', NULL, NULL),
	(4582, 96.6, 202, '2018-03-14', 1, 95, 0, '2016', 1, '2018-03-15 14:06:02', NULL, NULL),
	(4583, 91.6, 202, '2018-03-14', 2, 95, 0, '2016', 1, '2018-03-15 14:06:02', NULL, NULL),
	(4584, 99.4, 202, '2018-03-14', 3, 95, 0, '2016', 1, '2018-03-15 14:06:02', NULL, NULL),
	(4585, 90.9, 202, '2018-03-14', 4, 95, 0, '2016', 1, '2018-03-15 14:06:02', NULL, NULL),
	(4586, 87, 202, '2018-03-14', 5, 95, 0, '2016', 1, '2018-03-15 14:06:02', NULL, NULL),
	(4587, 100, 202, '2018-03-14', 6, 95, 0, '2016', 1, '2018-03-15 14:06:02', NULL, NULL),
	(4588, 100, 202, '2018-03-14', 7, 95, 0, '2016', 1, '2018-03-15 14:06:02', NULL, NULL),
	(4589, 99, 202, '2018-03-14', 8, 95, 0, '2016', 1, '2018-03-15 14:06:02', NULL, NULL),
	(4590, 99, 202, '2018-03-14', 9, 95, 0, '2016', 1, '2018-03-15 14:06:02', NULL, NULL),
	(4591, 99.8, 202, '2018-03-14', 10, 95, 0, '2016', 1, '2018-03-15 14:06:02', NULL, NULL),
	(4592, 99.6, 202, '2018-03-14', 11, 95, 0, '2016', 1, '2018-03-15 14:06:02', NULL, NULL),
	(4593, 0, 202, '2018-03-14', 12, 95, 0, '2016', 1, '2018-03-15 14:06:02', NULL, NULL),
	(4594, 100, 203, '2018-03-14', 1, 90, 0, '2016', 1, '2018-03-15 14:06:02', NULL, NULL),
	(4595, 97, 203, '2018-03-14', 2, 90, 0, '2016', 1, '2018-03-15 14:06:02', NULL, NULL),
	(4596, 91, 203, '2018-03-14', 3, 90, 0, '2016', 1, '2018-03-15 14:06:03', NULL, NULL),
	(4597, 70, 203, '2018-03-14', 4, 90, 0, '2016', 1, '2018-03-15 14:06:03', NULL, NULL),
	(4598, 100, 203, '2018-03-14', 5, 90, 0, '2016', 1, '2018-03-15 14:06:03', NULL, NULL),
	(4599, 100, 203, '2018-03-14', 6, 90, 0, '2016', 1, '2018-03-15 14:06:03', NULL, NULL),
	(4600, 84, 203, '2018-03-14', 7, 90, 0, '2016', 1, '2018-03-15 14:06:03', NULL, NULL),
	(4601, 95, 203, '2018-03-14', 8, 90, 0, '2016', 1, '2018-03-15 14:06:03', NULL, NULL),
	(4602, 77, 203, '2018-03-14', 9, 90, 0, '2016', 1, '2018-03-15 14:06:03', NULL, NULL),
	(4603, 100, 203, '2018-03-14', 10, 90, 0, '2016', 1, '2018-03-15 14:06:03', NULL, NULL),
	(4604, 0, 203, '2018-03-14', 11, 90, 0, '2016', 1, '2018-03-15 14:06:03', NULL, NULL),
	(4605, 0, 203, '2018-03-14', 12, 90, 0, '2016', 1, '2018-03-15 14:06:03', NULL, NULL),
	(4606, 86, 204, '2018-03-14', 1, 87, 0, '2016', 1, '2018-03-15 14:06:03', NULL, NULL),
	(4607, 87, 204, '2018-03-14', 2, 87, 0, '2016', 1, '2018-03-15 14:06:03', NULL, NULL),
	(4608, 86, 204, '2018-03-14', 3, 87, 0, '2016', 1, '2018-03-15 14:06:03', NULL, NULL),
	(4609, 98, 204, '2018-03-14', 4, 87, 0, '2016', 1, '2018-03-15 14:06:03', NULL, NULL),
	(4610, 88, 204, '2018-03-14', 5, 87, 0, '2016', 1, '2018-03-15 14:06:03', NULL, NULL),
	(4611, 91, 204, '2018-03-14', 6, 87, 0, '2016', 1, '2018-03-15 14:06:03', NULL, NULL),
	(4612, 93, 204, '2018-03-14', 7, 87, 0, '2016', 1, '2018-03-15 14:06:03', NULL, NULL),
	(4613, 88, 204, '2018-03-14', 8, 87, 0, '2016', 1, '2018-03-15 14:06:03', NULL, NULL),
	(4614, 93, 204, '2018-03-14', 9, 87, 0, '2016', 1, '2018-03-15 14:06:03', NULL, NULL),
	(4615, 72, 204, '2018-03-14', 10, 87, 0, '2016', 1, '2018-03-15 14:06:03', NULL, NULL),
	(4616, 99, 204, '2018-03-14', 11, 87, 0, '2016', 1, '2018-03-15 14:06:03', NULL, NULL),
	(4617, 0, 204, '2018-03-14', 12, 87, 0, '2016', 1, '2018-03-15 14:06:03', NULL, NULL),
	(4618, 86, 205, '2018-03-14', 1, 80, 0, '2016', 1, '2018-03-15 14:06:03', NULL, NULL),
	(4619, 94, 205, '2018-03-14', 2, 80, 0, '2016', 1, '2018-03-15 14:06:03', NULL, NULL),
	(4620, 100, 205, '2018-03-14', 3, 80, 0, '2016', 1, '2018-03-15 14:06:03', NULL, NULL),
	(4621, 100, 205, '2018-03-14', 4, 80, 0, '2016', 1, '2018-03-15 14:06:03', NULL, NULL),
	(4622, 100, 205, '2018-03-14', 5, 80, 0, '2016', 1, '2018-03-15 14:06:03', NULL, NULL),
	(4623, 92, 205, '2018-03-14', 6, 80, 0, '2016', 1, '2018-03-15 14:06:03', NULL, NULL),
	(4624, 100, 205, '2018-03-14', 7, 80, 0, '2016', 1, '2018-03-15 14:06:03', NULL, NULL),
	(4625, 99, 205, '2018-03-14', 8, 80, 0, '2016', 1, '2018-03-15 14:06:03', NULL, NULL),
	(4626, 100, 205, '2018-03-14', 9, 80, 0, '2016', 1, '2018-03-15 14:06:03', NULL, NULL),
	(4627, 100, 205, '2018-03-14', 10, 80, 0, '2016', 1, '2018-03-15 14:06:03', NULL, NULL),
	(4628, 95, 205, '2018-03-14', 11, 80, 0, '2016', 1, '2018-03-15 14:06:03', NULL, NULL),
	(4629, 0, 205, '2018-03-14', 12, 80, 0, '2016', 1, '2018-03-15 14:06:03', NULL, NULL),
	(4630, 6.2, 206, '2018-03-14', 1, 8, 1, '2016', 1, '2018-03-15 14:06:03', NULL, NULL),
	(4631, 7.2, 206, '2018-03-14', 2, 8, 1, '2016', 1, '2018-03-15 14:06:03', NULL, NULL),
	(4632, 7.1, 206, '2018-03-14', 3, 8, 1, '2016', 1, '2018-03-15 14:06:03', NULL, NULL),
	(4633, 9.5, 206, '2018-03-14', 4, 8, 1, '2016', 1, '2018-03-15 14:06:03', NULL, NULL),
	(4634, 11.5, 206, '2018-03-14', 5, 8, 1, '2016', 1, '2018-03-15 14:06:03', NULL, NULL),
	(4635, 12.2, 206, '2018-03-14', 6, 8, 1, '2016', 1, '2018-03-15 14:06:03', NULL, NULL),
	(4636, 13.1, 206, '2018-03-14', 7, 8, 1, '2016', 1, '2018-03-15 14:06:03', NULL, NULL),
	(4637, 12.6, 206, '2018-03-14', 8, 8, 1, '2016', 1, '2018-03-15 14:06:03', NULL, NULL),
	(4638, 9.4, 206, '2018-03-14', 9, 0, 0, '2016', 1, '2018-03-15 14:06:03', NULL, NULL),
	(4639, 10.3, 206, '2018-03-14', 10, 0, 0, '2016', 1, '2018-03-15 14:06:03', NULL, NULL),
	(4640, 0, 206, '2018-03-14', 11, 0, 0, '2016', 1, '2018-03-15 14:06:03', NULL, NULL),
	(4641, 0, 206, '2018-03-14', 12, 0, 0, '2016', 1, '2018-03-15 14:06:03', NULL, NULL),
	(4642, 100, 195, '2018-03-14', 5, 100, 0, '2015', 1, '2018-03-15 14:06:03', NULL, NULL),
	(4643, 100, 195, '2018-03-14', 6, 100, 0, '2015', 1, '2018-03-15 14:06:03', NULL, NULL),
	(4644, 100, 195, '2018-03-14', 7, 100, 0, '2015', 1, '2018-03-15 14:06:03', NULL, NULL),
	(4645, 100, 195, '2018-03-14', 8, 100, 0, '2015', 1, '2018-03-15 14:06:03', NULL, NULL),
	(4646, 100, 195, '2018-03-14', 9, 100, 0, '2015', 1, '2018-03-15 14:06:03', NULL, NULL),
	(4647, 100, 195, '2018-03-14', 10, 100, 0, '2015', 1, '2018-03-15 14:06:03', NULL, NULL),
	(4648, 100, 195, '2018-03-14', 11, 100, 0, '2015', 1, '2018-03-15 14:06:03', NULL, NULL),
	(4649, 100, 195, '2018-03-14', 12, 100, 0, '2015', 1, '2018-03-15 14:06:03', NULL, NULL),
	(4650, 99.9, 196, '2018-03-14', 4, 95, 0, '2015', 1, '2018-03-15 14:06:03', NULL, NULL),
	(4651, 100, 196, '2018-03-14', 5, 95, 0, '2015', 1, '2018-03-15 14:06:03', NULL, NULL),
	(4652, 96.6, 196, '2018-03-14', 6, 95, 0, '2015', 1, '2018-03-15 14:06:03', NULL, NULL),
	(4653, 100, 196, '2018-03-14', 7, 95, 0, '2015', 1, '2018-03-15 14:06:03', NULL, NULL),
	(4654, 100, 196, '2018-03-14', 8, 95, 0, '2015', 1, '2018-03-15 14:06:03', NULL, NULL),
	(4655, 100, 196, '2018-03-14', 9, 95, 0, '2015', 1, '2018-03-15 14:06:03', NULL, NULL),
	(4656, 100, 196, '2018-03-14', 10, 95, 0, '2015', 1, '2018-03-15 14:06:03', NULL, NULL),
	(4657, 100, 196, '2018-03-14', 11, 95, 0, '2015', 1, '2018-03-15 14:06:03', NULL, NULL),
	(4658, 100, 196, '2018-03-14', 12, 95, 0, '2015', 1, '2018-03-15 14:06:03', NULL, NULL),
	(4659, 97, 198, '2018-03-14', 5, 87, 0, '2015', 1, '2018-03-15 14:06:03', NULL, NULL),
	(4660, 100, 198, '2018-03-14', 6, 87, 0, '2015', 1, '2018-03-15 14:06:03', NULL, NULL),
	(4661, 78, 198, '2018-03-14', 7, 87, 0, '2015', 1, '2018-03-15 14:06:03', NULL, NULL),
	(4662, 89, 198, '2018-03-14', 8, 87, 0, '2015', 1, '2018-03-15 14:06:03', NULL, NULL),
	(4663, 100, 198, '2018-03-14', 9, 87, 0, '2015', 1, '2018-03-15 14:06:03', NULL, NULL),
	(4664, 98, 198, '2018-03-14', 10, 87, 0, '2015', 1, '2018-03-15 14:06:03', NULL, NULL),
	(4665, 93, 198, '2018-03-14', 11, 87, 0, '2015', 1, '2018-03-15 14:06:03', NULL, NULL),
	(4666, 100, 198, '2018-03-14', 12, 87, 0, '2015', 1, '2018-03-15 14:06:03', NULL, NULL),
	(4667, 8.2, 200, '2018-03-14', 5, 8, 1, '2015', 1, '2018-03-15 14:06:03', NULL, NULL),
	(4668, 9.8, 200, '2018-03-14', 6, 8, 1, '2015', 1, '2018-03-15 14:06:03', NULL, NULL),
	(4669, 8.1, 200, '2018-03-14', 7, 8, 1, '2015', 1, '2018-03-15 14:06:03', NULL, NULL),
	(4670, 8.4, 200, '2018-03-14', 8, 8, 1, '2015', 1, '2018-03-15 14:06:03', NULL, NULL),
	(4671, 7.2, 200, '2018-03-14', 9, 8, 1, '2015', 1, '2018-03-15 14:06:03', NULL, NULL),
	(4672, 7.4, 200, '2018-03-14', 10, 8, 1, '2015', 1, '2018-03-15 14:06:03', NULL, NULL),
	(4673, 6.8, 200, '2018-03-14', 11, 8, 1, '2015', 1, '2018-03-15 14:06:03', NULL, NULL),
	(4674, 8, 200, '2018-03-14', 12, 8, 1, '2015', 1, '2018-03-15 14:06:03', NULL, NULL),
	(4675, 100, 197, '2018-03-14', 6, 90, 0, '2015', 1, '2018-03-15 14:06:03', NULL, NULL),
	(4676, 100, 197, '2018-03-14', 5, 90, 0, '2015', 1, '2018-03-15 14:06:03', NULL, NULL),
	(4677, 100, 197, '2018-03-14', 7, 90, 0, '2015', 1, '2018-03-15 14:06:03', NULL, NULL),
	(4678, 81, 197, '2018-03-14', 8, 90, 0, '2015', 1, '2018-03-15 14:06:03', NULL, NULL),
	(4679, 96, 197, '2018-03-14', 9, 90, 0, '2015', 1, '2018-03-15 14:06:03', NULL, NULL),
	(4680, 100, 197, '2018-03-14', 10, 90, 0, '2015', 1, '2018-03-15 14:06:03', NULL, NULL),
	(4681, 100, 197, '2018-03-14', 11, 90, 0, '2015', 1, '2018-03-15 14:06:03', NULL, NULL),
	(4682, 100, 197, '2018-03-14', 12, 90, 0, '2015', 1, '2018-03-15 14:06:03', NULL, NULL),
	(4683, 100, 199, '2018-03-14', 5, 80, 0, '2015', 1, '2018-03-15 14:06:03', NULL, NULL),
	(4684, 0, 199, '2018-03-14', 6, 80, 0, '2015', 1, '2018-03-15 14:06:03', NULL, NULL),
	(4685, 97, 199, '2018-03-14', 7, 80, 0, '2015', 1, '2018-03-15 14:06:03', NULL, NULL),
	(4686, 100, 199, '2018-03-14', 8, 80, 0, '2015', 1, '2018-03-15 14:06:03', NULL, NULL),
	(4687, 97, 199, '2018-03-14', 9, 80, 0, '2015', 1, '2018-03-15 14:06:03', NULL, NULL),
	(4688, 100, 199, '2018-03-14', 10, 80, 0, '2015', 1, '2018-03-15 14:06:03', NULL, NULL),
	(4689, 97, 199, '2018-03-14', 11, 80, 0, '2015', 1, '2018-03-15 14:06:03', NULL, NULL),
	(4690, 99, 199, '2018-03-14', 12, 80, 0, '2015', 1, '2018-03-15 14:06:03', NULL, NULL),
	(4691, 100, 208, '2018-03-14', 1, 100, 0, '2017', 1, '2018-03-15 14:06:03', NULL, NULL),
	(4692, 100, 208, '2018-03-14', 2, 100, 0, '2017', 1, '2018-03-15 14:06:03', NULL, NULL),
	(4693, 100, 208, '2018-03-14', 3, 100, 0, '2017', 1, '2018-03-15 14:06:03', NULL, NULL),
	(4694, 100, 208, '2018-03-14', 4, 100, 1, '2017', 1, '2018-03-15 14:06:03', NULL, NULL),
	(4695, 100, 208, '2018-03-14', 5, 100, 0, '2017', 1, '2018-03-15 14:06:03', NULL, NULL),
	(4696, 99.8, 208, '2018-03-14', 6, 100, 0, '2017', 1, '2018-03-15 14:06:03', NULL, NULL),
	(4697, 99, 208, '2018-03-14', 7, 100, 0, '2017', 1, '2018-03-15 14:06:03', NULL, NULL),
	(4698, 100, 208, '2018-03-14', 8, 100, 1, '2017', 1, '2018-03-15 14:06:03', NULL, NULL),
	(4699, 100, 208, '2018-03-14', 9, 100, 0, '2017', 1, '2018-03-15 14:06:03', NULL, NULL),
	(4700, 100, 208, '2018-03-14', 10, 100, 0, '2017', 1, '2018-03-15 14:06:03', NULL, NULL),
	(4701, 100, 208, '2018-03-14', 11, 100, 0, '2017', 1, '2018-03-15 14:06:03', NULL, NULL),
	(4702, 0, 208, '2018-03-14', 12, 100, 0, '2017', 1, '2018-03-15 14:06:03', NULL, NULL),
	(4703, 99, 209, '2018-03-14', 1, 95, 0, '2017', 1, '2018-03-15 14:06:03', NULL, NULL),
	(4704, 99.2, 209, '2018-03-14', 2, 95, 0, '2017', 1, '2018-03-15 14:06:03', NULL, NULL),
	(4705, 93, 209, '2018-03-14', 3, 95, 0, '2017', 1, '2018-03-15 14:06:03', NULL, NULL),
	(4706, 97.5, 209, '2018-03-14', 4, 95, 0, '2017', 1, '2018-03-15 14:06:03', NULL, NULL),
	(4707, 99.3, 209, '2018-03-14', 5, 95, 0, '2017', 1, '2018-03-15 14:06:03', NULL, NULL),
	(4708, 98.3, 209, '2018-03-14', 6, 95, 0, '2017', 1, '2018-03-15 14:06:03', NULL, NULL),
	(4709, 91.8, 209, '2018-03-14', 7, 95, 0, '2017', 1, '2018-03-15 14:06:03', NULL, NULL),
	(4710, 80, 209, '2018-03-14', 8, 95, 0, '2017', 1, '2018-03-15 14:06:03', NULL, NULL),
	(4711, 96, 209, '2018-03-14', 9, 95, 0, '2017', 1, '2018-03-15 14:06:03', NULL, NULL),
	(4712, 90.6, 209, '2018-03-14', 10, 95, 0, '2017', 1, '2018-03-15 14:06:03', NULL, NULL),
	(4713, 100, 209, '2018-03-14', 11, 95, 0, '2017', 1, '2018-03-15 14:06:03', NULL, NULL),
	(4714, 0, 209, '2018-03-14', 12, 95, 0, '2017', 1, '2018-03-15 14:06:03', NULL, NULL),
	(4715, 100, 210, '2018-03-14', 1, 90, 0, '2017', 1, '2018-03-15 14:06:03', NULL, NULL),
	(4716, 86, 210, '2018-03-14', 2, 90, 0, '2017', 1, '2018-03-15 14:06:03', NULL, NULL),
	(4717, 93, 210, '2018-03-14', 3, 90, 0, '2017', 1, '2018-03-15 14:06:03', NULL, NULL),
	(4718, 79, 210, '2018-03-14', 4, 90, 0, '2017', 1, '2018-03-15 14:06:03', NULL, NULL),
	(4719, 78, 210, '2018-03-14', 5, 90, 0, '2017', 1, '2018-03-15 14:06:03', NULL, NULL),
	(4720, 86, 210, '2018-03-14', 6, 90, 0, '2017', 1, '2018-03-15 14:06:03', NULL, NULL),
	(4721, 98, 210, '2018-03-14', 7, 90, 0, '2017', 1, '2018-03-15 14:06:03', NULL, NULL),
	(4722, 100, 210, '2018-03-14', 8, 90, 0, '2017', 1, '2018-03-15 14:06:03', NULL, NULL),
	(4723, 100, 210, '2018-03-14', 9, 90, 0, '2017', 1, '2018-03-15 14:06:03', NULL, NULL),
	(4724, 100, 210, '2018-03-14', 10, 90, 0, '2017', 1, '2018-03-15 14:06:03', NULL, NULL),
	(4725, 95, 210, '2018-03-14', 11, 90, 0, '2017', 1, '2018-03-15 14:06:03', NULL, NULL),
	(4726, 0, 210, '2018-03-14', 12, 90, 0, '2017', 1, '2018-03-15 14:06:03', NULL, NULL),
	(4727, 81, 211, '2018-03-14', 1, 87, 0, '2017', 1, '2018-03-15 14:06:03', NULL, NULL),
	(4728, 88, 211, '2018-03-14', 2, 87, 0, '2017', 1, '2018-03-15 14:06:03', NULL, NULL),
	(4729, 79, 211, '2018-03-14', 3, 87, 0, '2017', 1, '2018-03-15 14:06:03', NULL, NULL),
	(4730, 93, 211, '2018-03-14', 4, 87, 0, '2017', 1, '2018-03-15 14:06:03', NULL, NULL),
	(4731, 81, 211, '2018-03-14', 5, 87, 0, '2017', 1, '2018-03-15 14:06:03', NULL, NULL),
	(4732, 81, 211, '2018-03-14', 6, 87, 0, '2017', 1, '2018-03-15 14:06:03', NULL, NULL),
	(4733, 97, 211, '2018-03-14', 7, 87, 0, '2017', 1, '2018-03-15 14:06:03', NULL, NULL),
	(4734, 91, 211, '2018-03-14', 8, 87, 0, '2017', 1, '2018-03-15 14:06:03', NULL, NULL),
	(4735, 70, 211, '2018-03-14', 9, 87, 0, '2017', 1, '2018-03-15 14:06:03', NULL, NULL),
	(4736, 91, 211, '2018-03-14', 10, 87, 0, '2017', 1, '2018-03-15 14:06:03', NULL, NULL),
	(4737, 86, 211, '2018-03-14', 11, 87, 0, '2017', 1, '2018-03-15 14:06:03', NULL, NULL),
	(4738, 0, 211, '2018-03-14', 12, 87, 0, '2017', 1, '2018-03-15 14:06:03', NULL, NULL),
	(4739, 92, 212, '2018-03-14', 1, 80, 0, '2017', 1, '2018-03-15 14:06:03', NULL, NULL),
	(4740, 100, 212, '2018-03-14', 2, 80, 0, '2017', 1, '2018-03-15 14:06:03', NULL, NULL),
	(4741, 98, 212, '2018-03-14', 3, 80, 0, '2017', 1, '2018-03-15 14:06:03', NULL, NULL),
	(4742, 97, 212, '2018-03-14', 4, 80, 0, '2017', 1, '2018-03-15 14:06:03', NULL, NULL),
	(4743, 100, 212, '2018-03-14', 5, 80, 0, '2017', 1, '2018-03-15 14:06:03', NULL, NULL),
	(4744, 100, 212, '2018-03-14', 6, 80, 0, '2017', 1, '2018-03-15 14:06:03', NULL, NULL),
	(4745, 91, 212, '2018-03-14', 7, 80, 0, '2017', 1, '2018-03-15 14:06:03', NULL, NULL),
	(4746, 87, 212, '2018-03-14', 8, 80, 0, '2017', 1, '2018-03-15 14:06:03', NULL, NULL),
	(4747, 100, 212, '2018-03-14', 9, 80, 0, '2017', 1, '2018-03-15 14:06:03', NULL, NULL),
	(4748, 100, 212, '2018-03-14', 10, 80, 0, '2017', 1, '2018-03-15 14:06:03', NULL, NULL),
	(4749, 82, 212, '2018-03-14', 11, 80, 0, '2017', 1, '2018-03-15 14:06:03', NULL, NULL),
	(4750, 0, 212, '2018-03-14', 12, 80, 0, '2017', 1, '2018-03-15 14:06:03', NULL, NULL),
	(4751, 14.8, 213, '2018-03-14', 1, 9, 1, '2017', 1, '2018-03-15 14:06:03', NULL, NULL),
	(4752, 16.6, 213, '2018-03-14', 2, 9, 1, '2017', 1, '2018-03-15 14:06:04', NULL, NULL),
	(4753, 17.17, 213, '2018-03-14', 3, 9, 1, '2017', 1, '2018-03-15 14:06:04', NULL, NULL),
	(4754, 15.6, 213, '2018-03-14', 4, 9, 1, '2017', 1, '2018-03-15 14:06:04', NULL, NULL),
	(4755, 14.59, 213, '2018-03-14', 5, 9, 1, '2017', 1, '2018-03-15 14:06:04', NULL, NULL),
	(4756, 14.8, 213, '2018-03-14', 6, 9, 1, '2017', 1, '2018-03-15 14:06:04', NULL, NULL),
	(4757, 16.6, 213, '2018-03-14', 7, 9, 1, '2017', 1, '2018-03-15 14:06:04', NULL, NULL),
	(4758, 14.7, 213, '2018-03-14', 8, 9, 1, '2017', 1, '2018-03-15 14:06:04', NULL, NULL),
	(4759, 13.4, 213, '2018-03-14', 9, 9, 1, '2017', 1, '2018-03-15 14:06:04', NULL, NULL),
	(4760, 11.12, 213, '2018-03-14', 10, 9, 1, '2017', 1, '2018-03-15 14:06:04', NULL, NULL),
	(4761, 11, 213, '2018-03-14', 11, 9, 1, '2017', 1, '2018-03-15 14:06:04', NULL, NULL),
	(4762, 0, 213, '2018-03-14', 12, 9, 1, '2017', 1, '2018-03-15 14:06:04', NULL, NULL),
	(4763, 0, 214, '2018-03-14', 1, 85, 0, '2017', 1, '2018-03-15 14:06:04', NULL, NULL),
	(4764, 0, 214, '2018-03-14', 2, 85, 0, '2017', 1, '2018-03-15 14:06:04', NULL, NULL),
	(4765, 0, 214, '2018-03-14', 3, 85, 0, '2017', 1, '2018-03-15 14:06:04', NULL, NULL),
	(4766, 0, 214, '2018-03-14', 4, 85, 0, '2017', 1, '2018-03-15 14:06:04', NULL, NULL),
	(4767, 0, 214, '2018-03-14', 5, 85, 0, '2017', 1, '2018-03-15 14:06:04', NULL, NULL),
	(4768, 0, 214, '2018-03-14', 6, 85, 0, '2017', 1, '2018-03-15 14:06:04', NULL, NULL),
	(4769, 0, 214, '2018-03-14', 7, 85, 0, '2017', 1, '2018-03-15 14:06:04', NULL, NULL),
	(4770, 0, 214, '2018-03-14', 8, 85, 0, '2017', 1, '2018-03-15 14:06:04', NULL, NULL),
	(4771, 0, 214, '2018-03-14', 9, 85, 0, '2017', 1, '2018-03-15 14:06:04', NULL, NULL),
	(4772, 0, 214, '2018-03-14', 10, 85, 0, '2017', 1, '2018-03-15 14:06:04', NULL, NULL),
	(4773, 0, 214, '2018-03-14', 11, 85, 0, '2017', 1, '2018-03-15 14:06:04', NULL, NULL),
	(4774, 0, 214, '2018-03-14', 12, 85, 0, '2017', 1, '2018-03-15 14:06:04', NULL, NULL),
	(4775, 0, 215, '2018-03-14', 1, 75, 0, '2017', 1, '2018-03-15 14:06:04', NULL, NULL),
	(4776, 0, 215, '2018-03-14', 2, 75, 0, '2017', 1, '2018-03-15 14:06:04', NULL, NULL),
	(4777, 98, 215, '2018-03-14', 3, 75, 0, '2017', 1, '2018-03-15 14:06:04', NULL, NULL),
	(4778, 61, 215, '2018-03-14', 4, 75, 0, '2017', 1, '2018-03-15 14:06:04', NULL, NULL),
	(4779, 76, 215, '2018-03-14', 5, 75, 0, '2017', 1, '2018-03-15 14:06:04', NULL, NULL),
	(4780, 78, 215, '2018-03-14', 6, 75, 0, '2017', 1, '2018-03-15 14:06:04', NULL, NULL),
	(4781, 77, 215, '2018-03-14', 7, 75, 0, '2017', 1, '2018-03-15 14:06:04', NULL, NULL),
	(4782, 82, 215, '2018-03-14', 8, 75, 0, '2017', 1, '2018-03-15 14:06:04', NULL, NULL),
	(4783, 80, 215, '2018-03-14', 9, 75, 0, '2017', 1, '2018-03-15 14:06:04', NULL, NULL),
	(4784, 100, 215, '2018-03-14', 10, 75, 0, '2017', 1, '2018-03-15 14:06:04', NULL, NULL),
	(4785, 100, 215, '2018-03-14', 11, 75, 0, '2017', 1, '2018-03-15 14:06:04', NULL, NULL),
	(4786, 0, 215, '2018-03-14', 12, 75, 0, '2017', 1, '2018-03-15 14:06:04', NULL, NULL),
	(4787, 0, 216, '2018-03-14', 1, 1, 1, '2017', 1, '2018-03-15 14:06:04', NULL, NULL),
	(4788, 0, 216, '2018-03-14', 2, 1, 1, '2017', 1, '2018-03-15 14:06:04', NULL, NULL),
	(4789, 0.02, 216, '2018-03-14', 3, 1, 1, '2017', 1, '2018-03-15 14:06:04', NULL, NULL),
	(4790, 0, 216, '2018-03-14', 4, 1, 1, '2017', 1, '2018-03-15 14:06:04', NULL, NULL),
	(4791, 0.25, 216, '2018-03-14', 5, 1, 1, '2017', 1, '2018-03-15 14:06:04', NULL, NULL),
	(4792, 0.4, 216, '2018-03-14', 6, 1, 1, '2017', 1, '2018-03-15 14:06:04', NULL, NULL),
	(4793, 0.4, 216, '2018-03-14', 7, 1, 1, '2017', 1, '2018-03-15 14:06:04', NULL, NULL),
	(4794, 0.47, 216, '2018-03-14', 8, 1, 1, '2017', 1, '2018-03-15 14:06:04', NULL, NULL),
	(4795, 0, 216, '2018-03-14', 9, 1, 1, '2017', 1, '2018-03-15 14:06:04', NULL, NULL),
	(4796, 0, 216, '2018-03-14', 10, 1, 1, '2017', 1, '2018-03-15 14:06:04', NULL, NULL),
	(4797, 0, 216, '2018-03-14', 11, 1, 1, '2017', 1, '2018-03-15 14:06:04', NULL, NULL),
	(4798, 0, 216, '2018-03-14', 12, 1, 1, '2017', 1, '2018-03-15 14:06:04', NULL, NULL),
	(4799, 1.73, 217, '2018-03-14', 1, 3, 1, '2017', 1, '2018-03-15 14:06:04', NULL, NULL),
	(4800, 1.26, 217, '2018-03-14', 2, 3, 1, '2017', 1, '2018-03-15 14:06:04', NULL, NULL),
	(4801, 1.9, 217, '2018-03-14', 3, 3, 1, '2017', 1, '2018-03-15 14:06:04', NULL, NULL),
	(4802, 1.7, 217, '2018-03-14', 4, 3, 1, '2017', 1, '2018-03-15 14:06:04', NULL, NULL),
	(4803, 1.8, 217, '2018-03-14', 5, 3, 1, '2017', 1, '2018-03-15 14:06:04', NULL, NULL),
	(4804, 2.8, 217, '2018-03-14', 6, 3, 1, '2017', 1, '2018-03-15 14:06:04', NULL, NULL),
	(4805, 1.42, 217, '2018-03-14', 7, 3, 1, '2017', 1, '2018-03-15 14:06:04', NULL, NULL),
	(4806, 2.07, 217, '2018-03-14', 8, 3, 1, '2017', 1, '2018-03-15 14:06:04', NULL, NULL),
	(4807, 2.07, 217, '2018-03-14', 9, 3, 1, '2017', 1, '2018-03-15 14:06:04', NULL, NULL),
	(4808, 2.7, 217, '2018-03-14', 10, 3, 1, '2017', 1, '2018-03-15 14:06:04', NULL, NULL),
	(4809, 0, 217, '2018-03-14', 11, 3, 1, '2017', 1, '2018-03-15 14:06:04', NULL, NULL),
	(4810, 0, 217, '2018-03-14', 12, 3, 1, '2017', 1, '2018-03-15 14:06:04', NULL, NULL),
	(4811, 0, 207, '2018-03-14', 1, 100, 0, '2016', 1, '2018-03-15 14:06:04', NULL, NULL),
	(4812, 0, 207, '2018-03-14', 2, 100, 0, '2016', 1, '2018-03-15 14:06:04', NULL, NULL),
	(4813, 0, 207, '2018-03-14', 3, 100, 0, '2016', 1, '2018-03-15 14:06:04', NULL, NULL),
	(4814, 0, 207, '2018-03-14', 4, 100, 0, '2016', 1, '2018-03-15 14:06:04', NULL, NULL),
	(4815, 0, 207, '2018-03-14', 5, 100, 0, '2016', 1, '2018-03-15 14:06:04', NULL, NULL),
	(4816, 0, 207, '2018-03-14', 6, 100, 0, '2016', 1, '2018-03-15 14:06:04', NULL, NULL),
	(4817, 0, 207, '2018-03-14', 7, 100, 0, '2016', 1, '2018-03-15 14:06:04', NULL, NULL),
	(4818, 0, 207, '2018-03-14', 8, 100, 0, '2016', 1, '2018-03-15 14:06:04', NULL, NULL),
	(4819, 0, 207, '2018-03-14', 9, 100, 0, '2016', 1, '2018-03-15 14:06:04', NULL, NULL),
	(4820, 0, 207, '2018-03-14', 10, 100, 0, '2016', 1, '2018-03-15 14:06:04', NULL, NULL),
	(4821, 0, 207, '2018-03-14', 11, 100, 0, '2016', 1, '2018-03-15 14:06:04', NULL, NULL),
	(4822, 0, 207, '2018-03-14', 12, 100, 0, '2016', 1, '2018-03-15 14:06:04', NULL, NULL),
	(4823, 100, 219, '2018-03-14', 1, 100, 0, '2018', 1, '2018-03-15 14:06:04', NULL, NULL),
	(4824, 0, 219, '2018-03-14', 2, 100, 0, '2018', 1, '2018-03-15 14:06:04', NULL, NULL),
	(4825, 0, 219, '2018-03-14', 3, 100, 0, '2018', 1, '2018-03-15 14:06:04', NULL, NULL),
	(4826, 0, 219, '2018-03-14', 4, 100, 0, '2018', 1, '2018-03-15 14:06:04', NULL, NULL),
	(4827, 0, 219, '2018-03-14', 5, 100, 0, '2018', 1, '2018-03-15 14:06:04', NULL, NULL),
	(4828, 0, 219, '2018-03-14', 6, 100, 0, '2018', 1, '2018-03-15 14:06:04', NULL, NULL),
	(4829, 0, 219, '2018-03-14', 7, 100, 0, '2018', 1, '2018-03-15 14:06:04', NULL, NULL),
	(4830, 0, 219, '2018-03-14', 8, 100, 0, '2018', 1, '2018-03-15 14:06:04', NULL, NULL),
	(4831, 0, 219, '2018-03-14', 9, 100, 0, '2018', 1, '2018-03-15 14:06:04', NULL, NULL),
	(4832, 0, 219, '2018-03-14', 10, 100, 0, '2018', 1, '2018-03-15 14:06:04', NULL, NULL),
	(4833, 0, 219, '2018-03-14', 11, 100, 0, '2018', 1, '2018-03-15 14:06:04', NULL, NULL),
	(4834, 0, 219, '2018-03-14', 12, 100, 0, '2018', 1, '2018-03-15 14:06:04', NULL, NULL),
	(4835, 100, 220, '2018-03-14', 1, 95, 0, '2018', 1, '2018-03-15 14:06:04', NULL, NULL),
	(4836, 0, 220, '2018-03-14', 2, 95, 0, '2018', 1, '2018-03-15 14:06:04', NULL, NULL),
	(4837, 0, 220, '2018-03-14', 3, 95, 0, '2018', 1, '2018-03-15 14:06:04', NULL, NULL),
	(4838, 0, 220, '2018-03-14', 4, 95, 0, '2018', 1, '2018-03-15 14:06:04', NULL, NULL),
	(4839, 0, 220, '2018-03-14', 5, 95, 0, '2018', 1, '2018-03-15 14:06:04', NULL, NULL),
	(4840, 0, 220, '2018-03-14', 6, 95, 0, '2018', 1, '2018-03-15 14:06:04', NULL, NULL),
	(4841, 0, 220, '2018-03-14', 7, 95, 0, '2018', 1, '2018-03-15 14:06:04', NULL, NULL),
	(4842, 0, 220, '2018-03-14', 8, 95, 0, '2018', 1, '2018-03-15 14:06:04', NULL, NULL),
	(4843, 0, 220, '2018-03-14', 9, 95, 0, '2018', 1, '2018-03-15 14:06:04', NULL, NULL),
	(4844, 0, 220, '2018-03-14', 10, 95, 0, '2018', 1, '2018-03-15 14:06:04', NULL, NULL),
	(4845, 0, 220, '2018-03-14', 11, 95, 0, '2018', 1, '2018-03-15 14:06:04', NULL, NULL),
	(4846, 0, 220, '2018-03-14', 12, 95, 0, '2018', 1, '2018-03-15 14:06:04', NULL, NULL),
	(4847, 74, 221, '2018-03-14', 1, 90, 0, '2018', 1, '2018-03-15 14:06:04', NULL, NULL),
	(4848, 0, 221, '2018-03-14', 2, 90, 0, '2018', 1, '2018-03-15 14:06:04', NULL, NULL),
	(4849, 0, 221, '2018-03-14', 3, 90, 0, '2018', 1, '2018-03-15 14:06:04', NULL, NULL),
	(4850, 0, 221, '2018-03-14', 4, 90, 0, '2018', 1, '2018-03-15 14:06:04', NULL, NULL),
	(4851, 0, 221, '2018-03-14', 5, 90, 0, '2018', 1, '2018-03-15 14:06:04', NULL, NULL),
	(4852, 0, 221, '2018-03-14', 6, 90, 0, '2018', 1, '2018-03-15 14:06:04', NULL, NULL),
	(4853, 0, 221, '2018-03-14', 7, 90, 0, '2018', 1, '2018-03-15 14:06:04', NULL, NULL),
	(4854, 0, 221, '2018-03-14', 8, 90, 0, '2018', 1, '2018-03-15 14:06:04', NULL, NULL),
	(4855, 0, 221, '2018-03-14', 9, 90, 0, '2018', 1, '2018-03-15 14:06:04', NULL, NULL),
	(4856, 0, 221, '2018-03-14', 10, 90, 0, '2018', 1, '2018-03-15 14:06:04', NULL, NULL),
	(4857, 0, 221, '2018-03-14', 11, 90, 0, '2018', 1, '2018-03-15 14:06:04', NULL, NULL),
	(4858, 0, 221, '2018-03-14', 12, 90, 0, '2018', 1, '2018-03-15 14:06:04', NULL, NULL),
	(4859, 92, 222, '2018-03-14', 1, 87, 0, '2018', 1, '2018-03-15 14:06:04', NULL, NULL),
	(4860, 0, 222, '2018-03-14', 2, 87, 0, '2018', 1, '2018-03-15 14:06:04', NULL, NULL),
	(4861, 0, 222, '2018-03-14', 3, 87, 0, '2018', 1, '2018-03-15 14:06:04', NULL, NULL),
	(4862, 0, 222, '2018-03-14', 4, 87, 0, '2018', 1, '2018-03-15 14:06:04', NULL, NULL),
	(4863, 0, 222, '2018-03-14', 5, 87, 0, '2018', 1, '2018-03-15 14:06:04', NULL, NULL),
	(4864, 0, 222, '2018-03-14', 6, 87, 0, '2018', 1, '2018-03-15 14:06:04', NULL, NULL),
	(4865, 0, 222, '2018-03-14', 7, 87, 0, '2018', 1, '2018-03-15 14:06:04', NULL, NULL),
	(4866, 0, 222, '2018-03-14', 8, 87, 0, '2018', 1, '2018-03-15 14:06:04', NULL, NULL),
	(4867, 0, 222, '2018-03-14', 9, 87, 0, '2018', 1, '2018-03-15 14:06:04', NULL, NULL),
	(4868, 0, 222, '2018-03-14', 10, 87, 0, '2018', 1, '2018-03-15 14:06:04', NULL, NULL),
	(4869, 0, 222, '2018-03-14', 11, 87, 0, '2018', 1, '2018-03-15 14:06:04', NULL, NULL),
	(4870, 0, 222, '2018-03-14', 12, 87, 0, '2018', 1, '2018-03-15 14:06:04', NULL, NULL),
	(4871, 88, 223, '2018-03-14', 1, 80, 0, '2018', 1, '2018-03-15 14:06:04', NULL, NULL),
	(4872, 0, 223, '2018-03-14', 2, 80, 0, '2018', 1, '2018-03-15 14:06:04', NULL, NULL),
	(4873, 0, 223, '2018-03-14', 3, 80, 0, '2018', 1, '2018-03-15 14:06:04', NULL, NULL),
	(4874, 0, 223, '2018-03-14', 4, 80, 0, '2018', 1, '2018-03-15 14:06:04', NULL, NULL),
	(4875, 0, 223, '2018-03-14', 5, 80, 0, '2018', 1, '2018-03-15 14:06:04', NULL, NULL),
	(4876, 0, 223, '2018-03-14', 6, 80, 0, '2018', 1, '2018-03-15 14:06:04', NULL, NULL),
	(4877, 0, 223, '2018-03-14', 7, 80, 0, '2018', 1, '2018-03-15 14:06:04', NULL, NULL),
	(4878, 0, 223, '2018-03-14', 8, 80, 0, '2018', 1, '2018-03-15 14:06:04', NULL, NULL),
	(4879, 0, 223, '2018-03-14', 9, 80, 0, '2018', 1, '2018-03-15 14:06:04', NULL, NULL),
	(4880, 0, 223, '2018-03-14', 10, 80, 0, '2018', 1, '2018-03-15 14:06:04', NULL, NULL),
	(4881, 0, 223, '2018-03-14', 11, 80, 0, '2018', 1, '2018-03-15 14:06:04', NULL, NULL),
	(4882, 0, 223, '2018-03-14', 12, 80, 0, '2018', 1, '2018-03-15 14:06:04', NULL, NULL),
	(4883, 11.83, 224, '2018-03-14', 1, 9, 1, '2018', 1, '2018-03-15 14:06:04', NULL, NULL),
	(4884, 0, 224, '2018-03-14', 2, 9, 1, '2018', 1, '2018-03-15 14:06:04', NULL, NULL),
	(4885, 0, 224, '2018-03-14', 3, 9, 1, '2018', 1, '2018-03-15 14:06:04', NULL, NULL),
	(4886, 0, 224, '2018-03-14', 4, 9, 1, '2018', 1, '2018-03-15 14:06:04', NULL, NULL),
	(4887, 0, 224, '2018-03-14', 5, 9, 1, '2018', 1, '2018-03-15 14:06:04', NULL, NULL),
	(4888, 0, 224, '2018-03-14', 6, 9, 1, '2018', 1, '2018-03-15 14:06:04', NULL, NULL),
	(4889, 0, 224, '2018-03-14', 7, 9, 1, '2018', 1, '2018-03-15 14:06:04', NULL, NULL),
	(4890, 0, 224, '2018-03-14', 8, 9, 1, '2018', 1, '2018-03-15 14:06:04', NULL, NULL),
	(4891, 0, 224, '2018-03-14', 9, 9, 1, '2018', 1, '2018-03-15 14:06:04', NULL, NULL),
	(4892, 0, 224, '2018-03-14', 10, 9, 1, '2018', 1, '2018-03-15 14:06:04', NULL, NULL),
	(4893, 0, 224, '2018-03-14', 11, 9, 1, '2018', 1, '2018-03-15 14:06:04', NULL, NULL),
	(4894, 0, 224, '2018-03-14', 12, 9, 1, '2018', 1, '2018-03-15 14:06:04', NULL, NULL),
	(4895, 0, 225, '2018-03-14', 1, 85, 0, '2018', 1, '2018-03-15 14:06:04', NULL, NULL),
	(4896, 0, 225, '2018-03-14', 2, 85, 0, '2018', 1, '2018-03-15 14:06:04', NULL, NULL),
	(4897, 0, 225, '2018-03-14', 3, 85, 0, '2018', 1, '2018-03-15 14:06:04', NULL, NULL),
	(4898, 0, 225, '2018-03-14', 4, 85, 0, '2018', 1, '2018-03-15 14:06:04', NULL, NULL),
	(4899, 0, 225, '2018-03-14', 5, 85, 0, '2018', 1, '2018-03-15 14:06:04', NULL, NULL),
	(4900, 0, 225, '2018-03-14', 6, 85, 0, '2018', 1, '2018-03-15 14:06:04', NULL, NULL),
	(4901, 0, 225, '2018-03-14', 7, 85, 0, '2018', 1, '2018-03-15 14:06:04', NULL, NULL),
	(4902, 0, 225, '2018-03-14', 8, 85, 0, '2018', 1, '2018-03-15 14:06:04', NULL, NULL),
	(4903, 0, 225, '2018-03-14', 9, 85, 0, '2018', 1, '2018-03-15 14:06:04', NULL, NULL),
	(4904, 0, 225, '2018-03-14', 10, 85, 0, '2018', 1, '2018-03-15 14:06:04', NULL, NULL),
	(4905, 0, 225, '2018-03-14', 11, 85, 0, '2018', 1, '2018-03-15 14:06:04', NULL, NULL),
	(4906, 0, 225, '2018-03-14', 12, 85, 0, '2018', 1, '2018-03-15 14:06:04', NULL, NULL),
	(4907, 90, 226, '2018-03-14', 1, 75, 0, '2018', 1, '2018-03-15 14:06:04', NULL, NULL),
	(4908, 0, 226, '2018-03-14', 2, 75, 0, '2018', 1, '2018-03-15 14:06:04', NULL, NULL),
	(4909, 0, 226, '2018-03-14', 3, 75, 0, '2018', 1, '2018-03-15 14:06:04', NULL, NULL),
	(4910, 0, 226, '2018-03-14', 4, 75, 0, '2018', 1, '2018-03-15 14:06:04', NULL, NULL),
	(4911, 0, 226, '2018-03-14', 5, 75, 0, '2018', 1, '2018-03-15 14:06:04', NULL, NULL),
	(4912, 0, 226, '2018-03-14', 6, 75, 0, '2018', 1, '2018-03-15 14:06:05', NULL, NULL),
	(4913, 0, 226, '2018-03-14', 7, 75, 0, '2018', 1, '2018-03-15 14:06:05', NULL, NULL),
	(4914, 0, 226, '2018-03-14', 8, 75, 0, '2018', 1, '2018-03-15 14:06:05', NULL, NULL),
	(4915, 0, 226, '2018-03-14', 9, 75, 0, '2018', 1, '2018-03-15 14:06:05', NULL, NULL),
	(4916, 0, 226, '2018-03-14', 10, 75, 0, '2018', 1, '2018-03-15 14:06:05', NULL, NULL),
	(4917, 0, 226, '2018-03-14', 11, 75, 0, '2018', 1, '2018-03-15 14:06:05', NULL, NULL),
	(4918, 0, 226, '2018-03-14', 12, 75, 0, '2018', 1, '2018-03-15 14:06:05', NULL, NULL),
	(4919, 0, 227, '2018-03-14', 1, 1, 1, '2018', 1, '2018-03-15 14:06:05', NULL, NULL),
	(4920, 0, 227, '2018-03-14', 2, 1, 1, '2018', 1, '2018-03-15 14:06:05', NULL, NULL),
	(4921, 0, 227, '2018-03-14', 3, 1, 1, '2018', 1, '2018-03-15 14:06:05', NULL, NULL),
	(4922, 0, 227, '2018-03-14', 4, 1, 1, '2018', 1, '2018-03-15 14:06:05', NULL, NULL),
	(4923, 0, 227, '2018-03-14', 5, 1, 1, '2018', 1, '2018-03-15 14:06:05', NULL, NULL),
	(4924, 0, 227, '2018-03-14', 6, 1, 1, '2018', 1, '2018-03-15 14:06:05', NULL, NULL),
	(4925, 0, 227, '2018-03-14', 7, 1, 1, '2018', 1, '2018-03-15 14:06:05', NULL, NULL),
	(4926, 0, 227, '2018-03-14', 8, 1, 1, '2018', 1, '2018-03-15 14:06:05', NULL, NULL),
	(4927, 0, 227, '2018-03-14', 9, 1, 1, '2018', 1, '2018-03-15 14:06:05', NULL, NULL),
	(4928, 0, 227, '2018-03-14', 10, 1, 1, '2018', 1, '2018-03-15 14:06:05', NULL, NULL),
	(4929, 0, 227, '2018-03-14', 11, 1, 1, '2018', 1, '2018-03-15 14:06:05', NULL, NULL),
	(4930, 0, 227, '2018-03-14', 12, 1, 1, '2018', 1, '2018-03-15 14:06:05', NULL, NULL),
	(4931, 0.99, 228, '2018-03-14', 1, 3, 1, '2018', 1, '2018-03-15 14:06:05', NULL, NULL),
	(4932, 0, 228, '2018-03-14', 2, 3, 1, '2018', 1, '2018-03-15 14:06:05', NULL, NULL),
	(4933, 0, 228, '2018-03-14', 3, 3, 1, '2018', 1, '2018-03-15 14:06:05', NULL, NULL),
	(4934, 0, 228, '2018-03-14', 4, 3, 1, '2018', 1, '2018-03-15 14:06:05', NULL, NULL),
	(4935, 0, 228, '2018-03-14', 5, 3, 1, '2018', 1, '2018-03-15 14:06:05', NULL, NULL),
	(4936, 0, 228, '2018-03-14', 6, 3, 1, '2018', 1, '2018-03-15 14:06:05', NULL, NULL),
	(4937, 0, 228, '2018-03-14', 7, 3, 1, '2018', 1, '2018-03-15 14:06:05', NULL, NULL),
	(4938, 0, 228, '2018-03-14', 8, 3, 1, '2018', 1, '2018-03-15 14:06:05', NULL, NULL),
	(4939, 0, 228, '2018-03-14', 9, 3, 1, '2018', 1, '2018-03-15 14:06:05', NULL, NULL),
	(4940, 0, 228, '2018-03-14', 10, 3, 1, '2018', 1, '2018-03-15 14:06:05', NULL, NULL),
	(4941, 0, 228, '2018-03-14', 11, 3, 1, '2018', 1, '2018-03-15 14:06:05', NULL, NULL),
	(4942, 0, 228, '2018-03-14', 12, 3, 1, '2018', 1, '2018-03-15 14:06:05', NULL, NULL);
/*!40000 ALTER TABLE `tb_dadosmes` ENABLE KEYS */;

-- Copiando estrutura para tabela indicador.tb_departaments
CREATE TABLE IF NOT EXISTS `tb_departaments` (
  `id` int(11) NOT NULL AUTO_INCREMENT,
  `departamento` varchar(100) DEFAULT NULL,
  `managerUserId` int(11) unsigned NOT NULL,
  PRIMARY KEY (`id`),
  KEY `fk_departamento_usuario` (`managerUserId`),
  CONSTRAINT `fk_departamento_usuario` FOREIGN KEY (`managerUserId`) REFERENCES `user` (`ID`)
) ENGINE=InnoDB AUTO_INCREMENT=10 DEFAULT CHARSET=latin1;

-- Copiando dados para a tabela indicador.tb_departaments: ~8 rows (aproximadamente)
/*!40000 ALTER TABLE `tb_departaments` DISABLE KEYS */;
INSERT INTO `tb_departaments` (`id`, `departamento`, `managerUserId`) VALUES
	(2, 'Human Resources', 10),
	(3, 'Health and Safety', 10),
	(4, 'Environmental ', 10),
	(5, 'Quality', 2),
	(6, 'Productivity', 9),
	(7, 'Engineering', 5),
	(8, 'ICIM & LEAN', 9),
	(9, 'Production Control and Logistics', 9);
/*!40000 ALTER TABLE `tb_departaments` ENABLE KEYS */;

-- Copiando estrutura para tabela indicador.tb_indicador
CREATE TABLE IF NOT EXISTS `tb_indicador` (
  `id` int(11) NOT NULL AUTO_INCREMENT,
  `nome` varchar(100) DEFAULT NULL,
  `descricao` varchar(50) DEFAULT NULL,
  `ano` varchar(4) DEFAULT NULL,
  `meta` double DEFAULT NULL,
  `sentido_da_meta` int(11) DEFAULT NULL,
  `ytd` double DEFAULT NULL,
  `departamentoID` int(11) DEFAULT NULL,
  `criadoPor` int(11) unsigned DEFAULT NULL,
  `dataCriacao` date DEFAULT NULL,
  `modificadoPor` int(11) unsigned DEFAULT NULL,
  `dataModificacao` date DEFAULT NULL,
  PRIMARY KEY (`id`),
  KEY `fk_indicador_departamentoID` (`departamentoID`),
  KEY `fk_indicador_departamentoID_criadoPor` (`criadoPor`),
  KEY `fk_indicador_departamentoID_modificadoPor` (`modificadoPor`),
  CONSTRAINT `fk_indicador_departamentoID` FOREIGN KEY (`departamentoID`) REFERENCES `tb_departaments` (`id`),
  CONSTRAINT `fk_indicador_departamentoID_criadoPor` FOREIGN KEY (`criadoPor`) REFERENCES `user` (`ID`),
  CONSTRAINT `fk_indicador_departamentoID_modificadoPor` FOREIGN KEY (`modificadoPor`) REFERENCES `user` (`ID`)
) ENGINE=InnoDB AUTO_INCREMENT=246 DEFAULT CHARSET=latin1;

-- Copiando dados para a tabela indicador.tb_indicador: ~230 rows (aproximadamente)
/*!40000 ALTER TABLE `tb_indicador` DISABLE KEYS */;
INSERT INTO `tb_indicador` (`id`, `nome`, `descricao`, `ano`, `meta`, `sentido_da_meta`, `ytd`, `departamentoID`, `criadoPor`, `dataCriacao`, `modificadoPor`, `dataModificacao`) VALUES
	(4, 'Horas de Treinamento', 'N° de horas de Treinamento p/Funcionário', '2015', 9, 0, 13.03, 2, 1, '2018-03-14', NULL, NULL),
	(5, 'Absenteeism', '% de ausência', '2015', 1.6, 1, 1.03, 2, 1, '2018-03-14', NULL, NULL),
	(6, 'Turnover Pedidos', 'NULL', '2015', 1.5, 1, 0.66, 2, 1, '2018-03-14', NULL, NULL),
	(7, 'Turnover Geral', 'NULL', '2015', 2.5, 1, 2.18, 2, 1, '2018-03-14', NULL, NULL),
	(8, 'Overtime', 'NULL', '2015', 5, 1, 4.27, 2, 1, '2018-03-14', NULL, NULL),
	(9, 'Horas de Treinamento', 'NULL', '2016', 9, 0, 7.91, 2, 1, '2018-03-14', NULL, NULL),
	(10, 'Absenteeism', 'NULL', '2016', 1.6, 1, 1.19, 2, 1, '2018-03-14', NULL, NULL),
	(11, 'Turnover Pedidos', 'NULL', '2016', 1.5, 1, 0, 2, 1, '2018-03-14', NULL, NULL),
	(12, 'Turnover Geral', 'NULL', '2016', 2.5, 1, 3.8, 2, 1, '2018-03-14', NULL, NULL),
	(13, 'Overtime', 'NULL', '2016', 5, 1, 4.64, 2, 1, '2018-03-14', NULL, NULL),
	(14, 'Absenteeism', 'NULL', '2017', 1, 1, 1.19, 2, 1, '2018-03-14', NULL, NULL),
	(15, 'Turnover Geral', 'NULL', '2017', 2, 1, 3.8, 2, 1, '2018-03-14', NULL, NULL),
	(16, 'Horas de Treinamento', 'NULL', '2017', 6, 0, 7.91, 2, 1, '2018-03-14', NULL, NULL),
	(17, 'Turnover Pedidos', 'NULL', '2017', 1, 1, 0, 2, 1, '2018-03-14', NULL, NULL),
	(18, 'Overtime', 'NULL', '2017', 5, 0, 4.64, 2, 1, '2018-03-14', NULL, NULL),
	(19, 'Absenteeism', 'NULL', '2018', 1, 1, 1.19, 2, 1, '2018-03-14', NULL, NULL),
	(20, 'Horas de Treinamento', 'NULL', '2018', 6, 0, 7.91, 2, 1, '2018-03-14', NULL, NULL),
	(21, 'Overtime', 'NULL', '2018', 5, 1, 4.64, 2, 1, '2018-03-14', NULL, NULL),
	(22, 'Turnover Pedidos', 'NULL', '2018', 1, 1, 0, 2, 1, '2018-03-14', NULL, NULL),
	(23, 'Spill', '0', '2015', 0, 0, 0, 5, 1, '2018-03-14', NULL, NULL),
	(24, 'WICC', '0', '2015', 0, 0, 25, 5, 1, '2018-03-14', NULL, NULL),
	(25, 'WFCC', 'N° de reclamções formais', '2015', 0, 0, 25, 5, 1, '2018-03-14', NULL, NULL),
	(26, 'Nexteer to Nexteer', '% de resposta no prazo', '2015', 0, 0, 100, 5, 1, '2018-03-14', NULL, NULL),
	(27, 'PMPS', 'Reclamações em PPM', '2015', 0, 0, 34.54, 5, 1, '2018-03-14', NULL, NULL),
	(28, 'PPM', 'Partes por Milhão', '2015', 0, 0, 35, 5, 1, '2018-03-14', NULL, NULL),
	(29, 'FTQ SEM', '0', '2015', 0, 0, 8384, 5, 1, '2018-03-14', NULL, NULL),
	(30, 'FTQ EPS', 'Partes por Milhão', '2015', 0, 0, 25604, 5, 1, '2018-03-14', NULL, NULL),
	(31, 'FTQ BOM', '0', '2015', 0, 0, 8865, 5, 1, '2018-03-14', NULL, NULL),
	(32, 'Scrap', '% sobre Vendas', '2015', 0, 0, 0.2, 5, 1, '2018-03-14', NULL, NULL),
	(33, 'Look across', '% de resposta no prazo', '2015', 0, 0, 100, 5, 1, '2018-03-14', NULL, NULL),
	(34, 'IPTV - BOMBAS', 'IPTV Bombas', '2015', 0, 0, 0.75, 5, 1, '2018-03-14', NULL, NULL),
	(35, 'IPTV - SPEPS', '0', '2015', 0, 0, 2.86, 5, 1, '2018-03-14', NULL, NULL),
	(36, 'IPTV - Semi-eixos', 'IPTV Semi-Eixos', '2015', 0, 0, 0.95, 5, 1, '2018-03-14', NULL, NULL),
	(37, 'Auditorias do SGQ', '% de Auditoria Realizadas', '2015', 0, 1, 100, 5, 1, '2018-03-14', NULL, NULL),
	(38, 'Garantia', 'IPTV', '2015', 0, 0, 600000, 5, 1, '2018-03-14', NULL, NULL),
	(39, 'WICC', '0', '2016', 1, 1, 25, 5, 1, '2018-03-14', NULL, NULL),
	(40, 'WFCC', 'N° de reclamções formais', '2016', 0.5, 1, 25, 5, 1, '2018-03-14', NULL, NULL),
	(41, 'Nexteer to Nexteer', '% de resposta no prazo', '2016', 85, 0, 100, 5, 1, '2018-03-14', NULL, NULL),
	(42, 'PMPS', 'Reclamações em PPM', '2016', 8.2, 1, 34.54, 5, 1, '2018-03-14', NULL, NULL),
	(43, 'PPM', 'Partes por Milhão', '2016', 15, 1, 35, 5, 1, '2018-03-14', NULL, NULL),
	(44, 'FTQ SEM', '0', '2016', 5950, 1, 8384, 5, 1, '2018-03-14', NULL, NULL),
	(45, 'RTY EPS', '0', '2016', 97.5, 0, 98, 5, 1, '2018-03-14', NULL, NULL),
	(46, 'FTQ BOM', '0', '2016', 5100, 1, 8865, 5, 1, '2018-03-14', NULL, NULL),
	(47, 'Scrap', '% sobre Vendas', '2016', 0.09, 1, 0.2, 5, 1, '2018-03-14', NULL, NULL),
	(48, 'Look across', '% de resposta no prazo', '2016', 90, 0, 100, 5, 1, '2018-03-14', NULL, NULL),
	(49, 'IPTV - BOMBAS', 'IPTV Bombas', '2016', 1.4, 1, 0.75, 5, 1, '2018-03-14', NULL, NULL),
	(50, 'IPTV - SPEPS', '0', '2016', 3, 1, 2.86, 5, 1, '2018-03-14', NULL, NULL),
	(51, 'IPTV - Semi-eixos', 'IPTV Semi-Eixos', '2016', 1.46, 1, 0.95, 5, 1, '2018-03-14', NULL, NULL),
	(52, 'Auditorias do SGQ', '% de Auditoria Realizadas', '2016', 98, 0, 100, 5, 1, '2018-03-14', NULL, NULL),
	(53, 'Garantia', 'IPTV', '2016', 32500, 1, 600000, 5, 1, '2018-03-14', NULL, NULL),
	(54, 'Spill', '0', '2016', 0, 1, 0, 5, 1, '2018-03-14', NULL, NULL),
	(55, 'Gate Chart', '0', '2016', 100, 0, 0, 5, 1, '2018-03-14', NULL, NULL),
	(56, 'Open Issues', '0', '2016', 0, 1, 95, 5, 1, '2018-03-14', NULL, NULL),
	(57, 'Performance RMA', '', '2016', 100, 0, 0, 5, 1, '2018-03-14', NULL, NULL),
	(58, 'Major Disruption', '0', '2017', 0, 1, 0, 5, 1, '2018-03-14', NULL, NULL),
	(59, 'PMPS', 'Reclamações em PPM', '2017', 8.7, 1, 34.54, 5, 1, '2018-03-14', NULL, NULL),
	(60, 'PPB', 'Partes por bilhão', '2017', 11261, 1, 8864, 5, 1, '2018-03-14', NULL, NULL),
	(61, 'Scrap', '% sobre Vendas', '2017', 0.08, 1, 0.2, 5, 1, '2018-03-14', NULL, NULL),
	(62, 'FTQ Semi-Eixo', 'Lts/Pçs produzidas', '2017', 5290, 1, 0.3, 5, 1, '2018-03-14', NULL, NULL),
	(63, 'FTQ BOMBAS', 'Lts/Pçs produzidas', '2017', 4400, 1, 0.3, 5, 1, '2018-03-14', NULL, NULL),
	(64, 'RTY SPEPS', 'Lts/Pçs produzidas', '2017', 98.2, 0, 0.3, 5, 1, '2018-03-14', NULL, NULL),
	(65, 'RTY CEPS', 'Lts/Pçs produzidas', '2017', 88, 0, 0.3, 5, 1, '2018-03-14', NULL, NULL),
	(66, 'Custo Não Qualidade', 'Lts/Pçs produzidas', '2017', 1, 1, 0.3, 5, 1, '2018-03-14', NULL, NULL),
	(67, 'Look Across', '% de resposta no prazo', '2017', 95, 0, 100, 5, 1, '2018-03-14', NULL, NULL),
	(68, 'Gate Chart', '0', '2017', 0, 1, 0, 5, 1, '2018-03-14', NULL, NULL),
	(69, 'Open Issues', '0', '2017', 90, 0, 95, 5, 1, '2018-03-14', NULL, NULL),
	(70, 'IPTV - Bombas', 'IPTV Bombas', '2017', 1.4, 1, 0.75, 5, 1, '2018-03-14', NULL, NULL),
	(71, 'IPTV - Semi-eixos', 'IPTV Semi-Eixos', '2017', 0.9, 1, 0.95, 5, 1, '2018-03-14', NULL, NULL),
	(72, 'IPTV - SPEPS', '0', '2017', 1.8, 1, 2.86, 5, 1, '2018-03-14', NULL, NULL),
	(73, 'IPTV - CEPS', '0', '2017', 3, 1, 0.15, 5, 1, '2018-03-14', NULL, NULL),
	(74, 'Customer Score Card - PSA', 'BID LIST - PSA', '2017', 80, 0, 94, 5, 1, '2018-03-14', NULL, NULL),
	(75, 'No.of Improvements(Capability)', '0', '2017', 1, 0, 6, 5, 1, '2018-03-14', NULL, NULL),
	(76, 'Auditoria Escalonada', '0', '2017', 90, 0, 90.8, 5, 1, '2018-03-14', NULL, NULL),
	(77, 'Auditorias do SGQ', '% de Auditoria Realizadas', '2017', 99, 0, 100, 5, 1, '2018-03-14', NULL, NULL),
	(78, 'Customer Score Card - FCA - SE', 'Bid List FCA - SE', '2017', 80, 0, 100, 5, 1, '2018-03-14', NULL, NULL),
	(79, 'Customer Score Card - FCA - CEPS', '0', '2017', 80, 0, 100, 5, 1, '2018-03-14', NULL, NULL),
	(80, 'Customer Score Card - FCA - Bombas', 'Bid List FCA - Bombas', '2017', 80, 0, 98, 5, 1, '2018-03-14', NULL, NULL),
	(81, 'Calibrações de Instrumentos', 'Lts/Pçs produzidas', '2017', 100, 0, 99.9, 5, 1, '2018-03-14', NULL, NULL),
	(82, 'Custo Garantia', '0', '2017', 65000, 1, 742926.31, 5, 1, '2018-03-14', NULL, NULL),
	(83, 'Reclamações Nexteer to Nexteer', 'Reclamações de outras plantas Nexteer', '2017', 0, 1, 0, 5, 1, '2018-03-14', NULL, NULL),
	(84, 'Major Disruption', '0', '2018', 0, 1, 0, 5, 1, '2018-03-14', NULL, NULL),
	(85, 'PMPS', 'Reclamações em PPM', '2018', 8.7, 1, 34.54, 5, 1, '2018-03-14', NULL, NULL),
	(86, 'PPB', 'Partes por bilhão', '2018', 11261, 1, 8864, 5, 1, '2018-03-14', NULL, NULL),
	(87, 'Scrap', '% sobre Vendas', '2018', 0.13, 1, 0.2, 5, 1, '2018-03-14', NULL, NULL),
	(88, 'FTQ Semi-Eixo', 'Lts/Pçs produzidas', '2018', 99, 0, 0.3, 5, 1, '2018-03-14', NULL, NULL),
	(89, 'FTQ BOMBAS', 'Lts/Pçs produzidas', '2018', 3663, 1, 0.3, 5, 1, '2018-03-14', NULL, NULL),
	(90, 'RTY SPEPS', 'Lts/Pçs produzidas', '2018', 98.63, 0, 0.3, 5, 1, '2018-03-14', NULL, NULL),
	(91, 'RTY CEPS', 'Lts/Pçs produzidas', '2018', 89.93, 0, 0.3, 5, 1, '2018-03-14', NULL, NULL),
	(92, 'Custo Não Qualidade', 'Lts/Pçs produzidas', '2018', 1, 1, 0.3, 5, 1, '2018-03-14', NULL, NULL),
	(93, 'Look Across', '% de resposta no prazo', '2018', 95, 0, 100, 5, 1, '2018-03-14', NULL, NULL),
	(94, 'Gate Chart', '0', '2018', 0, 1, 0, 5, 1, '2018-03-14', NULL, NULL),
	(95, 'Open Issues', '0', '2018', 90, 0, 95, 5, 1, '2018-03-14', NULL, NULL),
	(96, 'IPTV - Bombas', 'IPTV Bombas', '2018', 1.4, 1, 0.75, 5, 1, '2018-03-14', NULL, NULL),
	(97, 'IPTV - Semi-eixos', 'IPTV Semi-Eixos', '2018', 0.9, 1, 0.95, 5, 1, '2018-03-14', NULL, NULL),
	(98, 'IPTV - SPEPS', '0', '2018', 1.8, 1, 2.86, 5, 1, '2018-03-14', NULL, NULL),
	(99, 'IPTV - CEPS', '0', '2018', 3, 1, 0.15, 5, 1, '2018-03-14', NULL, NULL),
	(100, 'Customer Score Card - PSA', 'BID LIST - PSA', '2018', 80, 0, 94, 5, 1, '2018-03-14', NULL, NULL),
	(101, 'No.of Improvements(Capability)', '0', '2018', 1, 0, 6, 5, 1, '2018-03-14', NULL, NULL),
	(102, 'Auditoria Escalonada', '0', '2018', 90, 0, 90.8, 5, 1, '2018-03-14', NULL, NULL),
	(103, 'Auditorias do SGQ', '% de Auditoria Realizadas', '2018', 99, 0, 100, 5, 1, '2018-03-14', NULL, NULL),
	(104, 'Customer Score Card - FCA - SE', 'Bid List FCA - SE', '2018', 80, 0, 100, 5, 1, '2018-03-14', NULL, NULL),
	(105, 'Customer Score Card - FCA - CEPS', '0', '2018', 80, 0, 100, 5, 1, '2018-03-14', NULL, NULL),
	(106, 'Customer Score Card - FCA - Bombas', 'Bid List FCA - Bombas', '2018', 80, 0, 98, 5, 1, '2018-03-14', NULL, NULL),
	(107, 'Calibrações de Instrumentos', 'Lts/Pçs produzidas', '2018', 100, 0, 99.9, 5, 1, '2018-03-14', NULL, NULL),
	(108, 'Custo Garantia', '0', '2018', 65000, 1, 742926.31, 5, 1, '2018-03-14', NULL, NULL),
	(109, 'Reclamações Nexteer to Nexteer', 'Reclamações de outras plantas Nexteer', '2018', 0, 1, 0, 5, 1, '2018-03-14', NULL, NULL),
	(110, 'FTQ SEM', '0', '2018', 99, 0, 8384, 5, 1, '2018-03-14', NULL, NULL),
	(111, 'No. of days without LWDC', 'NULL', '2015', 0, 0, 0, 3, 1, '2018-03-14', NULL, NULL),
	(112, 'Serious Incident', 'NULL', '2015', 0, 0, 2, 3, 1, '2018-03-14', NULL, NULL),
	(113, 'LWDC', 'NULL', '2015', 0, 0, 2, 3, 1, '2018-03-14', NULL, NULL),
	(114, 'Recordable', 'NULL', '2015', 0, 0, 0, 3, 1, '2018-03-14', NULL, NULL),
	(115, 'Weekly Safety Walk leadership', 'NULL', '2015', 0, 0, 0, 3, 1, '2018-03-14', NULL, NULL),
	(116, 'On-going Safety Walk concern', 'NULL', '2015', 0, 0, 0, 3, 1, '2018-03-14', NULL, NULL),
	(117, 'No. of days without LWDC', 'NULL', '2016', 0, 0, 0, 3, 1, '2018-03-14', NULL, NULL),
	(118, 'Serious Incident', 'NULL', '2016', 0, 1, 2, 3, 1, '2018-03-14', NULL, NULL),
	(119, 'LWDC', 'NULL', '2016', 0, 0, 2, 3, 1, '2018-03-14', NULL, NULL),
	(120, 'Recordable', 'NULL', '2016', 0, 1, 0, 3, 1, '2018-03-14', NULL, NULL),
	(121, 'Weekly Safety Walk leadership', 'NULL', '2016', 90, 0, 0, 3, 1, '2018-03-14', NULL, NULL),
	(122, 'On-going Safety Walk concern', 'NULL', '2016', 90, 0, 0, 3, 1, '2018-03-14', NULL, NULL),
	(123, 'LWDC', 'NULL', '2017', 0, 1, 2, 3, 1, '2018-03-14', NULL, NULL),
	(124, 'Recordables', '0', '2017', 0, 1, 0, 3, 1, '2018-03-14', NULL, NULL),
	(125, 'No. of days without LWDC', 'NULL', '2017', 0, 0, 0, 3, 1, '2018-03-14', NULL, NULL),
	(126, 'Serious Incident', 'NULL', '2017', 0, 1, 2, 3, 1, '2018-03-14', NULL, NULL),
	(127, 'Weekly Safety Walk leadership', 'NULL', '2017', 90, 0, 0, 3, 1, '2018-03-14', NULL, NULL),
	(128, 'On-going Safety Walk concern', 'NULL', '2017', 90, 0, 0, 3, 1, '2018-03-14', NULL, NULL),
	(129, 'LWDC', 'NULL', '2018', 0, 1, 2, 3, 1, '2018-03-14', NULL, NULL),
	(130, 'No. of days without LWDC', 'NULL', '2018', 0, 0, 0, 3, 1, '2018-03-14', NULL, NULL),
	(131, 'On-going Safety Walk concern', 'NULL', '2018', 90, 0, 0, 3, 1, '2018-03-14', NULL, NULL),
	(132, 'Recordables', '0', '2018', 0, 1, 0, 3, 1, '2018-03-14', NULL, NULL),
	(133, 'Serious Incident', 'NULL', '2018', 0, 1, 2, 3, 1, '2018-03-14', NULL, NULL),
	(134, 'Weekly Safety Walk leadership', 'NULL', '2018', 90, 0, 0, 3, 1, '2018-03-14', NULL, NULL),
	(146, 'Mfg Cost to Sales', 'NULL', '2015', 0, 0, 0, 6, 1, '2018-03-14', NULL, NULL),
	(147, 'Prod. Halfshafts', 'NULL', '2015', 0, 0, 0, 6, 1, '2018-03-14', NULL, NULL),
	(148, 'Prod. EPS', 'NULL', '2015', 0, 0, 0, 6, 1, '2018-03-14', NULL, NULL),
	(149, 'Prod. Pumps', 'NULL', '2015', 0, 0, 0, 6, 1, '2018-03-14', NULL, NULL),
	(150, 'Plant Productivity, total', 'NULL', '2015', 0, 0, 0, 6, 1, '2018-03-14', NULL, NULL),
	(151, 'Mfg Cost to Sales', 'NULL', '2016', 7.42, 1, 0, 6, 1, '2018-03-14', NULL, NULL),
	(152, 'Prod. Halfshafts', 'NULL', '2016', 78, 0, 0, 6, 1, '2018-03-14', NULL, NULL),
	(153, 'Prod. EPS', 'NULL', '2016', 78, 0, 0, 6, 1, '2018-03-14', NULL, NULL),
	(154, 'Prod. Pumps', 'NULL', '2016', 78, 0, 0, 6, 1, '2018-03-14', NULL, NULL),
	(155, 'Plant Productivity, total', 'NULL', '2016', 78, 0, 0, 6, 1, '2018-03-14', NULL, NULL),
	(156, 'Mfg Cost to Sales', 'NULL', '2017', 7.42, 1, 0, 6, 1, '2018-03-14', NULL, NULL),
	(157, 'Prod. EPS', 'NULL', '2017', 78, 0, 0, 6, 1, '2018-03-14', NULL, NULL),
	(158, 'Prod. Halfshafts', 'NULL', '2017', 78, 0, 0, 6, 1, '2018-03-14', NULL, NULL),
	(159, 'Prod. Pumps', 'NULL', '2017', 78, 0, 0, 6, 1, '2018-03-14', NULL, NULL),
	(160, 'Prod. CEPS', '0', '2017', 78, 0, 0, 6, 1, '2018-03-14', NULL, NULL),
	(161, 'Plant Productivity, total', 'NULL', '2017', 78, 0, 0, 6, 1, '2018-03-14', NULL, NULL),
	(162, 'MTTR', '0', '2017', 65, 1, 0, 6, 1, '2018-03-14', NULL, NULL),
	(163, 'MTBF', '0', '2017', 6100, 0, 0, 6, 1, '2018-03-14', NULL, NULL),
	(164, '% Preventivas Realizadas', '%', '2017', 99, 0, 98, 6, 1, '2018-03-14', NULL, NULL),
	(165, 'Mfg Total cost', '0', '2017', 9, 1, 0, 6, 1, '2018-03-14', NULL, NULL),
	(166, 'Mfg Cost to Sales', 'NULL', '2018', 7.42, 1, 0, 6, 1, '2018-03-14', NULL, NULL),
	(167, 'Prod. EPS', 'NULL', '2018', 78, 0, 0, 6, 1, '2018-03-14', NULL, NULL),
	(168, 'Prod. Halfshafts', 'NULL', '2018', 78, 0, 0, 6, 1, '2018-03-14', NULL, NULL),
	(169, 'Prod. Pumps', 'NULL', '2018', 78, 0, 0, 6, 1, '2018-03-14', NULL, NULL),
	(170, 'Prod. CEPS', '0', '2018', 78, 0, 0, 6, 1, '2018-03-14', NULL, NULL),
	(171, 'Plant Productivity, total', 'NULL', '2018', 78, 0, 0, 6, 1, '2018-03-14', NULL, NULL),
	(172, 'MTTR', '0', '2018', 65, 1, 0, 6, 1, '2018-03-14', NULL, NULL),
	(173, 'MTBF', '0', '2018', 6100, 0, 0, 6, 1, '2018-03-14', NULL, NULL),
	(174, '% Preventivas Realizadas', '%', '2018', 99, 0, 98, 6, 1, '2018-03-14', NULL, NULL),
	(175, 'Mfg Total cost', '0', '2018', 9, 1, 0, 6, 1, '2018-03-14', NULL, NULL),
	(176, 'Cost Improvement Process', '0', '2015', 0, 0, 433521, 7, 1, '2018-03-14', NULL, NULL),
	(177, 'Cost Improvement Process', '0', '2016', 52750, 0, 433521, 7, 1, '2018-03-14', NULL, NULL),
	(178, 'Perfect Launch', 'N° de Reclamações Formais', '2017', 0, 1, 0, 7, 1, '2018-03-14', NULL, NULL),
	(179, 'Falhas Relacionadas ao Processo de Mudança', 'Nº de Falhas', '2017', 0, 1, 0, 7, 1, '2018-03-14', NULL, NULL),
	(180, 'Controle de Prazos de PCNs', 'Efetividade PCNs [%]', '2017', 0, 0, 0, 7, 1, '2018-03-14', NULL, NULL),
	(181, 'Perfect Launch', 'N° de Reclamações Formais', '2018', 0, 1, 0, 7, 1, '2018-03-14', NULL, NULL),
	(182, 'Falhas Relacionadas ao Processo de Mudança', 'Nº de Falhas', '2018', 0, 1, 0, 7, 1, '2018-03-14', NULL, NULL),
	(183, 'Controle de Prazos de PCNs', 'Efetividade PCNs [%]', '2018', 0, 0, 0, 7, 1, '2018-03-14', NULL, NULL),
	(184, 'No. of Improvements', 'NULL', '2015', 0, 0, 8, 8, 1, '2018-03-14', NULL, NULL),
	(185, 'Savings(accumulated)', 'NULL', '2015', 0, 0, 8, 8, 1, '2018-03-14', NULL, NULL),
	(186, 'No. of Improvements', 'NULL', '2016', 0, 0, 8, 8, 1, '2018-03-14', NULL, NULL),
	(187, 'Savings(accumulated)', 'NULL', '2016', 0, 0, 8, 8, 1, '2018-03-14', NULL, NULL),
	(188, 'No. of Improvements (Caracter Product and Process)', '0', '2016', 1, 1, 0, 8, 1, '2018-03-14', NULL, NULL),
	(189, 'No. of Improvements', 'NULL', '2017', 2, 0, 8, 8, 1, '2018-03-14', NULL, NULL),
	(190, 'Savings(accumulated)', 'NULL', '2017', 176, 0, 8, 8, 1, '2018-03-14', NULL, NULL),
	(191, 'T.P. atualizados no mês', '0', '2017', 3, 0, 0, 8, 1, '2018-03-14', NULL, NULL),
	(192, 'No. of Improvements', 'NULL', '2018', 2, 0, 8, 8, 1, '2018-03-14', NULL, NULL),
	(193, 'Savings(accumulated)', 'NULL', '2018', 176, 0, 8, 8, 1, '2018-03-14', NULL, NULL),
	(194, 'T.P. atualizados no mês', '0', '2018', 3, 0, 0, 8, 1, '2018-03-14', NULL, NULL),
	(195, 'OEM Delivery Performance', '% de entrega na Montadora', '2015', 100, 0, 99.8, 9, 1, '2018-03-14', NULL, NULL),
	(196, 'OES Ship Window', '% de entrega na Parts Services', '2015', 95, 0, 97.6, 9, 1, '2018-03-14', NULL, NULL),
	(197, 'Schedule Attainment EPS', '% de de atendimento da produção', '2015', 90, 0, 98, 9, 1, '2018-03-14', NULL, NULL),
	(198, 'Schedule Attainment Bom', '% de de atendimento da produção', '2015', 87, 0, 86, 9, 1, '2018-03-14', NULL, NULL),
	(199, 'Schedule Attainment Semi', '% de de atendimento da produção', '2015', 80, 0, 80, 9, 1, '2018-03-14', NULL, NULL),
	(200, 'Inventário $', 'Valorização do Estoque', '2015', 8, 1, 12.5, 9, 1, '2018-03-14', NULL, NULL),
	(201, 'OEM Delivery Performance', '% de entrega na Montadora', '2016', 100, 0, 99.8, 9, 1, '2018-03-14', NULL, NULL),
	(202, 'OES Ship Window', '% de entrega na Parts Services', '2016', 95, 0, 97.6, 9, 1, '2018-03-14', NULL, NULL),
	(203, 'Schedule Attainment EPS', '% de de atendimento da produção', '2016', 90, 0, 98, 9, 1, '2018-03-14', NULL, NULL),
	(204, 'Schedule Attainment Bom', '% de de atendimento da produção', '2016', 87, 0, 86, 9, 1, '2018-03-14', NULL, NULL),
	(205, 'Schedule Attainment Semi', '% de de atendimento da produção', '2016', 80, 0, 80, 9, 1, '2018-03-14', NULL, NULL),
	(206, 'Inventário $', 'Valorização do Estoque', '2016', 8, 1, 12.5, 9, 1, '2018-03-14', NULL, NULL),
	(207, 'Pontualidade Entrega Fornecedores', '', '2016', 100, 0, 0, 9, 1, '2018-03-14', NULL, NULL),
	(208, 'OEM Delivery Performance', '% de entrega na Montadora', '2017', 100, 0, 99.8, 9, 1, '2018-03-14', NULL, NULL),
	(209, 'OES Ship Window', '% de entrega na Parts Services', '2017', 95, 0, 97.6, 9, 1, '2018-03-14', NULL, NULL),
	(210, 'Schedule Attainment EPS', '% de de atendimento da produção', '2017', 90, 0, 98, 9, 1, '2018-03-14', NULL, NULL),
	(211, 'Schedule Attainment Bom', '% de de atendimento da produção', '2017', 87, 0, 86, 9, 1, '2018-03-14', NULL, NULL),
	(212, 'Schedule Attainment Semi', '% de de atendimento da produção', '2017', 80, 0, 80, 9, 1, '2018-03-14', NULL, NULL),
	(213, 'Inventário $', 'Valorização do Estoque', '2017', 9, 1, 12.5, 9, 1, '2018-03-14', NULL, NULL),
	(214, 'Schedule Attainment', '', '2017', 85, 0, 0, 9, 1, '2018-03-14', NULL, NULL),
	(215, 'Schedule Attainment CEPS', '%', '2017', 75, 0, 80, 9, 1, '2018-03-14', NULL, NULL),
	(216, 'Frete expresso', '% sobre vendas', '2017', 1, 1, 1.17, 9, 1, '2018-03-14', NULL, NULL),
	(217, 'Fretes Normal', '% sobre vendas', '2017', 3, 1, 1.91, 9, 1, '2018-03-14', NULL, NULL),
	(218, 'Índice de performance de Entrega', '0', '2017', 95, 0, 88.7, 9, 1, '2018-03-14', NULL, NULL),
	(219, 'OEM Delivery Performance', '% de entrega na Montadora', '2018', 100, 0, 99.8, 9, 1, '2018-03-14', NULL, NULL),
	(220, 'OES Ship Window', '% de entrega na Parts Services', '2018', 95, 0, 97.6, 9, 1, '2018-03-14', NULL, NULL),
	(221, 'Schedule Attainment EPS', '% de de atendimento da produção', '2018', 90, 0, 98, 9, 1, '2018-03-14', NULL, NULL),
	(222, 'Schedule Attainment Bom', '% de de atendimento da produção', '2018', 87, 0, 86, 9, 1, '2018-03-14', NULL, NULL),
	(223, 'Schedule Attainment Semi', '% de de atendimento da produção', '2018', 80, 0, 80, 9, 1, '2018-03-14', NULL, NULL),
	(224, 'Inventário $', 'Valorização do Estoque', '2018', 9, 1, 12.5, 9, 1, '2018-03-14', NULL, NULL),
	(225, 'Schedule Attainment', '', '2018', 85, 0, 0, 9, 1, '2018-03-14', NULL, NULL),
	(226, 'Schedule Attainment CEPS', '%', '2018', 75, 0, 80, 9, 1, '2018-03-14', NULL, NULL),
	(227, 'Frete expresso', '% sobre vendas', '2018', 1, 1, 1.17, 9, 1, '2018-03-14', NULL, NULL),
	(228, 'Fretes Normal', '% sobre vendas', '2018', 3, 1, 1.91, 9, 1, '2018-03-14', NULL, NULL),
	(229, 'Índice de performance de Entrega', '0', '2018', 95, 0, 88.7, 9, 1, '2018-03-14', NULL, NULL),
	(231, 'Consumo de Água', 'Consumo de Água', '2015', 0, 0, 12.5, 4, 1, '2018-03-15', NULL, NULL),
	(232, 'Consumo de Energia', 'Consumo de Energia', '2015', 0, 0, 18.99, 4, 1, '2018-03-15', NULL, NULL),
	(233, 'Volume Efluente Tratado', 'Volume Efluente Tratado', '2015', 0, 0, 0.64, 4, 1, '2018-03-15', NULL, NULL),
	(234, 'Consumo de Água', 'Consumo de Água', '2016', 10.2, 1, 7.2, 4, 1, '2018-03-15', NULL, NULL),
	(235, 'Consumo de Energia', 'Consumo de Energia', '2016', 5.91, 1, 5.6, 4, 1, '2018-03-15', NULL, NULL),
	(236, 'Volume Efluente Tratado', 'Volume Efluente Tratado', '2016', 0.33, 1, 0.3, 4, 1, '2018-03-15', NULL, NULL),
	(237, 'Geração Resíduos Sólidos', 'Geração Resíduos Sólidos', '2016', 0.56, 1, 0.15, 4, 1, '2018-03-15', NULL, NULL),
	(238, 'Consumo de Água', 'Consumo de Água', '2017', 9.5, 1, 6.71, 4, 1, '2018-03-15', NULL, NULL),
	(239, 'Consumo de Energia', 'Consumo de Energia', '2017', 5.91, 1, 5.97, 4, 1, '2018-03-15', NULL, NULL),
	(240, 'Volume Efluente Tratado', 'Volume Efluente Tratado', '2017', 0.33, 1, 0.31, 4, 1, '2018-03-15', NULL, NULL),
	(241, 'Geração Resíduos Sólidos', 'Geração Resíduos Sólidos', '2017', 0.56, 1, 0.19, 4, 1, '2018-03-15', NULL, NULL),
	(242, 'Consumo de Água', 'Consumo de Água', '2018', 9.3, 1, 7.58, 4, 1, '2018-03-15', NULL, NULL),
	(243, 'Consumo de Energia', 'Consumo de Energia', '2018', 5.91, 1, 7.74, 4, 1, '2018-03-15', NULL, NULL),
	(244, 'Geração Resíduos Sólidos', 'Geração Resíduos Sólidos', '2018', 0.45, 1, 0.52, 4, 1, '2018-03-15', NULL, NULL),
	(245, 'Volume Efluente Tratado', 'Volume Efluente Tratado', '2018', 0.33, 1, 0.53, 4, 1, '2018-03-15', NULL, NULL);
/*!40000 ALTER TABLE `tb_indicador` ENABLE KEYS */;

-- Copiando estrutura para tabela indicador.tb_plano_acao
CREATE TABLE IF NOT EXISTS `tb_plano_acao` (
  `idPlano` int(11) NOT NULL AUTO_INCREMENT,
  `indicador` int(11) NOT NULL,
  `ano` varchar(4) DEFAULT NULL,
  `mes` int(11) DEFAULT NULL,
  `item` varchar(50) DEFAULT NULL,
  `descricao_problema` varchar(250) DEFAULT NULL,
  `plano_acao` varchar(250) DEFAULT NULL,
  `responsavel` varchar(50) DEFAULT NULL,
  `abertura` timestamp NULL DEFAULT NULL,
  `prazo` date DEFAULT NULL,
  `status` varchar(10) NOT NULL,
  PRIMARY KEY (`idPlano`),
  KEY `fk_tb_plano_acao_indicador_indicadorID` (`indicador`),
  CONSTRAINT `fk_tb_plano_acao_indicador_indicadorID` FOREIGN KEY (`indicador`) REFERENCES `tb_indicador` (`id`)
) ENGINE=InnoDB AUTO_INCREMENT=272 DEFAULT CHARSET=latin1;

-- Copiando dados para a tabela indicador.tb_plano_acao: ~271 rows (aproximadamente)
/*!40000 ALTER TABLE `tb_plano_acao` DISABLE KEYS */;
INSERT INTO `tb_plano_acao` (`idPlano`, `indicador`, `ano`, `mes`, `item`, `descricao_problema`, `plano_acao`, `responsavel`, `abertura`, `prazo`, `status`) VALUES
	(1, 42, '2016', 3, 'BOM Renault', 'Válvula Travada', 'Conforme RACP 003-16', 'Fabiano Bottino', '2016-04-05 00:00:00', '2016-05-19', 'Fechado'),
	(2, 43, '2016', 3, 'BOM Renault', 'Válvula Travada', 'Conforme RACP 003-16', 'Fabiano Bottino', '2016-05-03 00:00:00', '2016-04-19', 'Fechado'),
	(3, 29, '2015', 4, 'MO056', 'Junta roda fora de posição SD07', '6 sigma', 'Françoa/Adolfo', '2015-01-04 00:00:00', '2015-12-31', 'Aberta'),
	(4, 29, '2015', 4, 'MO004', 'Junta roda trancada SD01', '6 sigma', 'Françoa/Adolfo', '2015-01-04 00:00:00', '2015-12-31', 'Aberta'),
	(5, 46, '2016', 1, 'FTQ BOM', 'FTQ BOM', 'Conforme Plano de Ação FTQ', 'Fabiano Bottino', '2016-05-04 00:00:00', '2016-12-15', 'Aberto'),
	(6, 30, '2015', 11, '840', 'Peças com revisões diferentes 12 para 16', 'Alteração do softwear', 'Marcio Santana', '2015-11-20 00:00:00', '2015-12-10', 'Aberta'),
	(7, 30, '2015', 11, '506', 'Variação na pressão do ar', 'Calibragem', 'Marcio Santana', '2015-11-01 00:00:00', '2015-12-10', 'Aberta'),
	(8, 30, '2015', 11, '506', 'Padrões diferentes de medições', 'Correlação entre os  padrões', 'Marcio Santana', '2015-11-20 00:00:00', '2015-12-10', 'Aberta'),
	(9, 31, '2015', 11, 'MB05', 'Rosca do eixo com contaminação', 'Limpeza da rosca', 'Thiago', '2015-11-17 00:00:00', '2015-11-30', 'Fechado'),
	(10, 31, '2015', 11, 'MB33', 'Rebarba dentro do cj.(PRE103)', 'Retrabalho no cj.', 'Leandro', '2015-11-15 00:00:00', '2015-12-03', 'Fechado'),
	(11, 31, '2015', 11, 'MB33', 'Rebarba dentro do cj.(PRE103)', 'Incluir na mautenção preventiva', 'Leandro', '2015-11-15 00:00:00', '2015-12-18', 'Aberto'),
	(12, 53, '2016', 4, 'Garantia PSA', 'Valores de garantia sendo cobrados por problemas de Tychy', 'Cobrar os valores diretamente de Tychy', 'Giovanni Souza', '2016-05-04 00:00:00', '2016-12-15', 'Aberto'),
	(13, 152, '2016', 3, 'Mont SE ', 'Baixa demanda do cliente', 'Ajuste de demanda x n°de operadores ( eliminar operador não ciclico)', 'Luciano/Arthur', '2016-05-06 00:00:00', '2016-05-06', 'Fechado'),
	(14, 152, '2016', 3, 'Usinagem PEC', 'Baixa demanda do cliente', 'Furar peças na celula 2', 'Paulo Avila/manufatura', '2016-05-06 00:00:00', '2016-09-30', 'Aberto'),
	(15, 152, '2016', 1, 'Gaiolas/PI', 'Baixa demanda cliente', 'Layout na linha de gaiolas.', 'Mortagua/eng.ind', '2016-05-06 00:00:00', '2016-05-06', 'Fechado'),
	(16, 204, '2016', 3, '26137359', 'Férias sem aviso prévio da Fiat, com isso a produção foi menor do que a definida no início do mês.', 'Redefinir a meta de produção para os próximos meses, conforme necessidade do cliente.', 'Luis F.', '2016-05-06 00:00:00', '2016-06-05', 'Fechado'),
	(17, 151, '2016', 3, 'Fabrica', 'Melhoria', 'Plano de ação murais líderes', 'Michel', '2016-05-06 00:00:00', '2015-12-31', 'Aberto'),
	(18, 151, '2016', 3, 'Gaiolas', 'Consumo de propano', 'Plano de parada do forno para aproveitamento de propano ', 'Mortagua/Michel', '2016-05-06 00:00:00', '2016-12-31', 'Aberto'),
	(19, 153, '2016', 3, 'EPS', 'Falta de componente ( short gear ).', 'Restabelecer o estoque e entregas.', 'PC&L', '2016-05-06 00:00:00', '2016-05-06', 'Fechado'),
	(20, 151, '2016', 3, 'Fabrica', 'Consumo de óleo ', 'Redução e controle do consumo de óleo da fabrica ( vazamentos)', 'Jean Correa/Leonardo ', '2016-05-06 00:00:00', '2016-12-31', 'Aberto'),
	(21, 201, '2016', 3, '38025916', 'Falta de short gear, comprometendo o embarque para a Benteler', 'Frete aéreo de mais peças, reposição do estoque', 'Silvane P.', '2016-05-06 00:00:00', '2016-05-30', 'Aberto'),
	(22, 201, '2016', 4, 'Short Gear', 'Falta de Short gear. Aumento da Benteler e embarques não efetuados pela Nexteer Polônia.', 'Não aceitar aumentos da Benteler. Fazer embarques extras de short gear', 'Silvane', '2016-05-09 00:00:00', '2016-05-30', 'Aberto'),
	(23, 203, '2016', 4, 'Short Gear', 'Falta de short Gear - Greve na receita federal ', 'Criar estoque de segurança do componente', 'Silvane', '2016-05-09 00:00:00', '2016-05-09', 'Aberto'),
	(24, 119, '2016', 4, '1', 'Painel Aberto, fácil acesso a área de risco.', 'Colocar cadeados de proteção em todos painéis elétricos com abertura simples.', 'Leandro', '2016-05-09 00:00:00', '2016-05-09', 'Fechado'),
	(25, 119, '2016', 4, '2', 'Acesso a zonas de esmagamento de membros superiores na máquina TCN10 e TCN-11', 'Colocar barreira optica nas portas das máquinas..', 'Wagner', '2016-05-09 00:00:00', '2016-12-09', 'Aberto'),
	(26, 119, '2016', 4, '3', 'Treinamento de Segurança e Conscientização', 'Elaborar treinamento de LOTO com todos os líderes.', 'Wagner', '2016-05-09 00:00:00', '2016-05-09', 'Fechado'),
	(27, 119, '2016', 5, '4', 'Acesso a área de esmagamento de membros superiores na máquina. Falha auditada na auditoria do CCE Global.', 'Instalar uma proteção física de chapa de aço ou acrílico na área de acesso a parte interna da máquina SD-5', 'Nei', '2016-05-09 00:00:00', '2016-05-09', 'Fechado'),
	(28, 235, '2016', 4, '1', 'Elaboração de projeto para o uso de placas solares para o abastecimento de energia das lâmpadas externas da fábrica.', 'Colocar painéis solares nos postes das luzes da rua para reaproveitar a luz solar.', 'Jean', '2016-05-09 00:00:00', '2017-01-30', 'Aberto'),
	(29, 235, '2016', 4, '2', 'Não se sabe quais máquinas ficam ligadas e o porquê da necessidade de ficarem ligadas após a jornada de trabalho.', 'Mapear todas as máquinas que possam ser desligadas após o término do expediente.', 'Wagner', '2016-05-09 00:00:00', '2017-01-30', 'Aberto'),
	(30, 234, '2016', 4, '1', 'Vazamento de vasos sanitários', 'Mapeamento dos vasos sanitários de hydra x os vasos de caixa descarga acoplada.', 'Wagner', '2016-05-09 00:00:00', '2016-06-20', 'Fechado'),
	(31, 234, '2016', 4, '3', 'Reaproveitamento da água da chuva nas torres de resfriamento.', 'Captar a água da chuva e reutilizar nas torres de resfriamento.', 'Jean', '2016-05-09 00:00:00', '2016-12-10', 'Aberto'),
	(32, 237, '2016', 3, '1', 'Fornecedor informa os pesos de forma errada e não realiza a prensagem prévia.', 'Realizar a troca do fornecedor', 'Márcio G.', '2016-05-10 00:00:00', '2017-04-15', 'Aberto'),
	(33, 237, '2016', 3, '2', 'Falta de conscientização ambiental dos funcionários', 'Elaborar um cronograma de treinamento de Meio Ambiente sobre  coleta seletiva e a separação dos resíduos, reuso, reutilização, etc.', 'Daniela H.', '2016-05-10 00:00:00', '2016-05-10', 'Fechado'),
	(34, 237, '2016', 4, '3', 'Coletores de borra de retífica não estão padronizados.', 'Pintar os coletores e identificar de forma padrão.', 'Márcio G.', '2016-05-10 00:00:00', '2016-06-25', 'Fechado'),
	(35, 237, '2016', 4, '4', 'Mistura dos resíduos durante a Coleta dos resíduos pela terceirizada no interior da fábrica e nos escritórios', 'Realizar treinamento de educação ambiental específico para a  empresa terceirizada AST.', 'Márcio G.', '2016-05-10 00:00:00', '2016-05-30', 'Fechado'),
	(36, 237, '2016', 4, '5', 'Plano de Gerenciamento de resíduos desatualizado.', 'Atualizar o plano de gerenciamento dos resíduos sólidos - PGRS-2016', 'Wagner', '2016-05-10 00:00:00', '2016-06-10', 'Fechado'),
	(37, 236, '2016', 3, '1', 'Excesso de borra oleosa acumulado no tanque separador de água e óleo', 'Retiradda do efluente bruto e envio para tratamento externo (Flucor)', 'Wagner', '2016-05-10 00:00:00', '2016-12-30', 'Aberto'),
	(38, 236, '2016', 3, '2', 'Excesso de Borra Oleosa no tanque separador de água e óleo', 'Retirada da Borra oleosa do tanque e envio para Cooprocessamento', 'Márcio G.', '2016-05-10 00:00:00', '2016-12-30', 'Aberto'),
	(39, 236, '2016', 3, '4', 'Tanque em péssimas condições para a correta estaqueidade do efluente.', 'Realizar a compra de um Tanque aéreo para ser instalado no local de aproximadamente 20m³ - (R$ 23.000,00)', 'Márcio G.', '2016-05-10 00:00:00', '2017-02-15', 'Aberto'),
	(40, 236, '2016', 3, '5', 'Easy Clean saturado de borra', 'Realizar a limpeza e remoção da borra do Easy Clean', 'Márcio G.', '2016-05-10 00:00:00', '2016-12-30', 'Aberto'),
	(41, 236, '2016', 3, '6', 'Falta de informação precisa da quantidade de efluente descartado da fábrica durante a limpeza das máquinas e piso.', 'Criar um método de controle da quantidade de efluente descartado na área de edescarte de efluente da fábrica.', 'Wagner', '2016-05-10 00:00:00', '2016-11-15', 'Aberto'),
	(42, 236, '2016', 4, '7', 'Quando chove a água cai para dentro dos tanques aumentando ainda mais a quantidade de efluente.', 'Colocar uma nova cobertura na E.T.E.', 'Márcio G.', '2016-05-10 00:00:00', '2016-12-30', 'Aberto'),
	(43, 13, '2016', 2, '1', 'Horas extras em excesso', 'Solicitar aprovação da Direção e Gerentes', 'Sabrina', '2016-05-11 00:00:00', '2016-12-31', 'Aberto'),
	(44, 13, '2016', 2, '2', 'Horas extras em excesso', 'Apresentar ao Staff as horas por departamento', 'Sabrina', '2016-05-11 00:00:00', '2016-12-31', 'Aberto'),
	(45, 13, '2016', 2, '3', 'Horas extras em excesso', 'Realizar a compensação semanal das horas', 'Sabrina', '2016-05-11 00:00:00', '2016-12-31', 'Aberto'),
	(46, 13, '2016', 2, '4', 'Horas extras em excesso', 'Apagar as luzes após às 19h (manter somente com autorização)', 'Sabrina', '2016-05-11 00:00:00', '2016-12-31', 'Aberto'),
	(47, 10, '2016', 1, '1', 'Absenteísmo', 'Reporte diário das faltas e acompanhamento desses funcionários', 'Laura', '2016-05-11 00:00:00', '2016-12-31', 'Aberto'),
	(48, 10, '2016', 1, '2', 'Absenteísmo', 'Fechamento do Green Belt', 'Laura e Sabrina', '2016-05-11 00:00:00', '2016-06-01', 'Aberto'),
	(49, 9, '2016', 6, '1', 'Treinamentos internos não são registrados e comunicados ao RH', 'Enviar comunicado solicitando o registro dos treinamentos internos e comunicar o RH.', 'RH', '2016-07-07 00:00:00', '2016-07-07', 'Fechado'),
	(50, 9, '2016', 6, '2', 'Poucos treinamentos internos', 'Estimular áreas a desenvolverem mais treinamentos internos.', 'RH', '2016-07-07 00:00:00', '2016-07-07', 'Fechado'),
	(51, 42, '2016', 6, 'BOM PSA', 'Bomba com Ruído', 'Conforme RACP 035-16 - IMPROCEDENTE', 'Fabiano Bottino', '2016-07-08 00:00:00', '2016-08-07', 'Fechado'),
	(52, 43, '2016', 6, 'BOM PSA', 'Bomba com Ruído', 'Conforme RACP 035-16 - IMPROCEDENTE', 'Fabiano Bottino', '2016-07-09 00:00:00', '2016-09-07', 'Fechado'),
	(53, 39, '2016', 2, 'EPS - PSA', 'Peça com DTC 1409', 'Peça enviada para análise em Tychy', 'Rodrigo Brochado', '2016-07-09 00:00:00', '2016-10-30', 'Aberto'),
	(54, 39, '2016', 6, 'Semi-Eixo Fiat', 'Etiqueta soltou da peça', 'Conforme RACP', 'Fabiano Bottino', '2016-07-09 00:00:00', '2016-09-07', 'Fechado'),
	(55, 40, '2016', 3, 'BOM Renault', 'Bomba com Válvula Travada', 'Conforme RACP ', 'Fabiano Bottino', '2016-07-09 00:00:00', '2016-03-30', 'Fechado'),
	(56, 40, '2016', 6, 'BOM PSA', 'Bomba com Ruído', 'Conforme RACP 035-16 - IMPROCEDENTE', 'Fabiano Bottino', '2016-07-09 00:00:00', '2016-09-07', 'Fechado'),
	(57, 44, '2016', 1, 'FTQ SEM', 'FTQ Fora da Meta', 'Conforme Plano de Ação FTQ', 'Fabiano Bottino', '2016-07-09 00:00:00', '2016-12-15', 'Aberto'),
	(58, 52, '2016', 5, 'AUD', 'Inspeção de Layout não atendidas', 'Iniciar as inspeções no início do mês', 'Cristiano Martins', '2016-07-13 00:00:00', '2016-06-30', 'Fechado'),
	(59, 48, '2016', 5, 'Look Across', 'Look Across não respondidos dentro do prazo', 'Dividir os LA de acordo com a linha para cada Técnico/Engenheiro', 'Giovanni Souza', '2016-07-13 00:00:00', '2016-06-30', 'Fechado'),
	(60, 47, '2016', 6, 'SUCATA', 'Manter indice de sucata de acordo com o target', 'Acompanhamento de Plano de Ação', 'Emerson Oliveira', '2016-07-13 00:00:00', '2016-12-15', 'Aberto'),
	(61, 42, '2016', 7, 'BOM Fiat', 'Bomba com Direção Pesada', 'Conforme RACP 061-16 - IMPROCEDENTE', 'Fabiano Bottino', '2016-08-08 00:00:00', '2016-08-08', 'Fechado'),
	(62, 43, '2016', 7, 'BOM Fiat Tofas', 'Bomba com Direção Pesada', 'Conforme RACP 061-16 - IMPROCEDENTE', 'Fabiano Bottino', '2016-08-08 00:00:00', '2016-08-08', 'Fechado'),
	(63, 40, '2016', 7, 'BOM Fiat Tofas', 'Bomba com Direção Pesada', 'Conforme RACP 061-16 - IMPROCEDENTE', 'Fabiano Bottino', '2016-08-08 00:00:00', '2016-08-08', 'Fechado'),
	(64, 39, '2016', 7, 'EPS', 'Identificação Peça diferente do Rack', 'Conforme RACP', 'Michel Barreto', '2016-08-16 00:00:00', '2016-03-30', 'Fechado'),
	(65, 12, '2016', 7, 'Turnover Geral', 'Gestão - Forma de Condução das equipes', 'Avaliação de Desempenho (PFT) / Ferramentas de RH', 'Laura, Sabrina e Staff', '2016-08-19 00:00:00', '2016-12-31', 'Aberto'),
	(66, 12, '2016', 7, 'Turnover Geral', 'Oportunidades melhores ', 'Pesquisa Salarial', 'Sabrina', '2016-08-19 00:00:00', '2016-12-31', 'Aberto'),
	(67, 11, '2016', 7, 'Turnover Pedidos', 'Gestão - Forma de Condução das equipes', 'Plano de Treinamento de Líderes e Gestores/PFT/TLT', 'Sabrina e Laura', '2016-08-19 00:00:00', '2016-12-31', 'Aberto'),
	(68, 11, '2016', 7, 'Turnover Pedidos', 'Oprtunidades melhores', 'Pesquisa Salarial', 'Sabrina', '2016-08-19 00:00:00', '2016-12-31', 'Aberto'),
	(69, 152, '2016', 8, 'Mont SE', 'Baixa demanda do cliente', 'Ajuste de demanda x operadores (trabalhar com 5 operadores).', 'Luciano/Arthur', '2016-09-05 00:00:00', '2016-10-03', 'Aberto'),
	(70, 204, '2016', 3, 'todos', 'Variacao dos EDIs dos clientes.', 'Fazer analise de programacao semanalmente.', 'Luis F', '2016-09-13 00:00:00', '2016-01-04', 'Fechado'),
	(71, 198, '2015', 7, '26016046', 'Carga retida devida a greve da receita federal', 'Aumentar o estoque de segurança.', 'Silvane Puhl', '2016-09-13 00:00:00', '2015-08-01', 'Fechado'),
	(72, 202, '2016', 2, '38007996R', 'Falta de pedido atualizado no QAD.', 'Revisão dos pedidos semanalmente.', 'Luis F', '2016-09-13 00:00:00', '2016-09-13', 'Aberto'),
	(73, 202, '2016', 4, '38007996R', 'Falta de pedido atualizado no QAD.', 'Revisão dos pedidos semanalmente.', 'Luis F', '2016-09-13 00:00:00', '2016-09-13', 'Aberto'),
	(74, 206, '2016', 4, 'Todos', 'Queda dos volumes de clientes.', 'Reduzir programação de fornecedores.', 'Andrea / Silvane', '2016-09-13 00:00:00', '2016-12-31', 'Aberto'),
	(75, 206, '2016', 5, 'Pista Int', 'Alto custo de gás do forno e energia elétrica.', 'Antecipar programação dos forncedores para passar um lote maior no forno, assim otimizando o periodo de utilização do mesmo.', 'Andrea / Michel', '2016-09-13 00:00:00', '2016-12-31', 'Aberto'),
	(76, 206, '2016', 6, 'EPS', 'Migração da linha de produção EPS - PSA', 'Antecipação da compra de material', 'Michelle ', '2016-09-13 00:00:00', '2016-10-31', 'Aberto'),
	(77, 203, '2016', 7, 'todos', 'Material retido na receita federal (Greve)', 'Criar estoque de segurança dos componentes', 'Luis F', '2016-09-13 00:00:00', '2016-08-08', 'Aberto'),
	(78, 197, '2015', 8, '26048080', 'Falta do item 26048080 abraçadeira, (Greve receita).', 'Restabelecer estoque de segurança.', 'Silvane ', '2016-09-13 00:00:00', '2016-09-25', 'Aberto'),
	(79, 199, '2015', 6, 'Todos', 'Linha parada férias', 'Linha parada férias', 'Luis F', '2016-09-13 00:00:00', '2015-06-01', 'Aberto'),
	(80, 177, '2016', 1, '1', 'Não atingimento da meta mensal.', 'Reuniões semanais de Change Management para monitorar o andamento das iniciativas de mudança que possam gerar CIP.', 'G. Fava', '2016-09-14 00:00:00', '2016-12-31', 'Aberto'),
	(81, 42, '2016', 9, 'BOM Renault', 'Bomba com Vazamento', 'Conforme RACP - IMPROCEDENTE', 'Fabiano Bottino', '2016-10-04 00:00:00', '2016-10-30', 'Aberto'),
	(82, 40, '2016', 9, 'BOM Renault', 'Bomba com Vazamento', 'Conforme RACP - IMPROCEDENTE', 'Fabiano Bottino', '2016-10-04 00:00:00', '2016-10-30', 'Aberto'),
	(83, 39, '2016', 9, 'SE PSA', 'Semi Eixo sem abraçadeira', 'Conforme RACP', 'Fabiano Bottino', '2016-10-06 00:00:00', '2016-10-30', 'Aberto'),
	(84, 53, '2016', 9, 'Garantia PSA', 'Cobranças indevidas', 'Rever a cobrança com Compras', 'Sandra / Giovanni', '2016-10-06 00:00:00', '2016-12-30', 'Aberto'),
	(85, 237, '2016', 4, '3', 'Falta de Identificação dos resíduos na baia de cavacos.', 'Identificar todos dos container.', 'Márcio G/Daniela H', '2016-10-10 00:00:00', '2016-04-20', 'Fechado'),
	(86, 40, '2016', 10, 'CEPS Fiat', 'Coluna com Mov. Rake Travado', 'Conforme WFCC 085-16', 'Kowalski', '2016-11-03 00:00:00', '2016-11-30', 'Aberto'),
	(87, 41, '2016', 10, 'Anel e Rotor', 'Rebarbas do Anel Elíptico', 'Conforme RACP 082-16', 'Marcos Borda', '2016-11-03 00:00:00', '2016-11-30', 'Aberto'),
	(88, 39, '2016', 10, 'Anel eliptico', 'Anel eliptico India com rebarba ', 'Conforme RACP 082-16', 'Michel Barreto', '2016-11-03 00:00:00', '2016-11-10', 'Aberto'),
	(89, 204, '2016', 10, 'Todos', 'Greve da receita federal', 'Aumentar estoque de segurança', 'Michelle Davila', '2016-11-07 00:00:00', '2016-12-01', 'Aberto'),
	(90, 203, '2016', 11, 'todos', 'Transferencia da linha de produção de Porto Alegre para Porto Real (Indicador não aplicado).', '.', 'Luis Felipe', '2016-12-06 00:00:00', '2016-12-31', 'Aberto'),
	(91, 40, '2016', 11, 'CEPS Fiat', 'Coluna com ruído ', 'Conforme RACP', 'Kowalski', '2017-01-23 00:00:00', '2017-01-31', 'Aberto'),
	(92, 40, '2016', 11, 'BOM Fiat', 'Contaminação acima da especificação', 'Conforme RACP', 'Bottino', '2017-01-23 00:00:00', '2017-01-31', 'Fechado'),
	(93, 123, '2017', 1, '1', 'Realização da Auditoria Interna de CCE', 'Programar e planejar a auditoria de CCE Segurança.', 'Wagner Oliveira', '2017-02-24 00:00:00', '2017-10-24', 'Aberto'),
	(94, 123, '2017', 1, '2', 'Plant Safety Review Board', 'Realizar mensalmente a reunião de alinhamento das ações de segurança via PSRB - Plant Safety Review Board', 'Wagner Oliveira', '2017-02-24 00:00:00', '2017-12-30', 'Aberto'),
	(95, 123, '2017', 1, '3', 'Caminhada de Segurança', 'Realizar as caminhadas de segurança com a gerência da empresa com 90% de presença e o atendimento de 90% de todas as ações levantadas.', 'Wagner Olivveira', '2017-02-24 00:00:00', '2017-12-30', 'Aberto'),
	(96, 123, '2017', 1, '4', 'Lockout / Tagout Auditoria', 'Procedimentar e implantar a Auditoria de LOTO com 20% de atendimento de todas as intervenções de manutenção realizadas nas máquinas.', 'Wagner Oliveira', '2017-02-24 00:00:00', '2017-12-30', 'Fechado'),
	(97, 124, '2017', 1, '1', 'Adequação da RCN-09', 'Instalar corretamente a chave de segurança da RCN-09', 'MIche B.', '2017-02-24 00:00:00', '2017-03-30', 'Aberto'),
	(98, 124, '2017', 1, '2', 'Adequação elétrica da Lam-07', 'Arrumar a fiação elétrica exposta da Lam-07 retirando a mesma do chão e protegendo a fiação com conduíte.', 'MIchel B.', '2017-02-24 00:00:00', '2017-02-24', 'Fechado'),
	(99, 124, '2017', 1, '3', 'Adequação Elérica da Lam-09', 'Arrumar a fiação elétrica desprotegida da lagarta da Lam-09 protegendo a mesma com conduítes novos evitando desta forma risco de choque elétrica.', 'MIchel B.', '2017-02-24 00:00:00', '2017-02-24', 'Fechado'),
	(100, 17, '2017', 1, 'Rotatividade', 'Gestão - Forma de Condução das equipes ', 'Plano de Treinamento de Líderes e Gestores/PFT/TLT', 'Sabrina', '2017-02-24 00:00:00', '2017-12-31', 'Aberto'),
	(101, 17, '2017', 1, 'Rotatividade', 'Melhores oportunidades', 'Pesquisa Salarial', 'Sabrina', '2017-02-24 00:00:00', '2017-12-31', 'Aberto'),
	(102, 63, '2017', 1, '1', 'FTQ - Resultados', 'Conforme plano de ação FTQ', 'Fabiano Bottino', '2017-03-20 00:00:00', '2017-12-31', 'Aberto'),
	(103, 62, '2017', 1, '1', 'FTQ - Resultado Fora da Meta', 'Conforme Plano de Ação FTQ SE', 'Fabiano Bottino', '2017-03-20 00:00:00', '2017-12-31', 'Aberto'),
	(104, 238, '2017', 3, '1', 'Vazamento de água nas Torres de Resfriamento', 'Realizar o conserto e/ou substituição do encanamento que esta vazando de forma intermitente na área das Torres de Resfriamento.', 'Leandro Pereira', '2017-04-06 00:00:00', '2017-06-06', 'Fechado'),
	(105, 238, '2017', 3, '2', 'Dia da Água', 'Realizar campanha de conscientização do Dia da Água.', 'Wagner Oliveira', '2017-04-06 00:00:00', '2017-03-20', 'Fechado'),
	(106, 126, '2017', 3, '1', 'Incidente de 17/03: Queda operador ao abrir porta da BTE 11 devido ao piso escorregadio.', 'Colocação de Tapete de absorção de óleos no local da queda.', 'Wagner Oliveira', '2017-04-06 00:00:00', '2017-04-06', 'Fechado'),
	(107, 126, '2017', 3, '2', 'Incidente de 17/03: Queda do operador na área de Bombas', 'Realizar o enclausuramento da máquina e nova pintura do piso com tinta especial.', 'Leandro J.', '2017-04-06 00:00:00', '2017-09-06', 'Aberto'),
	(108, 126, '2017', 3, '3', 'Incidente de 24/03: Quebra da prensa na área de retrabalho, onde uma peça da máquina quebrou e caiu nos pés do operdor.', 'Realizar nova solda no dispositivo e colocar um calço de segurança no equipamento que garanta que se a peça venha a quebrar novamente fique presa neste calço de segurança.', 'Leandro J', '2017-04-06 00:00:00', '2017-04-06', 'Fechado'),
	(109, 126, '2017', 3, '4', 'Incidente de 09/03: Op. Empilhadeira bateu em um colaborador terceiro que realizava a coleta dos resíduos da fábrica com um carrinho.', 'Retirar as caçambas de resíduos e embalagens obsoletas da Orange Zone, orientar novamente os operadoresde que é proibido andar para frente com duas caixas obstruindo sua visão.', 'Nilmar', '2017-04-06 00:00:00', '2017-07-30', 'Fechado'),
	(110, 14, '2017', 3, 'Absenteísmo', 'ATESTADOS MÉDICOS COM AFASTAMENTO DO TRABALHO - 02 CIRURGIAS E OUTROS TRATAMENOS COMPLEXOS E ALGUMAS FALTAS INJUSTIFICADAS', 'RESCISÃO DO CONTRATO DE TRABALHO - MOTIVO FALTAS INJUSTIFICADAS', 'RH', '2017-04-06 00:00:00', '2017-12-31', 'Aberto'),
	(111, 17, '2017', 3, 'Turnover Pedidos', 'Pedidos de demissão devido a melhor oferta em benefícios', 'Realizar Pesquisa de benefício para análise', 'RH', '2017-04-07 00:00:00', '2017-09-15', 'Aberto'),
	(112, 15, '2017', 3, 'Turnover Geral', '03 RESCISÕES DE CONTRATO NO RJ', 'REAVALIAR BENEFÍCIOS EM PR', 'RH', '2017-04-07 00:00:00', '2017-04-07', 'Fechado'),
	(113, 16, '2017', 4, '1', 'Poucos treinamentos sendo realizados externamente e internamente', 'Programa de Treinamentos Internos para estimular os funcionários a compartilharem seus conhecimentos com os demais. ', 'Mariana', '2017-05-09 00:00:00', '2017-05-09', 'Fechado'),
	(114, 60, '2017', 1, 'CEPS', 'Assistência Intermitente', 'Conforme SQ141', 'Guilherme Kowalski', '2017-05-11 00:00:00', '2017-09-15', 'Aberto'),
	(115, 60, '2017', 1, 'BOM', 'Bomba com Vazamento pela Tampa', 'Conforme SQ141', 'Fabiano Bottino', '2017-05-11 00:00:00', '2017-09-15', 'Aberto'),
	(116, 60, '2017', 1, 'BOM', 'Bomba com Vazamento pela Tampa', 'Conforme SQ141', 'Fabiano Bottino', '2017-05-11 00:00:00', '2017-09-15', 'Aberto'),
	(117, 59, '2017', 4, 'ALL', 'Reclamações de Cliente', 'Conforme SQ141 de cada reclamação', 'Qualidade', '2017-05-11 00:00:00', '2017-12-31', 'Aberto'),
	(118, 163, '2017', 4, 'TTO9', 'Manipulador', 'Restabelecer TTO3 como backup para conserto TTO9', 'Manutenção', '2017-05-11 00:00:00', '2017-05-11', 'Fechado'),
	(119, 163, '2017', 4, 'TTO3/DS005', 'Desgaste do ferramental, ação errada, Gerfran, troca de componetes qualidade', 'Retomar componente da marca original, compra de novos componentes ', 'Manutenção', '2017-05-11 00:00:00', '2017-05-11', 'Fechado'),
	(120, 163, '2017', 4, 'BTE11', 'Alarme porta, desgaste micro, falta de preventiva, placa PLC, articulação STS', 'Troca das micro portas e alaboração das preventivas, troca das articulações, troca de placa. ', 'Manutenção', '2017-05-11 00:00:00', '2017-05-11', 'Fechado'),
	(121, 162, '2017', 4, 'TTO09', 'Manipulador, roletes com folga, Gerfran, troca de componente qualidade/marca', 'Restabelecer TTO03 como backup para conserto TTO09', 'Manutenção', '2017-05-11 00:00:00', '2017-05-11', 'Fechado'),
	(122, 162, '2017', 4, 'SD05/TTO03', 'Desgaste ferramental, ação errada Gerfran, troca de componentes qualidade', 'Retomar componente original da marca, compra de novos componentes SD005', 'Manutenção', '2017-05-11 00:00:00', '2017-05-11', 'Fechado'),
	(123, 162, '2017', 4, 'BTE11', 'Alarme de porta, desgaste de micros, falta preventiva, placa PLC, articulações STS/mais alarme de alta vazão ', 'Troca de micro portas e elaborar preventivas, troca de articulações, troca de placa ', 'Manutenção', '2017-05-11 00:00:00', '2017-05-11', 'Fechado'),
	(124, 159, '2017', 4, 'Prod. Pumps', 'Válvula trancada qualidade carcaça Rudolf ', 'ação de qualidade junto ao fornecedor ', 'EQF', '2017-05-11 00:00:00', '2017-05-11', 'Fechado'),
	(125, 159, '2017', 4, 'Prod. Pumps', 'Válvula trancada qualidade carcaça Rudolf ', 'ação de qualidade junto ao fornecedor ', 'EQF', '2017-05-11 00:00:00', '2017-05-11', 'Fechado'),
	(126, 158, '2017', 4, 'SEMI EIXO', 'Baixo devido a queda de volume que não conseguimos contrabalançar na produtividade', 'Ação transferir 2 op do SE para CEPS', 'Gestão Produção', '2017-05-11 00:00:00', '2017-05-11', 'Fechado'),
	(127, 69, '2017', 3, 'Ação em atraso', 'Ação em atraso do mês de Março de 2017', 'Responder a ação em atraso.', 'Guilherme Kowalski', '2017-05-12 00:00:00', '2017-12-05', 'Fechado'),
	(128, 65, '2017', 4, 'CEPS', 'Conforme planos de ação CofA', 'Conforme planos de ação CofA', 'Qualidade', '2017-05-15 00:00:00', '2017-12-31', 'Aberto'),
	(129, 15, '2017', 4, 'Turnover Geral', 'Alto Turnover devido ao número de contratações: 15 Operadores, 1 Vendas, 2 temps', 'Manter quadro estável na Produção', 'Laura Nardi', '2017-05-16 00:00:00', '2017-05-15', 'Fechado'),
	(130, 16, '2017', 4, '2', 'Primeiro quarter do ano sempre com poucas horas de treinamento devido ao período de férias. ', 'Realização dos Programas de Treinamentos a partir de Abril ', 'Sabrina', '2017-02-24 00:00:00', '2017-03-31', 'Fechado'),
	(131, 213, '2017', 4, '1', 'ASM TAS/TOS excess at inventory due to FIASA project phase 1', 'Decrease iventory by assembly parts and start of phase 2 w/ local components and process deviation to apply ASM w/ problesms at test machine - 3MUSD', 'Silvane', '2017-05-16 00:00:00', '2017-05-16', 'Fechado'),
	(132, 213, '2017', 5, '2', 'Excess material of valve Young Shin due to supplier changing from Nexteer Sagnaw', 'Decrease inventory by production - 250KUSD', 'Silvane', '2017-05-16 00:00:00', '2017-11-30', 'Aberto'),
	(133, 213, '2017', 4, '3', 'Kimballl electronics excess material - FIASA project startup', 'Decrease inventory at phase 2 -  60KUSD', 'Silvane', '2017-05-16 00:00:00', '2017-11-30', 'Aberto'),
	(134, 213, '2017', 4, '4', 'Pump metal ring and rotor excess inventory due to bakcup to supplier changing - Metaldine to Sagnaw', 'Decrease inventory - 200KUSD', 'Silvane', '2017-05-16 00:00:00', '2017-11-30', 'Aberto'),
	(135, 213, '2017', 4, '5', 'Tripode roller excess inventory due to different classes of Tulip (class 3 and 4)', 'Generate special tullips for classes 3 and 4 - 150KUSD', 'Silvane', '2017-05-16 00:00:00', '2017-11-30', 'Aberto'),
	(136, 209, '2017', 4, '1', 'Perda embarque 30 pçs CEPs FIASA', 'Criação de cadastros, criando itens master', 'Thiago Falci', '2017-05-18 00:00:00', '2017-05-18', 'Fechado'),
	(137, 209, '2017', 4, '2', '112 peças Ford por falta de Polia', 'Importação Polias', 'Silvane', '2017-05-18 00:00:00', '2017-09-18', 'Aberto'),
	(138, 209, '2017', 4, '3', '274 peças reposição PSA por falta de definição fluxo logístico e troca de P/N', 'Fluxo definido entre Nexteer e PSA', 'Luis Felipe', '2017-05-18 00:00:00', '2017-05-18', 'Fechado'),
	(139, 209, '2017', 4, '4', 'Entrega de itens em atraso de Março em Abril impactando indice', 'Já tomada ação de acerto de fluxo logistico', 'Luis Felipe', '2017-05-18 00:00:00', '2017-05-18', 'Fechado'),
	(140, 210, '2017', 4, '1', 'Meta de produção acima da capacidade e demanda', 'Readequar a meta de produção', 'Luis Felipe', '2017-05-18 00:00:00', '2017-05-18', 'Fechado'),
	(141, 189, '2017', 4, '1', 'Falta lista consolidade de melhorias para o ano de 2017', 'Realizar a lista colocando estimativa de conclusão por ação objetivando a meta anual', 'Arthur', '2017-05-18 00:00:00', '2017-05-18', 'Fechado'),
	(142, 189, '2017', 4, '2', 'Falta vínculo deste indicador com o programa de seguestões de melhorias', 'Fazer o vínculo e revisar metas traçadas - FECHADO, LISTA DE SUGESTÕES LINCADAS COM O PLANO DE MELHORIAS', 'Arthur', '2017-05-18 00:00:00', '2017-05-18', 'Fechado'),
	(143, 75, '2017', 4, '1', 'Falta de controle e gestão do indicador ', 'Reavaliar metodologia e responsabilidades do grupo para atingimento da meta.', 'Cristiano Martins', '2017-05-18 00:00:00', '2017-09-15', 'Aberto'),
	(144, 191, '2017', 4, '1', 'Atualizar número adequado de TP/mês, com objetivo de não deixar mais de 1 ano sem revisão.', 'Seguir metodologia de revisão através de sistema que alerta TP´s em atraso.', 'Arthur', '2017-05-18 00:00:00', '2017-05-30', 'Aberto'),
	(145, 239, '2017', 4, '1', 'Realização da troca das Lâmpadas tipo Compacta de 135W por Lâmpadas de LED 40W.', 'Trocar todas as Lâmpadas da Linha de produção por lâmpadas de LED 40W.', 'Leandro Pereira', '2017-05-18 00:00:00', '2017-12-10', 'Aberto'),
	(146, 239, '2017', 4, '2', 'Ventilador do Spindle das TCNs fica ligado mesmo com a máquina parada (fora de operação)', 'Realizar a troca do cicuito elétrico desabilitando este recurso de forma que o ventilador (cooler) só venha a entrar em operação com a Máquina em operação.', 'Leandro Pereira', '2017-05-18 00:00:00', '2017-08-15', 'Fechado'),
	(147, 241, '2017', 4, '1', 'Fornecedor Destinação dos reíduos recicláveis', 'Realizar a troca do forncedor que coleta os resíduos recicláveis por outro que compre os nossos resíduos e que consiga nos atender com uma maior frequencia, evitando assim o acúmulo de resíduos no pátio.', 'Márcio Garcez', '2017-05-18 00:00:00', '2017-10-15', 'Fechado'),
	(148, 240, '2017', 4, '1', 'Monitoramento da vazão do volume de efluente tratado do Biológico', 'Instalação de hidrômetro e planilha de acompanhamento das vazões diárias.', 'Márcio Garcez', '2017-05-18 00:00:00', '2017-05-18', 'Fechado'),
	(149, 240, '2017', 4, '2', 'Monitoramento da Vazão do Efluente do Físico Químico', 'Instalação de Hidrômetro e controle da vazão do físico químico com o controle diário via planilha de controle.', 'Márcio Garcez', '2017-05-18 00:00:00', '2017-05-18', 'Fechado'),
	(150, 240, '2017', 4, '3', 'Tanque Para óleo do separador água e óleo', 'Compra de tanque de 1000L para colocar na ETE para segregar o óleo do tanque separador água e óleo.', 'Márcio Garcez', '2017-05-18 00:00:00', '2017-05-22', 'Fechado'),
	(151, 213, '2017', 4, '6', 'NFP excess material due to quality investigation issues', 'According quality review and apply good parts and scrap or rework bad parts and also strategic stock to supplier shift - 400KUSD.', 'Andrea', '2017-05-22 00:00:00', '2017-12-15', 'Aberto'),
	(152, 215, '2017', 4, '1', 'Lack of parts from suppliers due to Fiat increase of production during last months and ramp up of production', 'Recover of safety stock for imported items ', 'Leandro Jaskulski', '2017-05-25 00:00:00', '2017-05-25', 'Fechado'),
	(153, 215, '2017', 4, '2', 'Start up of new shift', 'Training of the new team', 'Leandro', '2017-05-25 00:00:00', '2017-05-15', 'Fechado'),
	(154, 213, '2017', 4, '7', 'High safety stock for local (2 weeks) and imported (3 to 4 weeks) items ', 'Decrease safety stock to 1 week local and 2 weeks imported - 600 KUSD', 'Leandro', '2017-05-29 00:00:00', '2017-11-01', 'Aberto'),
	(155, 76, '2017', 5, '1', 'Falta de participação do Staff nas auditorias e alguns auditores.', 'Repassar a importacia da auditoria ESCALONADA ao time ', 'Cristiano Martins', '2017-05-06 00:00:00', '2017-09-30', 'Fechado'),
	(156, 14, '2017', 1, 'Faltas', 'Atrasos', 'Todos os funcionários que chegam atrasados devem passar no RH para pegar autorização para iniciar na área.', 'RH', '2017-01-03 00:00:00', '2017-01-03', 'Fechado'),
	(157, 17, '2017', 1, 'Pedidos', 'Pedidos de demissão', 'Realizar levantamento das e análise das entrevistas de desligamento para gerar outras ações focadas: ambiente de trabalho, benefícios, horário de trabalho (3º turno), liderança, etc. ', 'RH', '2017-07-03 00:00:00', '2017-11-24', 'Aberto'),
	(158, 76, '2017', 6, '2', 'Falta de realização de auditores e de auditores ', 'Treinar novos operadores para realização das auditorias e cobrar auditores já treinados ', 'Cristiano Martins', '2017-07-03 00:00:00', '2017-09-30', 'Fechado'),
	(159, 161, '2017', 6, '1', 'CEPs aumento de FTQ máquinas 71/72/73 - perda de 4400 pçs de reteste', 'Atuação da engenharia nas máquinas ', 'Engenharia', '2017-07-06 00:00:00', '2017-09-15', 'Aberto'),
	(160, 161, '2017', 6, '2', 'bancada de GP12 - X6', 'eliminar a inspeção de qualidade na banca GP12', 'Qualidade ', '2017-07-06 00:00:00', '2017-07-06', 'Fechado'),
	(161, 161, '2017', 6, '3', 'Bombas - redução da quantidade de peças produzidas/ mês ', 'revisar trabalho padrão para redirecionar operadores e máquinas ', 'Engenharia indstrial + Produção ', '2017-07-06 00:00:00', '2017-09-15', 'Aberto'),
	(162, 161, '2017', 6, '4', 'Semi-eixo redução da demanda ', 're-layout de semi-eixo- redirecionamento de máquinas ', 'Engenharia industrial + produção ', '2017-07-06 00:00:00', '2017-07-06', 'Fechado'),
	(163, 162, '2017', 6, 'SD0122', 'Umidade na mídia, falha nos purgadores ', 'preventiva nos purgadores, purgadores automáticos compressores ', 'MANUTENÇÃO', '2017-07-06 00:00:00', '2017-07-06', 'Fechado'),
	(164, 162, '2017', 6, 'BMA08', 'TUBOS ', 'REVISÃO DO PROCESSO ', 'MANUTENÇÃO', '2017-07-06 00:00:00', '2017-07-06', 'Fechado'),
	(165, 162, '2017', 6, 'SD058', 'FALHA NO ACARREGADOR ', 'SUBSTITUIR A MICRO DE POSICIONAMENTO ', 'MANUTENÇÃO', '2017-07-06 00:00:00', '2017-10-10', 'Aberto'),
	(166, 162, '2017', 6, 'BTE16', 'TROCA DE SENSOR ', 'DISTRIBUIDOR DE SENSOR ', 'MANUTENÇÃO ', '2017-07-06 00:00:00', '2017-09-15', 'Aberto'),
	(167, 162, '2017', 6, '8', 'PREVENTIVAS 92% MANUTENÇÃO PROGRAMADA SEMI EIXO ', 'ORGANIZAR REALIZAÇÃO DE PREVENTIVAS ', 'MANUTENÇÃO', '2017-07-06 00:00:00', '2017-07-06', 'Fechado'),
	(168, 162, '2017', 6, 'SD080', 'CONTAMINAÇÃO MECANISMOS TRAVAMENTO DOS SENSORES ', 'LIMPAR MECANISMOS SEM DESMONTAR ', 'MANUTENÇÃO ', '2017-07-06 00:00:00', '2017-07-06', 'Fechado'),
	(169, 208, '2017', 6, '38020720', 'Falta de entrega do eixo da HBB (negociação comercial).', 'Acordo comercial, normalização das entregas.', 'Leonardo', '2017-07-06 00:00:00', '2017-07-06', 'Fechado'),
	(170, 208, '2017', 6, '26114768', 'Falta de entrega do eixo da HBB (negociação comercial).', 'Acordo comercial, Normalização das entregas.', 'Leonardo', '2017-07-06 00:00:00', '2017-07-06', 'Fechado'),
	(171, 123, '2017', 6, '5', 'Respindo de solda nos pés do operador', 'Colocar proteção contra os respingos da solda no robo na parte de baixo da máquina', 'Wagner', '2017-07-10 00:00:00', '2017-07-15', 'Fechado'),
	(172, 124, '2017', 6, '4', 'Risco de esmagamento na SD60', 'Instalar proteção físicac nos rolos do tanque da SD 60 para evitar esmagamento acidental.', 'Wagner Oliveira', '2017-07-10 00:00:00', '2017-07-20', 'Fechado'),
	(173, 124, '2017', 6, '5', 'Pontas metálicas expostas na calha de peças da BTE10', 'Colocar proteção física na calha de proteção das bombas na BTE10', 'Wagner Oliveira', '2017-07-10 00:00:00', '2017-07-20', 'Fechado'),
	(174, 124, '2017', 6, '6', 'Máquinas Rotor e Anel sem proteção fixa', 'Instalar proteção física nas máquinas do Rotor e Anel', 'Nei', '2017-07-10 00:00:00', '2017-07-15', 'Fechado'),
	(175, 123, '2017', 6, '6', 'Análise da Névoa de òleo em Bombas e Rodas', 'Realizar análise de névoa de óleo mineral conforme a NR15', 'Wagner Oliveira', '2017-07-10 00:00:00', '2017-08-15', 'Fechado'),
	(176, 123, '2017', 6, '7', 'Verificar o ruído da fábrica conforme PPRa', 'Realizar dosímetria em Bombas, Manutenção e Almoxarifado.', 'Wagner Oliveira', '2017-07-10 00:00:00', '2017-07-20', 'Fechado'),
	(177, 239, '2017', 6, '3', 'Elaboração de projeto para o uso de placas solares para o abastecimento de energia das lâmpadas externas da fábrica.', 'Colocar painéis solares nos postes das luzes da rua para reaproveitar a luz solar.', 'Wagner Oliveira', '2017-07-10 00:00:00', '2017-12-15', 'Aberto'),
	(178, 239, '2017', 6, '4', 'Não se sabe quais máquinas ficam ligadas e o porquê da necessidade de ficarem ligadas após a jornada de trabalho.', 'Mapear todas as máquinas que possam ser desligadas após o término do expediente.', 'Wagner Oliveira', '2017-07-10 00:00:00', '2017-12-15', 'Aberto'),
	(179, 240, '2017', 6, '4', 'Excesso de Borra Oleosa no tanque separador de água e óleo', 'Retirada da Borra oleosa do tanque e envio para Cooprocessamento', 'Márcio Garcez', '2017-07-10 00:00:00', '2017-12-30', 'Fechado'),
	(180, 240, '2017', 6, '5', 'Falta de informação precisa da quantidade de efluente descartado da fábrica durante a limpeza das máquinas e piso.', 'Criar um método de controle da quantidade de efluente descartado na área de descarte de efluente da fábrica.', 'Wagner Oliveira', '2017-07-10 00:00:00', '2017-12-05', 'Aberto'),
	(181, 240, '2017', 6, '6', 'Oxidação do Tanque Biológico', 'Esgotamento do tanque biológico e troca do mesmo ', 'Márcio Garcez', '2017-07-10 00:00:00', '2018-12-30', 'Aberto'),
	(182, 241, '2017', 6, '2', 'Diferenciar os carrinhos de cavacos de alumínio', 'Pintar carrinhos de cavaco de alumínio', 'Márcio Garcez', '2017-07-10 00:00:00', '2017-07-15', 'Fechado'),
	(183, 165, '2017', 6, '1', 'Baixa produção na linha de CEPS', 'Melhorar a produção através do PA específico da linha a fim de melhorar o faturamento', 'Leandro J.', '2017-07-10 00:00:00', '2017-10-01', 'Aberto'),
	(184, 156, '2017', 6, '1', 'Férias PSA diminuindo o faturamento do mês.', 'Manter monitoramento dos gastos', 'Leandro J.', '2017-07-10 00:00:00', '2017-07-10', 'Fechado'),
	(185, 156, '2017', 6, '2', 'Gastos extras com grampeadeira Porto Real e Acionamento BCO de testes bombas.', 'Monitorar despesas', 'Leandro J', '2017-07-10 00:00:00', '2017-07-10', 'Fechado'),
	(186, 164, '2017', 6, '1', 'Força de manutenção focada na revisão geram da retífica de tripeças ZEMA SD03 aproveitando férias da PSA.', 'Retomar as preventivas em atraso.', 'Leandro J.', '2017-07-10 00:00:00', '2017-07-10', 'Fechado'),
	(187, 211, '2017', 6, '1', 'PRoblemas qualidade tubos Forbal com diãmetro e dureza fora do especificado gerando trinca de carcaça', 'Intelex aberto junto ao fornecedor. Ações tomadas. Monitorar.', 'Leandro J.', '2017-07-13 00:00:00', '2017-08-01', 'Fechado'),
	(188, 213, '2017', 6, '8', 'SPEPS RJ - 2MBRL', 'Monitorar e controlar estoques x releases de acordo com política', 'Leandro J.', '2017-07-13 00:00:00', '2017-11-15', 'Aberto'),
	(189, 213, '2017', 6, '9', 'MPP CEPs 702 - 1,3 MBRL e 733 - 1,1 MBRL', 'Verificar inventário cíclico devido divergência do físico', 'Leandro J. ', '2017-07-13 00:00:00', '2017-10-30', 'Aberto'),
	(190, 240, '2017', 7, '7', 'Arraste de lodo', 'Aquisição de um decantador', 'Márcio Garcez', '2017-07-17 00:00:00', '2017-03-02', 'Fechado'),
	(191, 123, '2017', 7, '8', 'Risco de esmagamento na Lav.02', 'Instalar proteção física na Lav.02', 'Nei Adriano', '2017-08-03 00:00:00', '2017-07-30', 'Fechado'),
	(192, 123, '2017', 7, '9', 'Abertura no acrílico da BMA09 com risco de esmagamento.', 'Realizar a troca do acrílico da BMA09, parte lateral.', 'Leandro Pereira', '2017-08-03 00:00:00', '2017-07-20', 'Fechado'),
	(193, 126, '2017', 7, '5', 'Incidente de 05/7/2017 em CEPS, corte tornozelo do Bira no carrinho de transporte de materiais.', 'Afastar o guidon do carrinho para que o perador fique um pouco mais distante da área de risco que é o o freio do carrinho.', 'Leandro J.', '2017-08-03 00:00:00', '2017-07-30', 'Fechado'),
	(194, 81, '2017', 7, '3', 'Equipamentos sem agenda para a calibração no mês com o fornecedor de calibração', 'Calibrar no mês seguinte.', 'Carlos Carvalho', '2017-05-18 00:00:00', '2017-05-10', 'Fechado'),
	(195, 162, '2017', 7, 'SD060', 'ESTEIRA DE TRANSPORTE ', 'SUBSTITUIR ESTEIRA E ENGRENAGENS ', 'LEANDRO PEREIRA', '2017-08-10 00:00:00', '2017-09-10', 'Aberto'),
	(196, 162, '2017', 7, 'SD03', 'ALARME PINÇA FORA DE POSIÇÃO ', 'COLOCAR UM DISTRIBUIDOR DE SENSOR ', 'LEANDRO PEREIRA ', '2017-08-10 00:00:00', '2017-09-30', 'Aberto'),
	(197, 165, '2017', 7, '2', 'Alto valor scrap devido lançamento projeto CEPs', 'Limpar scrap de projeto e diminuir FTQ', 'Leandro J.', '2017-08-10 00:00:00', '2017-09-15', 'Aberto'),
	(198, 60, '2017', 7, 'CEPS', 'Assistência Intermitente', 'Conforme SQ141', 'Guilherme Kowalski', '2017-05-11 00:00:00', '2017-09-15', 'Aberto'),
	(199, 60, '2017', 7, 'CEPS', 'Assistência Intermitente', 'Conforme SQ141', 'Guilherme Kowalski', '2017-05-11 00:00:00', '2017-09-15', 'Aberto'),
	(200, 61, '2017', 7, '1', 'Projeto CEPS - passivo 1.7 milhões.', 'Trabalhos em conjunto com manufatura para redução dos níveis de rejeição e monitoramento do scrap proveniente do passivo', 'Guilherme Kowalski', '2017-08-10 00:00:00', '2017-09-30', 'Aberto'),
	(201, 82, '2017', 1, '01/01/2017', 'Custos garantia SPEPS acima do esperado', 'Repassar custos para Tychy', 'Paula', '2017-08-11 00:00:00', '2017-12-31', 'Aberto'),
	(202, 81, '2017', 5, '1', 'Não realização da calibração da MMC devido a problemas de produção, impossibilitando a calibração no mês.', 'Fazer uma verificação nos eixos XYZ mensal com blocos badões para acompanhar o Status da calibração ma máquina.', 'Silvio Caldieraro', '2017-04-05 00:00:00', '2017-05-30', 'Fechado'),
	(203, 81, '2017', 5, '2', 'Não realização da calibração da MMC devido a problemas de produção, impossibilitando a calibração no mês.', 'realizar a calibração da tridimensional nas férias coletivas.', 'Silvio Caldieraro', '2017-05-13 00:00:00', '2017-12-30', 'Aberto'),
	(204, 165, '2017', 7, '3', 'alto % de horas extras CEPs', 'redução de horas extras com aumento de estoque de segurança FIAT com entrada de reforço de MO em turno intermediário.', 'Leandro J.', '2017-08-10 00:00:00', '2017-10-01', 'Aberto'),
	(205, 14, '2017', 7, 'Faltas Atestados', 'Atestados Médicos', 'TODOS os retornos por atestados devem passar pelo médico do trabalho.', 'Médico do Trabalho', '2017-01-03 00:00:00', '2017-01-03', 'Fechado'),
	(206, 18, '2017', 1, 'Overtime 1', 'Horas Extras', 'Conforme Plano da Produção/PC&L ', 'PC&L/Produção', '2017-05-02 00:00:00', '2017-12-31', 'Aberto'),
	(207, 18, '2017', 1, 'Overtime 2', 'Horas extras devido ao novo turno e novas contratações', '15 dias para estabilizar e treinar as pessoas ', 'Produção', '2017-06-19 00:00:00', '2017-07-01', 'Fechado'),
	(208, 18, '2017', 1, 'Overtime 3', 'Horas Extras em excesso devido ao aumento de volume', 'Conforme Plano da Produção/PC&L', 'Produção', '2017-07-01 00:00:00', '2017-08-01', 'Fechado'),
	(209, 178, '2017', 3, 'CEPS', 'CEPS sem assistência', 'Conforme SQ141 (NC 008-17)', 'Guilherme Kowalski', '2017-03-04 00:00:00', '2017-03-04', 'Fechado'),
	(210, 178, '2017', 7, 'CEPS', 'CEPS sem assistência', 'Conforme SQ141 (NC 019-17)', 'Guilherme Kowalski', '2017-07-03 00:00:00', '2017-09-30', 'Aberto'),
	(211, 178, '2017', 7, 'CEPS', 'CEOS sem assistência', 'Conforme SQ141 (NC 044-17)', 'Guilherme Kowalski', '2017-07-24 00:00:00', '2017-08-18', 'Fechado'),
	(212, 216, '2017', 7, '1', 'Expressos para atendimento demanda FCA devido improdutividade no VSM de CEPS devido alto FTQ', 'vide ações de Produtividade CEPs', 'Leandro J.', '2017-08-10 00:00:00', '2017-09-10', 'Aberto'),
	(213, 218, '2017', 7, '1', 'Abertos 2 Intelex por falhas de entrega', 'Monitorar via sistema de Intelex', 'Andrea R.', '2017-02-10 00:00:00', '2017-03-10', 'Fechado'),
	(214, 218, '2017', 7, '2', 'Abertos 2 Intelex por falha de entrega', 'Monitorar via sistema de Intelex', 'Andrea R.', '2017-03-10 00:00:00', '2017-04-10', 'Fechado'),
	(215, 218, '2017', 7, '3', 'Aberto 1 Intelex por falha de entrega', 'Monitorar via sistema de Intelex', 'Andrea R', '2017-04-10 00:00:00', '2017-05-10', 'Fechado'),
	(216, 218, '2017', 7, '4', 'Abertos 4 Intelex por falhas de entrega', 'Monitorar via sistema de Intelex', 'Andrea R.', '2017-05-10 00:00:00', '2017-06-10', 'Fechado'),
	(217, 218, '2017', 7, '5', 'Abertos 3 Intelex por falhas de entrega', 'Monitorar via sistema', 'Andrea R.', '2017-06-10 00:00:00', '2017-07-10', 'Fechado'),
	(218, 218, '2017', 7, '6', 'Abertos 2 Intelex por falha de entrega', 'Monitorar via sistema', 'Andrea R.', '2017-07-10 00:00:00', '2017-08-10', 'Fechado'),
	(219, 218, '2017', 7, '7', 'Abertos 3 Intelex de entrega em Julho', 'Monitorar via sistema', 'Andrea R.', '2017-08-10 00:00:00', '2017-09-10', 'Aberto'),
	(220, 240, '2017', 8, '8', 'Falta de informação sobre o volume de efluente descartado das lavadoras. ', 'Criar/desenvolver planilha de controle dos efluentes das lavadoras com programação de descarte de banho.', 'Márcio/Daniela', '2017-09-06 00:00:00', '2017-12-15', 'Aberto'),
	(221, 123, '2017', 9, '10', 'Ponto de prensagem na PRE-30', 'Colocar uma proteção física na parte superior da máquina eliminando o ponto de prensagem', 'Nei Adriano', '2017-10-09 00:00:00', '2017-10-25', 'Fechado'),
	(222, 159, '2017', 10, 'Prod.Pumps', 'Tubo com dureza fora do especificado', 'Ação de qualidade junto ao fornecedor', 'EQF', '2017-11-09 00:00:00', '2017-12-15', 'Aberto'),
	(223, 161, '2017', 10, '5', 'Inspeção de 50 ciclos ', 'Modificar engrenagem do sensor', 'Engenharia', '2017-11-09 00:00:00', '2018-02-15', 'Aberto'),
	(224, 156, '2017', 10, '3', 'Gastos com propano e energia elétrica ', 'Programar paradas trimestrais no forno ', 'Michel B', '2017-11-09 00:00:00', '2017-12-31', 'Aberto'),
	(225, 156, '2017', 10, '4', 'Custo alto do óleo sintético ', 'Substituição do óleo sintético diminuindo consumo e preço', 'Engenharia', '2017-11-09 00:00:00', '2017-12-31', 'Aberto'),
	(226, 208, '2017', 6, 'Ceps', 'Falta de componente importado, por causa da greve da receita federal', 'Aumentar estoque de segurança', 'Luis Felipe', '2017-07-01 00:00:00', '2017-07-30', 'Fechado'),
	(227, 82, '2017', 11, '01/11/2017', 'Coleta não realizada cliente Fiat R$ 12.806,68 por falta de follow up', 'Atualizar cadastro e incluir mais destinatários na notificação (grupo Garantia)', 'Paula', '2017-12-11 00:00:00', '2017-12-19', 'Aberto'),
	(228, 129, '2018', 1, '1', 'PPRA de 2018', 'Atualização do PPRA de 2018 com os riscos da linha I-Shaft', 'Wagner Oliveira', '2018-03-01 00:00:00', '2018-05-01', 'Aberto'),
	(229, 129, '2018', 1, '2', 'Proteção Respiratória na linha I-Shaft', 'Elaboração do Programa de Proteção Respiratório - PPR', 'Wagner Oliveira', '2018-03-01 00:00:00', '2018-06-01', 'Aberto'),
	(230, 129, '2018', 2, '3', 'Escada SD 160', 'Adequação da escada de acesso da SD 160.', 'Gustavo K.', '2018-03-01 00:00:00', '2018-04-01', 'Fechado'),
	(231, 22, '2018', 1, 'Pedidos de Demissão', 'Pedidos de demissão na área da produção devido a oportunidades com melhor salário e benefícios.', 'Revisão da tabela salarial para a produção.', 'Sabrina Silva e Jean Fernandes', '2018-03-02 00:00:00', '2018-08-30', 'Aberto'),
	(232, 108, '2018', 2, '01/01/2018', 'Custo excessivo com peças do antigo design (ruído)', 'Aplicar fator técnico para peças com problem ruído do antigo design', 'P. Mello', '2018-03-06 00:00:00', '2018-04-01', 'Aberto'),
	(233, 242, '2018', 1, '1', 'Não tem projeto de amortecimentos de água', 'Realizar o projeto de amortecimento da água', 'Marcio G', '2015-02-20 00:00:00', '2019-10-20', 'Aberto'),
	(234, 242, '2018', 1, '2', 'Reaproveitamento da água da chuva nas torres de resfriamento.', 'Captar a água da chuva e reutilizar nas torres de resfriamento.', 'Jean', '2016-05-09 00:00:00', '2016-12-10', 'Fechado'),
	(235, 242, '2018', 1, '3', 'Dia da Água', 'Realizar campanha de conscientização do Dia da Água.', 'Wagner Oliveira', '2017-04-06 00:00:00', '2017-03-20', 'Fechado'),
	(236, 242, '2018', 1, '4', 'Vazamento de água nas Torres de Resfriamento', 'Realizar o conserto e/ou substituição do encanamento que esta vazando de forma intermitente na área das Torres de Resfriamento.', 'Leandro Pereira', '2017-04-06 00:00:00', '2017-06-06', 'Fechado'),
	(237, 243, '2018', 1, '1', 'Não se sabe quais máquinas ficam ligadas e o porquê da necessidade de ficarem ligadas após a jornada de trabalho.', 'Realizar levantementos das máquinas', 'Wagner Oliveira', '2016-05-09 00:00:00', '2018-12-15', 'Aberto'),
	(238, 243, '2018', 1, '2', 'Elaboração de projeto para o uso de placas solares para o abastecimento de energia das lâmpadas externas da fábrica.', 'Colocar painéis solares nos postes das luzes da rua para reaproveitar a luz solar.', 'Leando Pereira', '2016-05-09 00:00:00', '2018-12-15', 'Aberto'),
	(239, 244, '2018', 1, '1', 'Falta de Identificação dos resíduos na baia de cavacos', 'Identificar', 'Daniela H / Marcio G.', '2016-04-16 00:00:00', '2016-04-20', 'Fechado'),
	(240, 244, '2018', 1, '2', 'Graxeira sem bacia de contenção', 'Fazer bacia de contenção nas graxeiras', 'Wagner Oliveira', '2016-05-03 00:00:00', '2016-09-20', 'Fechado'),
	(241, 244, '2018', 1, '3', 'Excesso de Borra Oleosa no tanque separador de água e óleo', 'Retirada da Borra oleosa do tanque e envio para Cooprocessamento', 'Márcio G.', '2016-05-10 00:00:00', '2017-12-30', 'Fechado'),
	(242, 244, '2018', 1, '4', 'Mistura dos resíduos durante a Coleta dos resíduos pela terceirizada no interior da fábrica e nos escritórios', 'Realizar treinamento de educação ambiental específico para a  empresa terceirizada AST.', 'Daniela H / Marcio G.', '2016-05-10 00:00:00', '2016-05-30', 'Fechado'),
	(243, 244, '2018', 1, '5', 'Plano de Gerenciamento de resíduos desatualizado', 'Atualizar o plano de gerenciamento dos resíduos sólidos - PGRS-2016', 'Wagner Oliveira', '2016-05-10 00:00:00', '2016-06-10', 'Fechado'),
	(244, 244, '2018', 1, '6', 'Coletores de borra de retífica não estão padronizados.', 'Pintar os coletores e identificar de forma padrão.', 'Márcio G.', '2016-05-10 00:00:00', '2016-06-25', 'Fechado'),
	(245, 244, '2018', 1, '7', 'Fornecedor informa os pesos de forma errada e não realiza a prensagem prévia.', 'Realizar a troca do fornecedor', 'Márcio G.', '2016-05-10 00:00:00', '2017-11-15', 'Fechado'),
	(246, 244, '2018', 1, '8', 'Resíduo Classe I sem cobertura', 'Troca caçamba de local e diminuir o tamanho do container', 'Daniela H. / Marcio G', '2016-07-05 00:00:00', '2016-10-15', 'Fechado'),
	(247, 244, '2018', 1, '9', 'Embalagens de óleo protetivos sem identificação ', 'Identificar todos as embalagens de óleo e graxas na empresa ', 'Daniela', '2016-07-05 00:00:00', '2016-07-29', 'Fechado'),
	(248, 244, '2018', 1, '10', 'Diferenciar os carrinhos de cavacos de alumínio', 'Pintar carrinhos de cavaco de alumínio', 'Márcio G.', '2017-05-25 00:00:00', '2017-05-29', 'Fechado'),
	(249, 245, '2018', 1, '1', 'Easy Clean saturado e borra', 'Realizar a limpeza e remoção da borra do Easy Clean', 'Márcio G.', '2016-05-10 00:00:00', '2016-12-30', 'Fechado'),
	(250, 245, '2018', 1, '2', 'Excesso de borra oleosa acumulado no tanque separador de água e óleo', 'Retirada do efluente bruto e envio para tratamento externo (Flucor)', 'Wagner Oliveira', '2016-05-10 00:00:00', '2016-12-30', 'Fechado'),
	(251, 245, '2018', 1, '3', 'Excesso de borra de E.T.E no tanque de equalização', 'Envio do efluente bruto para tratamento externo e o total esgotamento do tanque.', 'Márcio G.', '2016-05-10 00:00:00', '2018-12-15', 'Aberto'),
	(252, 245, '2018', 1, '4', 'Tanque em péssimas condições para a correta estanqueidade do efluente', 'Realizar a compra de um Tanque aéreo para ser instalado no local de aproximadamente 20m³ - (R$ 23.000,00)', 'Márcio G.', '2016-05-10 00:00:00', '2017-02-15', 'Fechado'),
	(253, 245, '2018', 1, '5', 'Falta de informação precisa da quantidade de efluente descartado da fábrica durante a limpeza das máquinas e piso.', 'Criar um método de controle da quantidade de efluente descartado na área de descarte de efluente da fábrica.', 'Wagner Oliveira', '2016-05-10 00:00:00', '2018-12-15', 'Aberto'),
	(254, 245, '2018', 1, '6', 'Quando chove a água cai para dentro dos tanques aumentando ainda mais a quantidade de efluente.', 'Colocar uma nova cobertura na E.T.E. Na área do físico-químico', 'Márcio G.', '2016-05-10 00:00:00', '2016-12-30', 'Fechado'),
	(255, 245, '2018', 1, '7', 'Oxidação do Tanque Biológico', 'Esgotamento do tanque biológico e troca do mesmo ', 'Márcio Garcez', '2016-08-30 00:00:00', '2018-12-30', 'Aberto'),
	(256, 245, '2018', 1, '8', 'Phmetro sem calibração', 'Calibração Phmêtro', 'Márcio G.', '2016-10-27 00:00:00', '2018-12-15', 'Aberto'),
	(257, 245, '2018', 1, '9', 'Tanque de óleo de uso temporário sem bacia de contenção.', 'Desativação de tanque de óleo (temporário)', 'Márcio G.', '2016-10-27 00:00:00', '2017-04-15', 'Fechado'),
	(258, 245, '2018', 1, '11', 'Efluente com arraste de lodo', 'Aquisição de um decantado 7m³', 'Márcio G.', '2017-02-21 00:00:00', '2017-03-02', 'Fechado'),
	(259, 245, '2018', 1, '12', ' Tanque de óleo sem contenção e estado precário', 'Aquisição de um tanque de óleo e contenção para o mesmo', 'Márcio G', '2017-05-18 00:00:00', '2017-05-22', 'Fechado'),
	(260, 245, '2018', 1, '13', 'Necessidade de novo tanque de acumulo', 'Aquisição de um tanque de acumulo 7m³', 'Márcio G.', '2017-05-25 00:00:00', '2017-05-29', 'Fechado'),
	(261, 245, '2018', 1, '14', 'Falta de informação sobre o volume de efluente descartados das lavadoras', 'Criar/desenvolver planilha de controle dos efluentes das lavadoras com programação de descarte de banho.', 'Márcio/Daniela', '2017-09-06 00:00:00', '2018-12-15', 'Aberto'),
	(262, 245, '2018', 1, '15', 'Parâmetros da ETE encontram-se fora do especificado', 'Realizar análise do processo/metodologia de tratamento efluentes (mais modernos)', 'Márcio Garcez', '2017-11-07 00:00:00', '2018-03-15', 'Aberto'),
	(263, 245, '2018', 1, '10', 'Indicador do consumo de energia elétrica tem ficado a cima do especificado', 'Elaborar plano de ação específico para a linha de semi-eixos (redução do consumo de energia)', 'Michel Barreto/Wagner Oliveira', '2017-11-07 00:00:00', '2018-01-15', 'Aberto'),
	(264, 245, '2018', 1, '17', 'Indicador de consumo de energia elétrica tem ficado a cima da meta. ', 'Projeto de melhoria do aquecimento de água em vestiários', 'Michel Barreto', '2017-11-07 00:00:00', '2018-03-15', 'Aberto'),
	(265, 245, '2018', 1, '16', 'Algumas máquinas possuem vazamentos', 'Plano de Manutenção de Máquinas', 'Michel Barreto', '2017-11-07 00:00:00', '2018-12-15', 'Aberto'),
	(266, 245, '2018', 1, '18', 'Identificou-se que o descarte de efluente dentro da fábrica tem sido realizado de forma equivocada, fazendo com que se prejudica-se a tratabilidade da ETE', 'Treinamentos das instruções de operação nas linhas de produção', 'Daniela Hennemann/ Marcio Garcez', '2018-03-07 00:00:00', '2018-12-15', 'Aberto'),
	(267, 245, '2018', 1, '19', 'Tanque do Sistema Biológico está com baixa eficiência', 'Realizar troca do Tanque do tratamento biológico ETE', 'Marcio Garcez', '2017-11-07 00:00:00', '2018-03-15', 'Aberto'),
	(268, 243, '2018', 1, '3', 'Ar comprimido sendo usado de forma inadequada', 'Orientar terceiros (ar comprimido)', 'Wagner', '2016-10-27 00:00:00', '2016-12-15', 'Fechado'),
	(269, 243, '2018', 1, '4', 'Algumas máquinas possuem vazamentos', 'Plano de Manutenção de Máquinas', 'Michel Barreto', '2017-11-07 00:00:00', '2018-12-15', 'Aberto'),
	(270, 243, '2018', 1, '5', 'Indicador de consumo de energia elétrica tem ficado a cima da meta. ', 'Projeto de melhoria do aquecimento de água em vestiários', 'Michel Barreto', '2017-11-07 00:00:00', '2018-12-15', 'Aberto'),
	(271, 243, '2018', 1, '6', 'A abrangência do sistema de Eficiência Energética. Além disso', 'Projeto de eficiência energética (substituição das lâmpadas vapor de mercúrio por lâmpadas de LED+luximetro)', 'Michel Barreto', '2017-11-07 00:00:00', '2018-12-15', 'Aberto');
/*!40000 ALTER TABLE `tb_plano_acao` ENABLE KEYS */;

-- Copiando estrutura para tabela indicador.tb_users
CREATE TABLE IF NOT EXISTS `tb_users` (
  `userID` int(11) NOT NULL AUTO_INCREMENT,
  `login` varchar(25) DEFAULT NULL COMMENT 'Login',
  `permissao` int(11) NOT NULL DEFAULT '0' COMMENT 'Permissão',
  `priName` varchar(50) DEFAULT NULL COMMENT 'Nome',
  `ulName` varchar(50) DEFAULT NULL COMMENT 'Sobrenome',
  `email` varchar(50) DEFAULT NULL COMMENT 'e-mail',
  `dataCadastro` timestamp NULL DEFAULT CURRENT_TIMESTAMP COMMENT 'Data Cadastro',
  PRIMARY KEY (`userID`)
) ENGINE=InnoDB AUTO_INCREMENT=11 DEFAULT CHARSET=latin1 COMMENT='Cadastro de usuarios';

-- Copiando dados para a tabela indicador.tb_users: ~10 rows (aproximadamente)
/*!40000 ALTER TABLE `tb_users` DISABLE KEYS */;
INSERT INTO `tb_users` (`userID`, `login`, `permissao`, `priName`, `ulName`, `email`, `dataCadastro`) VALUES
	(1, 'nzxrf5', 0, 'Carlos', 'Carvalho', 'carlos.carvalho@nexteer.com', NULL),
	(2, 'fz1dq3', 0, 'Giovanni', 'Souza', 'giovanni.souza@nexteer.com', '2017-05-22 14:46:49'),
	(3, 'wztpwg', 0, 'Jean', 'Fernandes', 'jean.fernandes@nexteer.com', '2017-05-22 14:47:43'),
	(4, 'tz94zk', 0, 'Jeferson', 'Oliveira', 'jeferson.oliveira@nexteer.com', '2017-05-22 14:47:43'),
	(5, 'nzgm20', 0, 'Vinicius', 'Aimi', 'vinicius.aimi@nexteer.com', '2017-05-22 14:47:43'),
	(6, 'nz952n', 0, 'Mauro', 'Antonini', 'mauro.antonini@nexteer.com', '2017-05-22 14:47:43'),
	(7, 'mzfhqy', 0, 'Marcia', 'Jardim', 'marcia.jardim@nexteer.com', '2017-05-22 14:47:43'),
	(8, 'nz3451', 0, 'Leandro', 'Jaskulski', 'leandro.jaskulski@nexteer.com', '2017-05-22 14:47:43'),
	(9, 'wz38lx', 0, 'Michel', 'Andreis Barreto', 'michel.barreto@nexteer.com', '2017-05-22 14:47:43'),
	(10, 'dzbwrc', 0, 'Sabrina', 'Silva', 'Sabrina.Silva@nexteer.com', '2017-05-22 14:47:43');
/*!40000 ALTER TABLE `tb_users` ENABLE KEYS */;

-- Copiando estrutura para tabela indicador.user
CREATE TABLE IF NOT EXISTS `user` (
  `ID` int(11) unsigned NOT NULL AUTO_INCREMENT,
  `id_company` int(11) unsigned DEFAULT '0' COMMENT 'Unidade',
  `group` varchar(64) NOT NULL DEFAULT 'comum' COMMENT 'Grupo',
  `name` varchar(155) DEFAULT NULL COMMENT 'Nome',
  `email` varchar(155) NOT NULL COMMENT 'E-mail',
  `username` varchar(50) NOT NULL COMMENT 'Usuário',
  `auth_key` varchar(32) NOT NULL COMMENT 'Chave Autenticação',
  `password_hash` varchar(255) NOT NULL COMMENT 'Hash Senha',
  `password_reset_token` varchar(255) DEFAULT NULL COMMENT 'Senha Token Reset',
  `image` varchar(100) DEFAULT NULL COMMENT 'Imagem',
  `status` smallint(6) NOT NULL DEFAULT '10' COMMENT 'Status Usuário',
  `created_at` int(11) NOT NULL COMMENT 'Created',
  `updated_at` int(11) NOT NULL COMMENT 'Updated',
  `active` char(1) NOT NULL DEFAULT 'Y' COMMENT 'Ativo',
  PRIMARY KEY (`ID`),
  UNIQUE KEY `usuario` (`username`),
  UNIQUE KEY `email` (`email`),
  KEY `fk004_usuario_empresa` (`id_company`),
  CONSTRAINT `fk001_user_company` FOREIGN KEY (`id_company`) REFERENCES `company` (`ID`)
) ENGINE=InnoDB AUTO_INCREMENT=11 DEFAULT CHARSET=latin1 COMMENT='Usuários';

-- Copiando dados para a tabela indicador.user: ~9 rows (aproximadamente)
/*!40000 ALTER TABLE `user` DISABLE KEYS */;
INSERT INTO `user` (`ID`, `id_company`, `group`, `name`, `email`, `username`, `auth_key`, `password_hash`, `password_reset_token`, `image`, `status`, `created_at`, `updated_at`, `active`) VALUES
	(1, 0, 'admin', 'Carlos Carvalho', 'carlos.carvalho@nexteer.com', 'nzxrf5', 'UGX0QmvvjXGRHmnEmEYsHddLjfEMURFw', '$2y$13$cXO.FvWi6PynP2QbGduGn.2khFoBOQdmsmPsP2tC2.qMyTqtgK0VO', NULL, NULL, 10, 0, 0, 'Y'),
	(2, 0, 'administrativo', 'Giovanni Souza', 'giovanni.souza@nexteer.com', 'fz1dq3', 'PBuIqw0_0eq11S4YFDWMRca99OyPCVxC', '$2y$13$JDz4v6tTT3yYJt2ZjbM0.eoGBH3Bk15/d7FM4b0/RxQtw100DyYey', NULL, NULL, 10, 1521301722, 1521301722, 'Y'),
	(3, 0, 'administrativo', 'Jean Fernandes', 'jean.fernandes@nexteer.com', 'wztpwg', 'zsSKOTT-pvYT_brYpID1KkBhaV5T00rj', '$2y$13$Pnv6mbjPoCBGo40g2RudOueKA5n57sH98Wgc/Kj6UZadk6/npfbSm', NULL, NULL, 10, 1521301785, 1521301785, 'Y'),
	(4, 0, 'administrativo', 'Jeferson Oliveira', 'jeferson.oliveira@nexteer.com', 'tz94zk', 'wOwT-6jeCWYcPyPZA_3le7HpX0NiL43u', '$2y$13$zgE.rJHfuClE/xul46uLdORG8cG2likkNWl.0N9XVQBcXvdQ/Z/1q', NULL, NULL, 10, 1521301824, 1521301824, 'Y'),
	(5, 0, 'administrativo', 'Vinicius Aimi', 'vinicius.aimi@nexteer.com', 'nzgm20', 'uNb9U-S77PdVrbLzTlr1_C1fKeSoRr25', '$2y$13$DHW4PH28Rq.XYIMtnit4Gux3nl0.JOO1ZLs6DG/Nwk9bij2WvtYDK', NULL, NULL, 10, 1521301859, 1521301859, 'Y'),
	(6, 0, 'administrativo', 'Mauro Antonini', 'mauro.antonini@nexteer.com', 'nz952n', 'NUsujiLy2rBDGqn5idtNlENltFAQP6a3', '$2y$13$UtO8ZesEvAIGl6HL9ADI5e4Y2g/8sl/yrxE/xjXXKlkIY3Jh//iZi', NULL, NULL, 10, 1521301889, 1521301889, 'Y'),
	(7, 0, 'administrativo', 'Marcia Jardim', 'marcia.jardim@nexteer.com', 'mzfhqy', 'z2R0-A7jHFIa1Qmepx4KMPtNwwd-nE-Q', '$2y$13$yLz6zmTN310TJ7ase3Z6FO9fjLMA0VdW3icD.2/tz9PnGmZ.6kkcO', NULL, NULL, 10, 1521301919, 1521301919, 'Y'),
	(8, 0, 'administrativo', 'Leandro Jaskulski', 'leandro.jaskulski@nexteer.com', 'nz3451', 'VWR3Epc4I-OIeMYHXEB3GSKapALpA8eu', '$2y$13$g4MVIPkgnhEYXNfBP.TJIebvj/HkQQ8kuXCuYyiROgshDmFGg0Ebq', NULL, NULL, 10, 1521301959, 1521301959, 'Y'),
	(9, 0, 'administrativo', 'Michel Andreis Barreto', 'michel.barreto@nexteer.com', 'wz38lx', '9eioNHVwSLDNPj3PAR0deECeMD0DiK86', '$2y$13$LxHqP9zCcQm1.NYqb3v3o.42Nf2VhWxZryAqJAOJN/k2falwn0/rC', NULL, NULL, 10, 1521301998, 1521301998, 'Y'),
	(10, 0, 'admin', 'Sabrina Silva', 'Sabrina.Silva@nexteer.com', 'dzbwrc', '3P-z-JQ96hUW9hKj6N1K6a7Ddf1zWn60', '$2y$13$jI19oYBg3HbFUoOaenGiqOvrxwsUDbJwaT.5/gtg3SK1zMf6p1JnG', NULL, NULL, 10, 1521302067, 1521302067, 'Y');
/*!40000 ALTER TABLE `user` ENABLE KEYS */;

/*!40101 SET SQL_MODE=IFNULL(@OLD_SQL_MODE, '') */;
/*!40014 SET FOREIGN_KEY_CHECKS=IF(@OLD_FOREIGN_KEY_CHECKS IS NULL, 1, @OLD_FOREIGN_KEY_CHECKS) */;
/*!40101 SET CHARACTER_SET_CLIENT=@OLD_CHARACTER_SET_CLIENT */;
